# Blender 4.3.0
# www.blender.org
mtllib MushroomIsland.mtl
o MushroomIsland
v -0.266752 0.825599 -4.287513
v 0.044965 -0.002301 -3.984910
v -0.445104 -1.024260 -1.879147
v -0.258349 -1.209427 -1.376396
v 0.151445 0.968470 -3.789901
v -0.007667 0.684311 -4.382187
v -0.054787 -0.641925 -3.000089
v -0.027514 -0.819557 -2.205394
v 0.074099 -0.916735 -1.981413
v 0.337873 0.423448 -4.358887
v 0.253903 0.157947 -4.226597
v 0.338230 -0.152465 -3.938795
v -0.081753 -0.267637 -3.779988
v 0.326260 -0.418177 -3.542296
v 0.430758 0.887100 -3.780818
v 0.502398 0.744274 -4.213705
v 0.736079 0.478585 -4.197378
v 0.870859 -0.156003 -3.873034
v 0.380577 -0.548474 -2.942505
v 0.384626 -0.703900 -2.504009
v 0.105167 -1.214013 -1.213476
v 0.021432 -1.389435 -0.493314
v 0.882344 -0.426249 -3.392512
v 0.357577 -0.864460 -2.180305
v 0.256684 -1.127877 -1.582003
v 0.966653 0.960614 -3.551752
v 0.994405 0.846599 -3.715746
v 1.006751 0.575343 -4.003233
v 1.164426 0.049436 -3.893259
v 1.314693 -0.108565 -3.660621
v 0.616502 -0.910187 -1.861941
v 0.341986 -1.193897 -1.181284
v 1.331490 0.371289 -3.675889
v 1.511712 0.080724 -3.584578
v 1.327691 -0.301763 -3.302640
v 1.029107 -0.546984 -2.968843
v 1.441342 0.556997 -3.603374
v 0.619597 -1.031783 -1.531800
v 0.039394 -1.460027 -0.302438
v 1.327856 0.918399 -3.427649
v 1.832613 0.529705 -3.301149
v 1.738385 -0.104278 -3.252006
v 1.661730 -0.316753 -2.995255
v 1.300716 -0.693951 -2.569199
v 0.867748 -0.761828 -2.307983
v 0.445227 -1.214753 -0.955092
v 0.096277 -1.318110 -0.732757
v 1.591982 0.843959 -3.220985
v 1.995939 0.757255 -3.111375
v 2.097935 0.305837 -3.202842
v 1.755678 -0.511275 -2.690902
v 1.603012 -0.671017 -2.370652
v 1.089628 -0.846052 -1.746238
v 0.963034 -1.013863 -1.483781
v 2.130770 0.526384 -3.176814
v 0.647802 -1.088065 -1.105251
v 2.068168 0.936467 -2.571701
v 2.219031 0.819005 -2.780635
v 2.361362 0.253536 -3.059118
v 2.097944 -0.086622 -2.988720
v 2.003354 -0.262162 -2.690724
v 2.615525 0.044260 -2.724533
v 2.356230 -0.274241 -2.366661
v 1.870436 -0.564504 -2.295059
v 1.727311 -0.648994 -1.944749
v 1.402731 -0.743374 -1.677053
v 0.305789 -1.459049 -0.465079
v 2.667949 0.697529 -2.592371
v 2.860469 0.426113 -2.647593
v 2.937083 0.331321 -2.574114
v 1.980952 -0.512082 -1.806273
v 1.095432 -1.047695 -1.299676
v 0.542339 -1.349033 -0.689396
v 2.805801 -0.053214 -2.199268
v 1.001974 -1.158980 -0.956608
v 0.822322 -1.240003 -0.848230
v 2.703728 0.768953 -2.220543
v 3.035649 0.211976 -2.157446
v 2.429035 -0.343474 -2.032759
v 1.557110 -1.004649 -1.206864
v 2.935766 0.682528 -2.140367
v 3.095213 0.517916 -2.032665
v 2.864875 -0.173955 -1.915071
v 1.864374 -0.746292 -1.629009
v 1.421543 -1.146763 -1.014463
v 2.803731 0.945373 -1.573951
v 3.414799 0.621957 -1.667786
v 3.421568 0.324724 -1.751228
v 3.170159 0.001501 -1.872714
v 2.698573 -0.302827 -1.543833
v 2.247433 -0.445751 -1.512531
v 0.881331 -1.334096 -0.517982
v 3.222617 0.878407 -1.274046
v 3.248739 0.039573 -1.616970
v 3.018227 -0.151111 -1.341307
v 1.896921 -0.932878 -1.039227
v 3.513204 0.757987 -1.375674
v 3.584749 0.436401 -1.447729
v 3.498838 0.225979 -1.402637
v 2.703143 -0.395186 -0.962337
v 2.288444 -0.615002 -1.076950
v 2.157062 -0.821526 -0.824261
v 1.672443 -1.131259 -0.754875
v 0.655894 -1.448256 -0.433892
v 3.264993 0.044626 -1.085713
v 3.012905 -0.258271 -0.907028
v 1.172872 -1.165364 -0.716237
v 3.014798 1.002309 -0.879775
v 3.632975 0.391634 -0.884828
v 3.452175 0.160894 -0.936140
v 3.051132 -0.407986 -0.611200
v 2.620599 -0.620831 -0.654125
v 1.751455 -1.152137 -0.575288
v 3.261337 0.872221 -0.735305
v 3.508156 0.661148 -0.470950
v 3.541792 0.301866 -0.473297
v 3.414564 -0.048510 -0.421367
v 2.339550 -0.876707 -0.373185
v 1.994802 -1.094191 -0.318599
v 1.399601 -1.200417 -0.422091
v 3.561051 0.212100 -0.139334
v 3.145478 -0.413791 -0.153907
v 3.012265 -0.555040 -0.303952
v 2.692993 -0.674112 -0.264123
v 3.294098 0.712393 -0.148211
v 3.355847 0.599714 -0.091499
v 3.529547 0.502882 -0.307124
v 3.465804 0.081606 -0.215503
v 1.031267 -1.365601 -0.178019
v 0.563664 -1.463818 -0.172255
v 3.502928 0.383547 0.236939
v 3.515443 0.209591 0.222845
v 3.419815 0.033106 0.309425
v 3.026196 -0.376196 0.273396
v 2.692909 -0.622688 0.135608
v 2.099156 -1.102233 -0.007960
v 3.243772 0.746382 0.390813
v 3.316975 0.580756 0.353886
v 3.660338 0.368846 0.594658
v 3.586517 0.078448 0.560618
v 2.555484 -0.737932 0.282687
v 1.793308 -1.184918 0.148887
v 1.530151 -1.234821 -0.054567
v 3.200189 -0.277793 0.610211
v 2.030529 -1.159518 0.201993
v 0.034150 -1.470246 -0.097261
v 3.553555 0.090906 0.904541
v 2.270164 -0.925964 0.424088
v 0.373682 -1.499355 -0.088633
v 3.244416 0.818261 0.728315
v 3.645862 0.374533 0.914043
v 3.376633 -0.073243 0.864657
v 3.276241 -0.160826 1.033228
v 2.899101 -0.503169 0.608418
v 2.634037 -0.634702 0.549952
v 1.569104 -1.257888 0.295869
v 3.161270 0.767986 1.121632
v 3.441316 0.554204 0.998973
v 3.402583 0.113837 1.258874
v 2.977772 -0.338937 1.016762
v 1.741761 -1.161161 0.440753
v 2.931613 0.831049 1.277684
v 3.342053 0.427095 1.482946
v 2.830639 -0.469707 1.070670
v 2.319746 -0.835625 0.746099
v 1.233441 -1.301697 0.360532
v 0.931700 -1.408111 0.099365
v 3.227510 0.622939 1.464996
v 3.278766 -0.028234 1.436446
v 2.565778 -0.534295 1.139844
v 2.306119 -0.580131 1.310390
v 1.951325 -0.951836 0.845445
v 3.252410 0.311888 1.602402
v 3.007798 -0.247038 1.564058
v 0.645291 -1.510661 0.218802
v 2.851973 0.651828 1.836328
v 2.982213 0.472797 1.988434
v 3.160563 0.079219 1.867271
v 3.021612 -0.156833 1.903861
v 2.551045 -0.490402 1.480178
v 1.582166 -1.180734 0.758789
v 1.200774 -1.336296 0.719422
v 2.622528 0.594038 2.054951
v 2.750988 -0.300474 1.899584
v 2.335692 0.569534 2.400002
v 2.629823 0.423778 2.261648
v 2.773285 0.306096 2.249534
v 1.857714 -0.826831 1.214703
v 1.597708 -1.034012 1.075358
v 1.050138 -1.381890 0.639313
v 0.227595 -1.511368 0.081590
v 2.255888 0.304809 2.529173
v 2.445463 0.040899 2.511432
v 2.370468 -0.424250 2.163615
v 2.113952 -0.570869 1.782727
v 1.615425 -0.814012 1.474435
v 1.153459 -1.275654 0.943549
v 2.023538 0.470894 2.800974
v 2.631239 -0.142705 2.251932
v 2.079753 -0.348840 2.421784
v 1.790604 -0.666653 1.812910
v 0.694529 -1.424491 0.558197
v 1.419963 -1.041362 1.192006
v 1.834595 0.568082 3.029606
v 1.861264 0.288772 3.065194
v 1.979427 0.069405 2.788586
v 1.994391 -0.271848 2.678412
v 1.698192 -0.483482 2.374677
v 1.137043 -1.193745 1.245859
v 1.703644 0.752228 2.879107
v 1.605491 -0.352045 2.735803
v 1.381826 -0.570315 2.687174
v 1.411783 -0.733064 2.208207
v 1.367528 -0.807988 1.864668
v 1.240519 -0.944666 1.692553
v 1.633526 0.570053 3.236289
v 1.614503 0.165322 3.263181
v 1.821578 -0.036479 2.908539
v 1.613637 -0.197228 2.934685
v 1.202875 -0.614481 2.755173
v 1.325795 -0.370307 2.909459
v 1.127347 -0.728368 2.380168
v 0.931104 -0.827782 2.002049
v 1.010906 -1.109901 1.548777
v 0.610142 -1.342386 0.916477
v 0.379919 -1.488842 0.360618
v 1.153526 0.752937 3.243154
v 1.198607 0.555441 3.478407
v 0.964689 0.117702 3.575349
v 1.104836 -0.181853 3.430405
v 0.757202 -1.045848 1.810455
v 0.682690 -1.265914 1.370394
v 0.644813 0.187515 3.660189
v 0.950518 -0.323697 3.343522
v 0.819172 -0.541164 3.270592
v 0.891315 0.449600 3.554634
v 0.587626 -0.094458 3.550417
v 0.833126 -0.837129 2.627976
v 0.728246 -0.908602 2.228299
v 0.287480 -1.400338 0.933706
v 0.360979 -1.415106 0.573194
v 0.632905 0.642156 3.484029
v 0.560678 -0.923585 2.420676
v 0.327242 0.540403 3.668187
v 0.259905 -0.045433 3.767467
v 0.636949 -0.519979 3.357652
v 0.497836 -0.745544 3.118179
v 0.357558 -0.859471 2.678406
v 0.249290 -1.232811 1.552969
v 0.259103 -1.310309 1.214935
v 0.365548 0.300174 3.805202
v 0.297757 -0.281890 3.566687
v 0.215299 -1.095282 2.235530
v 0.282511 -1.127556 1.908045
v -0.008439 -1.464888 0.476816
v -0.024785 0.077271 3.884702
v -0.104613 -0.235498 3.735354
v -0.029378 0.554053 3.827805
v 0.052891 -0.005269 3.857905
v -0.120455 -0.439089 3.489474
v 0.003303 -0.817554 3.095495
v -0.005322 -0.950959 2.665481
v -0.245670 0.718017 3.349766
v -0.037508 -1.148176 1.754070
v -0.076890 -1.341863 1.201399
v -0.499721 0.582089 3.665820
v -0.206881 0.270423 4.001888
v -0.488266 0.039814 3.933857
v -0.396937 -0.826025 2.933734
v -0.387573 -0.994115 2.394023
v -0.111454 -1.365709 1.000897
v -0.535799 0.430515 3.843866
v -0.483158 -0.212290 3.676202
v -0.584788 -0.477437 3.463321
v -0.873948 0.504224 3.431344
v -0.913081 0.161930 3.876638
v -0.763670 -0.677912 3.091546
v -0.678509 -0.929920 2.667004
v -0.324719 -1.190595 1.489106
v -0.195158 -1.440633 0.685964
v -0.756968 0.583454 3.258304
v -1.001481 -0.066229 3.779754
v -0.912283 -0.375960 3.438592
v -0.556184 -1.076109 1.778008
v -1.149747 -0.148924 3.634059
v -1.316405 -0.349500 3.447901
v -1.045599 -0.826014 2.726352
v -0.831809 -0.969033 1.938978
v -0.540838 -1.253192 0.988501
v -1.239478 0.736765 3.011981
v -1.204913 0.449282 3.364975
v -1.090042 0.374375 3.562696
v -1.242343 0.186688 3.596918
v -1.266968 -0.614591 3.129579
v -1.160823 0.990999 2.629380
v -1.212528 0.839909 2.798799
v -1.468023 0.363977 3.203211
v -1.502379 0.025659 3.492942
v -1.341021 -0.757109 2.579326
v -1.685157 0.214816 3.194451
v -1.523544 -0.189445 3.437603
v -1.609830 -0.484226 2.754256
v -1.497880 -0.728362 2.309634
v -0.925922 -1.024684 1.570019
v -0.960555 -1.053360 1.153107
v -0.718737 -1.270692 0.827324
v -0.388609 -1.452898 0.478042
v -1.620122 0.889448 2.495848
v -1.565720 0.576861 3.026052
v -1.737609 0.071316 3.233235
v -1.672813 -0.273213 2.899831
v -1.821868 -0.580468 2.415875
v -1.295362 -0.906629 1.810413
v -1.707245 0.681656 2.691210
v -1.879606 0.388652 2.869057
v -1.982724 -0.089073 2.773839
v -2.040621 -0.456080 2.302593
v -0.982384 -1.148858 0.936886
v -0.559809 -1.346631 0.608383
v -0.035681 -1.542561 0.185539
v -2.068115 0.803957 2.204690
v -2.093060 0.481672 2.401210
v -2.187593 0.119720 2.626279
v -2.307124 -0.086346 2.527975
v -1.825986 -0.760505 1.994231
v -1.539292 -0.981401 1.337199
v -1.355392 -1.036691 1.094927
v -0.227348 -1.474196 0.325288
v -1.892563 1.043959 1.651766
v -2.327103 0.366607 2.355027
v -2.493290 0.176182 2.324554
v -2.478298 -0.170557 2.263775
v -2.121544 -0.846165 1.761581
v -2.022438 -0.947362 1.634526
v -1.595859 -0.980406 1.067772
v -2.672678 0.241337 2.206697
v -2.700363 -0.259692 2.050334
v -2.000788 -0.960914 1.201860
v -1.277725 -1.165257 0.799974
v -0.911242 -1.248894 0.600746
v -2.250617 0.925093 1.868514
v -2.553375 0.734972 1.999747
v -2.981234 -0.165381 1.966323
v -2.817031 -0.398558 1.851504
v -2.574736 -0.659557 1.745940
v -2.213207 -0.903852 1.130416
v -1.698989 -1.030683 0.803792
v -2.705792 0.844399 1.578145
v -2.621112 0.476710 2.185157
v -2.979958 0.387739 2.005459
v -2.983982 0.154219 2.066420
v -3.207637 -0.051128 1.794519
v -2.698426 -0.551521 1.856991
v -2.623364 -0.761070 1.312230
v -1.982238 -0.991473 0.754050
v -2.890021 0.921901 1.340829
v -3.210757 0.603508 1.597306
v -2.929357 -0.546677 1.029977
v -2.586483 -0.744873 0.890761
v -2.112880 -0.900940 0.419770
v -1.359240 -1.230847 0.421151
v -1.104965 -1.292033 0.343317
v -0.574892 -1.412339 0.335209
v -3.349817 0.478728 1.606824
v -3.434097 0.197465 1.511378
v -3.166443 -0.388385 1.139599
v -2.266887 -0.797324 0.609176
v -1.848603 -0.966038 0.376833
v -2.588402 1.048740 0.884351
v -2.970918 0.963811 1.103558
v -3.345188 0.625589 1.182452
v -3.524445 0.033846 1.002596
v -3.375588 -0.206914 1.105726
v -2.987750 -0.601626 0.648413
v -0.797601 -1.440474 0.225541
v -3.311263 0.838897 0.615315
v -3.596177 0.315365 0.825106
v -3.778046 -0.273345 0.439911
v -3.410617 -0.509132 0.427610
v -2.997783 0.997253 0.313087
v -3.519842 0.682021 0.428136
v -3.778360 0.010102 0.548671
v -3.839077 -0.324394 0.058231
v -2.721116 -0.773521 0.330927
v -2.455739 -0.854148 0.160496
v -1.980959 -1.024014 0.033216
v -1.519305 -1.166934 0.161585
v -3.639158 0.726359 0.056300
v -3.753424 0.411889 0.277604
v -3.560157 -0.522481 -0.173686
v -1.760047 -1.101045 0.095288
v -1.258764 -1.283571 0.045595
v -3.310089 0.943478 -0.100380
v -3.799312 0.343480 -0.199576
v -3.957656 -0.166835 -0.335675
v -3.223769 -0.641297 -0.458534
v -2.805192 -0.745161 -0.415322
v -0.467957 -1.428638 0.140748
v -3.858783 0.605339 -0.479928
v -4.006528 0.273912 -0.586406
v -3.983986 -0.054397 -0.320169
v -3.839941 -0.404730 -0.924306
v -1.499045 -1.162812 -0.188651
v -3.104142 1.037705 -0.659220
v -3.595632 0.825313 -0.421296
v -4.025205 -0.119061 -0.965186
v -3.982436 -0.387873 -1.209006
v -3.370511 -0.629737 -0.970370
v -2.843003 -0.753253 -0.745303
v -2.463000 -0.967435 -0.516178
v -2.025384 -1.088692 -0.359308
v -0.272709 -1.491777 -0.007771
v -3.532710 0.975716 -0.971422
v -3.896466 0.711248 -0.878816
v -3.903784 0.512275 -1.193752
v -4.083137 0.296217 -1.031986
v -4.057092 0.206123 -1.353101
v -3.857489 -0.523710 -1.331891
v -2.747040 -0.742144 -1.006629
v -1.737257 -1.116046 -0.486352
v -3.689442 0.680064 -1.414583
v -4.149388 -0.005761 -1.590700
v -4.061419 -0.238582 -1.622467
v -0.954025 -1.458292 -0.110689
v -3.456781 0.929569 -1.433045
v -3.885456 0.427208 -1.619460
v -4.019624 0.134623 -1.917343
v -3.961689 -0.247535 -1.894393
v -3.439723 -0.625805 -1.404009
v -3.288095 -0.641304 -1.322475
v -3.949798 -0.126627 -2.191329
v -3.611924 -0.456691 -1.875294
v -2.734060 -0.782358 -1.382767
v -2.350459 -0.934064 -0.830772
v -1.227230 -1.359024 -0.431007
v -3.314792 1.008617 -1.998649
v -3.874733 0.480171 -2.420315
v -3.970042 0.185413 -2.382941
v -3.941502 -0.038968 -2.393061
v -3.294818 -0.632679 -1.951658
v -1.485770 -1.227236 -0.555086
v -1.018457 -1.418671 -0.457731
v -0.667804 -1.470726 -0.249891
v -3.747822 0.651173 -2.024073
v -2.944140 -0.718600 -1.917961
v -2.165911 -0.916694 -1.237208
v -1.816675 -1.002014 -0.828511
v -3.241919 0.966487 -2.406191
v -3.691238 0.653850 -2.644478
v -3.914443 0.337696 -2.821832
v -3.769607 -0.123790 -2.652676
v -3.393828 0.734134 -2.914730
v -3.807745 0.274413 -2.937629
v -3.186271 -0.539882 -2.335917
v -2.661994 -0.850622 -1.924062
v -2.247271 -0.906487 -1.548269
v -1.606151 -1.104233 -0.986157
v -3.189066 0.844691 -2.803410
v -3.194279 0.727438 -3.021200
v -3.492702 0.478030 -3.105548
v -3.409671 -0.307127 -2.757664
v -2.696041 -0.695643 -2.347280
v -1.227254 -1.251764 -0.827045
v -3.057637 0.505947 -3.116657
v -3.183757 0.315550 -3.219663
v -3.480296 0.050581 -3.068602
v -2.293877 -0.827173 -2.144766
v -1.620510 -1.127931 -1.329882
v -3.075356 -0.199411 -3.241436
v -2.906358 -0.559571 -2.752856
v -1.814645 -1.037422 -1.724606
v -0.418239 -1.476242 -0.251802
v -0.295401 -1.486052 -0.169472
v -2.759485 0.595209 -3.184883
v -2.948870 0.177409 -3.406532
v -2.788367 -0.435494 -3.143177
v -2.467967 -0.746383 -2.482702
v -1.398699 -1.174160 -1.280195
v -2.575120 0.085959 -3.558012
v -2.622602 -0.222310 -3.409406
v -2.456863 -0.526297 -3.024204
v -2.195584 -0.726480 -2.617829
v -1.777859 -0.902093 -2.242182
v -1.457310 -1.142558 -1.687976
v -0.765531 -1.376322 -0.701136
v -2.244838 0.681232 -3.486028
v -2.393920 0.348161 -3.652008
v -2.354159 -0.114456 -3.552384
v -1.618698 -1.003791 -1.922734
v -1.632522 0.934900 -3.644958
v -1.882168 0.615543 -3.896918
v -2.021191 0.170924 -3.907584
v -1.967534 -0.561096 -3.220002
v -1.867752 -0.706796 -2.881755
v -1.821762 -0.767068 -2.572002
v -1.522267 -0.838438 -2.334302
v -0.803437 -1.353468 -1.072038
v -1.709491 0.520364 -4.043240
v -1.666620 0.268157 -3.975582
v -1.978629 -0.120443 -3.658445
v -1.010892 -1.291953 -1.199584
v -1.385590 0.838155 -3.838105
v -1.457153 0.089833 -3.843125
v -1.561575 -0.236110 -3.444738
v -1.496101 -0.438138 -3.237494
v -1.267655 -0.606395 -2.645602
v -0.916583 -1.133802 -1.556038
v -0.555734 -1.375055 -0.691169
v -0.987031 0.804771 -3.943990
v -1.140640 0.579926 -4.042184
v -1.120710 0.366922 -4.036677
v -1.470563 -0.571199 -3.025761
v -1.070880 -0.786318 -2.261006
v -0.573237 -1.282014 -1.414372
v -0.735655 0.669379 -4.194571
v -1.030741 -0.084631 -3.741593
v -1.097340 -1.042262 -1.856397
v -0.815776 1.032420 -3.799422
v -0.608046 0.426986 -4.294127
v -0.688516 0.276857 -4.242034
v -0.939524 0.152884 -3.933493
v -1.034922 -0.390039 -3.460859
v -0.795069 -0.574934 -2.909331
v -0.603757 -0.748974 -2.355652
v -0.320436 0.504460 -4.364416
v -0.696627 -0.096001 -3.745016
v -0.706503 -0.961281 -1.923183
v -0.491211 -1.136475 -1.645570
v -0.355917 0.590406 -4.409135
v -0.180302 0.104589 -4.117372
v -0.160935 -0.051595 -3.958614
v -0.296454 -0.457592 -3.516038
v -0.356090 -0.727910 -2.631195
v -0.213706 -1.262965 -1.034543
v -0.243803 -1.322517 -0.756359
v -0.344029 0.915245 -4.113696
v -0.103317 1.349569 -1.145774
v -0.222205 1.305792 -1.465519
v 0.108856 1.338403 -2.030157
v 0.328197 1.271013 -2.642864
v -0.430920 1.352441 -2.604760
v 0.046664 1.283593 -2.918093
v 0.177429 1.165599 -3.246254
v 0.475187 1.018372 -3.418591
v -0.082562 1.085036 -3.591060
v 0.152311 1.004066 -3.789257
v 0.566071 1.180128 -2.889145
v 0.045086 1.548886 -0.490019
v -0.237366 1.448297 -0.714640
v 0.431624 0.922696 -3.780174
v 0.106786 1.516452 -0.707749
v 0.078466 1.367047 -1.478099
v 0.299654 1.274453 -2.359581
v 1.075778 1.123522 -3.176036
v 0.416607 1.369928 -1.839187
v 0.967518 0.996210 -3.551108
v 0.160711 1.409541 -1.036051
v 0.510042 1.362498 -1.408430
v 0.849027 1.270739 -2.479467
v 1.143786 1.225064 -2.780988
v 0.787710 1.416064 -1.714510
v 0.736175 1.326717 -2.100790
v 1.328721 0.953995 -3.427006
v 0.679148 1.323233 -1.190855
v 1.177888 1.220677 -2.052425
v 0.427528 1.410813 -0.817477
v 1.602286 1.166426 -2.435400
v -0.113609 1.597558 -0.129903
v -0.186599 1.595164 -0.326488
v 1.585714 1.213154 -2.053449
v 2.069033 0.972063 -2.571057
v 1.142749 1.353602 -1.662197
v 0.052911 1.591058 -0.170999
v 0.697941 1.496097 -0.537842
v 2.704593 0.804549 -2.219899
v 1.069443 1.349687 -1.278329
v 1.948015 1.100903 -2.029491
v 1.533138 1.288352 -1.528373
v 2.293556 0.890212 -2.075316
v 0.374329 1.536342 -0.342098
v 0.990722 1.429402 -0.757978
v 2.164649 1.132592 -1.709623
v 2.337342 0.968667 -1.807673
v 1.834662 1.286588 -1.381155
v 2.549871 1.196842 -1.380691
v 2.804596 0.980969 -1.573307
v 0.466578 1.557523 -0.128515
v 2.095900 1.337107 -1.244900
v 1.289077 1.394492 -0.695808
v 2.000083 1.366583 -0.825420
v 3.514069 0.793583 -1.375029
v 2.656138 1.240880 -1.081297
v 3.223482 0.914002 -1.273402
v 1.610087 1.351828 -0.574761
v 3.015663 1.037905 -0.879131
v 2.300955 1.273731 -0.720660
v 1.478580 1.312210 -0.311502
v 2.883806 1.169891 -0.610065
v 2.675196 1.239517 -0.584157
v 3.262202 0.907816 -0.734661
v 1.010876 1.450896 0.115129
v 3.112497 0.874883 0.036665
v 3.509021 0.696744 -0.470306
v 2.704376 1.078104 -0.103344
v 3.023354 0.999034 -0.086866
v 0.773673 1.487006 -0.062862
v 2.173964 1.249661 -0.213455
v 1.989651 1.259851 0.089601
v 2.434656 1.169744 0.080119
v 1.569787 1.314518 0.028070
v 3.244637 0.781978 0.391457
v 3.294963 0.747989 -0.147566
v 1.574863 1.298034 0.364776
v 2.997997 0.991933 0.347042
v 0.092643 1.487584 0.063278
v 0.651094 1.408712 0.204271
v 2.679205 1.105515 0.534678
v 1.193756 1.431411 0.287218
v 1.927078 1.300059 0.401861
v 3.062367 1.003580 0.602299
v 1.802293 1.311179 0.779565
v 2.385457 1.206958 0.647787
v 0.281896 1.457252 0.183238
v 2.117687 1.229496 0.858899
v 3.245281 0.853856 0.728959
v 2.860878 1.003548 0.977078
v 3.162135 0.803581 1.122276
v 1.211726 1.392049 0.653033
v 2.427567 1.101327 1.413826
v 2.932478 0.866645 1.278328
v 1.380790 1.337234 1.049877
v 2.643766 1.030202 1.441858
v 2.852838 0.687423 1.836972
v 1.815027 1.197726 1.144264
v 1.066630 1.452676 1.031227
v 2.162642 1.133384 1.818545
v 1.907451 1.163690 1.539302
v -0.127003 1.485741 0.172083
v 1.488007 1.261040 1.268110
v 0.690207 1.417063 0.552773
v 0.920371 1.417411 0.626444
v 2.617474 0.851787 1.938238
v 2.623393 0.629633 2.055595
v 0.352576 1.339075 0.811483
v 0.725214 1.417674 1.061763
v 1.525115 1.279647 1.699317
v 1.891609 1.191193 2.089354
v 2.146202 0.947320 2.239185
v 2.336557 0.605130 2.400646
v 0.355807 1.383600 0.473061
v 1.150626 1.355338 1.395095
v 1.952686 1.087728 2.316654
v 1.502158 1.244030 2.070315
v 2.024404 0.506490 2.801618
v 0.896939 1.285932 1.677769
v 1.835460 0.603677 3.030250
v 1.704510 0.787824 2.879751
v 0.412226 1.364180 1.142981
v 0.610925 1.290428 1.433143
v 1.292615 1.161345 2.573874
v 0.802405 1.155489 2.134932
v 0.154551 1.339166 0.896756
v 1.154391 0.788533 3.243798
v 1.196256 0.986468 2.816141
v -0.164441 1.456572 0.384102
v 0.142387 1.355677 1.334483
v 0.886025 1.008792 3.073817
v 0.259452 1.329428 1.537190
v 0.546540 1.203304 1.832900
v 0.841204 1.073709 2.521657
v 0.633770 0.677752 3.484674
v 0.049714 1.264298 1.680885
v 0.388034 1.077122 2.405728
v 0.166173 1.057516 2.625939
v 0.702906 0.990515 3.208705
v -0.147095 1.313213 0.963519
v 0.112533 0.954104 3.039909
v 0.158969 0.851083 3.317468
v -0.028513 0.589649 3.828449
v -0.212235 1.222457 1.477240
v -0.069683 1.258690 1.840515
v -0.050501 1.130001 2.215827
v -0.244805 0.753612 3.350410
v -0.498856 0.617685 3.666464
v -0.375684 1.225107 2.124134
v -0.686881 1.190886 2.405148
v -0.279367 1.066682 2.817273
v -0.606107 0.819123 3.040606
v -0.426230 1.495480 0.366703
v -0.513146 1.258588 1.192119
v -0.562873 1.252826 1.940094
v -0.756103 0.619050 3.258948
v -0.456779 1.414009 0.770410
v -0.958170 1.194484 1.885317
v -1.159957 1.026595 2.630025
v -0.831956 1.185431 1.237631
v -1.263082 1.082212 2.200934
v -1.238613 0.772361 3.012625
v -1.204047 0.484878 3.365619
v -0.881129 1.325109 0.815560
v -1.211662 0.875504 2.799443
v -1.139112 1.156059 1.435905
v -1.619257 0.925044 2.496492
v -1.460948 1.095804 1.581554
v -1.617132 1.070519 2.001533
v -0.872005 1.378748 0.581942
v -1.243682 1.245862 0.976600
v -1.891698 1.079555 1.652410
v -2.067249 0.839553 2.205334
v -0.948605 1.498426 0.256640
v -1.896011 1.074084 1.240450
v -1.831395 1.151840 0.966274
v -0.554630 1.582787 0.036658
v -2.112494 1.038325 1.105303
v -1.158051 1.423591 0.358210
v -1.447233 1.326107 0.737198
v -1.537081 1.394024 0.415623
v -2.704927 0.879995 1.578789
v -2.249752 0.960689 1.869158
v -2.587537 1.084336 0.884995
v -2.889156 0.957497 1.341474
v -2.425764 1.191371 0.650440
v -1.874492 1.260685 0.580588
v -2.970053 0.999407 1.104202
v -2.192780 1.356444 0.174461
v -0.860981 1.545055 -0.059413
v -2.996918 1.032848 0.313731
v -1.329547 1.566766 -0.015465
v -3.518977 0.717617 0.428781
v -0.276274 1.553482 -0.051432
v -2.816539 1.152080 -0.021598
v -3.309224 0.979074 -0.099736
v -2.360516 1.300534 -0.069195
v -1.968933 1.419708 0.067731
v -2.828002 1.181252 -0.287271
v -1.226949 1.601135 -0.229950
v -1.840559 1.481174 -0.330742
v -2.310046 1.265056 -0.504421
v -2.551738 1.208819 -0.635554
v -2.782593 1.081820 -0.856596
v -3.103276 1.073301 -0.658575
v -3.531845 1.011312 -0.970778
v -1.401795 1.534047 -0.565850
v -1.943755 1.409247 -0.633950
v -2.449693 1.243940 -1.181757
v -3.231144 1.038930 -1.466034
v -3.455916 0.965165 -1.432401
v -0.819309 1.472007 -0.450531
v -0.481718 1.527601 -0.354863
v -1.580550 1.449349 -0.980748
v -2.232422 1.345721 -0.964701
v -3.313927 1.044212 -1.998005
v -1.476540 1.402568 -1.168084
v -2.051260 1.269737 -1.506295
v -2.580008 1.246365 -1.518309
v -2.970077 1.121711 -2.022318
v -2.431794 1.264367 -1.782082
v -3.241054 1.002082 -2.405547
v -0.964910 1.453836 -0.745797
v -2.606438 1.244555 -2.270720
v -2.560578 1.234081 -2.449221
v -3.188201 0.880286 -2.802766
v -1.907316 1.238191 -1.835731
v -2.738241 0.961454 -2.890565
v -3.193414 0.763033 -3.020556
v -2.193739 1.313163 -2.438182
v -2.536576 0.710526 -3.234237
v -0.569473 1.485792 -0.744749
v -0.964626 1.420026 -1.050168
v -1.178939 1.343950 -1.477848
v -1.448002 1.259686 -1.706362
v -2.218695 1.158272 -2.981375
v -1.569650 1.381695 -2.304145
v -1.594864 1.393190 -2.692110
v -2.233022 0.936102 -3.246385
v -2.758620 0.630804 -3.184239
v -2.243973 0.716828 -3.485384
v -0.445799 1.395086 -0.989251
v -1.814761 1.205988 -3.064854
v -0.956935 1.395524 -1.972744
v -1.460446 1.130272 -3.277720
v -1.800671 1.001046 -3.373630
v -1.631657 0.970496 -3.644315
v -0.777827 1.393167 -1.600386
v -1.104303 1.388853 -2.591255
v -1.224612 1.341906 -2.768855
v -0.584239 1.355655 -1.336726
v -1.341264 1.027198 -3.511293
v -1.384724 0.873751 -3.837461
v -0.705441 1.345841 -2.326318
v -0.715819 1.385762 -2.790234
v -1.013663 1.135561 -3.271322
v -0.814911 1.068016 -3.798778
v -0.436577 1.514533 -0.512191
v -0.656538 1.267274 -3.232528
v -0.195504 1.353613 -1.865716
v -0.707062 1.186011 -3.564368
v -0.232934 1.352141 -3.125946
v -0.159828 1.395917 -2.233024
v -0.431270 1.171654 -3.648982
v -0.291168 1.213681 -3.390983
v -0.343164 0.950841 -4.113052
v -3.310398 0.874493 0.615959
vn -0.2491 -0.6940 -0.6755
vn -0.1029 -0.6560 -0.7478
vn 0.0442 -0.9340 -0.3544
vn -0.0397 -0.8908 -0.4527
vn 0.0760 -0.9774 -0.1972
vn 0.2541 0.8138 -0.5226
vn 0.1345 0.9038 -0.4063
vn 0.0316 -0.9770 -0.2110
vn 0.2330 -0.9457 -0.2265
vn 0.0841 0.9901 -0.1120
vn 0.3834 -0.5062 -0.7725
vn 0.0523 -0.9816 -0.1835
vn -0.0114 -0.9425 -0.3340
vn 0.0705 -0.8960 -0.4385
vn -0.1646 -0.9301 -0.3285
vn 0.5818 0.0044 -0.8133
vn 0.1319 -0.9605 -0.2452
vn 0.5444 0.6217 -0.5632
vn 0.6705 -0.1101 -0.7337
vn -0.1984 -0.9227 -0.3305
vn 0.3092 -0.8321 -0.4603
vn 0.3556 -0.9233 -0.1453
vn 0.2726 0.8110 -0.5177
vn 0.5219 0.2745 -0.8076
vn 0.7156 -0.6035 -0.3517
vn 0.3200 -0.8635 -0.3899
vn 0.3719 -0.8934 -0.2521
vn 0.6083 -0.0505 -0.7921
vn 0.5228 0.2637 -0.8106
vn 0.6022 -0.4489 -0.6602
vn 0.4248 -0.7557 -0.4985
vn 0.2793 -0.8240 -0.4929
vn -0.0584 -0.9369 -0.3445
vn 0.5283 0.5660 -0.6329
vn -0.0271 -0.9984 -0.0504
vn 0.4082 -0.7594 -0.5066
vn 0.2589 -0.9350 -0.2424
vn 0.3500 0.4390 -0.8275
vn 0.5545 -0.3986 -0.7305
vn 0.4417 -0.8273 -0.3471
vn 0.1238 -0.9922 0.0152
vn 0.0838 -0.9676 -0.2381
vn 0.5810 0.6295 -0.5158
vn 0.4168 -0.8771 -0.2388
vn 0.3850 -0.9206 -0.0648
vn 0.1808 -0.9756 -0.1248
vn 0.3261 -0.8600 -0.3926
vn 0.2623 0.9097 -0.3220
vn 0.4835 0.0313 -0.8748
vn 0.3584 -0.4471 -0.8195
vn -0.0544 -0.9454 -0.3215
vn 0.0257 -0.9521 -0.3046
vn -0.0154 -0.9499 -0.3123
vn 0.3687 0.8983 -0.2388
vn 0.5468 0.5212 -0.6552
vn 0.3810 -0.8104 -0.4451
vn 0.4785 -0.8332 -0.2771
vn 0.0462 -0.8667 -0.4968
vn -0.0828 -0.9924 -0.0913
vn 0.7091 -0.6012 -0.3684
vn 0.5054 -0.8164 -0.2795
vn 0.3603 -0.9326 0.0186
vn 0.4041 0.8903 -0.2099
vn 0.7073 0.5830 -0.3997
vn 0.8411 0.3862 -0.3787
vn 0.0407 -0.9927 -0.1136
vn 0.4256 -0.7976 -0.4273
vn 0.3178 -0.9452 -0.0749
vn 0.6345 -0.6418 -0.4307
vn 0.0232 -0.9988 -0.0430
vn 0.6328 -0.4490 -0.6308
vn 0.3916 -0.9094 -0.1403
vn 0.3086 -0.8988 -0.3112
vn 0.6978 0.2326 -0.6775
vn 0.1871 -0.9823 0.0075
vn 0.6954 0.1512 -0.7026
vn 0.7269 -0.3415 -0.5958
vn 0.3369 -0.8922 -0.3009
vn 0.5490 -0.8281 -0.1138
vn 0.4738 -0.8758 -0.0918
vn 0.2889 -0.9452 -0.1524
vn 0.6065 -0.7404 -0.2898
vn 0.3763 -0.8725 -0.3116
vn 0.3063 0.9259 -0.2211
vn 0.4216 -0.8950 -0.1455
vn 0.8426 0.1632 -0.5131
vn 0.5107 -0.8401 -0.1829
vn 0.3778 0.9257 -0.0165
vn 0.3579 -0.9020 -0.2414
vn 0.9709 0.2305 -0.0648
vn 0.9118 -0.3957 -0.1096
vn 0.6224 -0.7813 -0.0467
vn 0.5324 -0.8465 -0.0082
vn 0.4269 -0.7834 -0.4516
vn 0.4682 -0.8342 -0.2914
vn 0.4859 -0.8249 -0.2889
vn 0.5905 0.8021 0.0892
vn 0.9306 0.3633 0.0441
vn -0.0811 -0.9869 -0.1392
vn 0.7879 -0.6158 -0.0071
vn 0.2276 -0.9307 -0.2864
vn 0.9588 0.2562 0.1223
vn 0.7435 -0.5531 -0.3760
vn 0.4437 -0.8289 -0.3406
vn 0.5020 -0.8436 -0.1905
vn 0.9758 -0.1011 0.1942
vn 0.9199 -0.3876 -0.0600
vn 0.9540 -0.2957 -0.0506
vn 0.8015 -0.5725 -0.1726
vn 0.3228 -0.9279 -0.1867
vn 0.5343 -0.8185 -0.2110
vn 0.1926 -0.9755 -0.1063
vn 0.7158 0.5845 0.3820
vn 0.2041 -0.9760 -0.0763
vn 0.9955 0.0884 -0.0336
vn 0.8421 -0.5068 -0.1848
vn 0.5285 -0.8325 -0.1662
vn 0.9903 0.0611 0.1251
vn 0.8955 -0.4314 0.1098
vn 0.8033 -0.5953 0.0154
vn 0.5745 -0.7856 0.2295
vn 0.3600 -0.9253 0.1191
vn 0.6102 -0.7858 0.1012
vn 0.7658 0.6193 0.1733
vn 0.6309 -0.7757 -0.0183
vn 0.2534 -0.9630 -0.0916
vn 0.2485 -0.9684 0.0216
vn 0.9384 -0.2060 -0.2774
vn 0.7245 -0.5773 -0.3766
vn 0.7220 -0.6877 -0.0756
vn 0.8797 -0.3040 -0.3656
vn 0.5814 -0.8075 0.0993
vn 0.6638 0.7477 0.0168
vn 0.5978 -0.7981 -0.0757
vn 0.0848 -0.9918 0.0957
vn 0.8587 0.4914 -0.1453
vn 0.0023 -0.9740 -0.2264
vn 0.7149 -0.6963 0.0640
vn 0.5915 -0.7952 0.1333
vn 0.4909 -0.8096 0.3217
vn 0.6872 -0.7101 0.1532
vn 0.4002 -0.8947 0.1986
vn 0.3915 -0.9094 0.1405
vn 0.0194 -0.9984 -0.0538
vn 0.8715 -0.2967 0.3905
vn 0.8433 -0.5049 0.1841
vn 0.6968 0.6456 0.3125
vn 0.8618 -0.1742 0.4763
vn 0.6792 -0.7290 0.0852
vn 0.2678 -0.9540 0.1346
vn 0.3193 -0.9456 -0.0621
vn 0.3948 -0.9025 0.1719
vn 0.8117 0.5021 0.2984
vn 0.8611 -0.1751 0.4774
vn 0.8658 -0.1636 0.4728
vn 0.4002 -0.8312 0.3860
vn 0.3819 -0.9226 -0.0542
vn 0.3935 0.8576 0.3312
vn 0.4209 -0.8739 0.2432
vn 0.3817 -0.8418 0.3817
vn 0.4281 -0.8278 0.3626
vn 0.8377 0.2754 0.4716
vn -0.0301 -0.9949 0.0967
vn 0.8331 -0.4380 0.3378
vn 0.2922 -0.8731 0.3903
vn 0.0481 -0.9698 0.2392
vn 0.4557 -0.8648 0.2110
vn 0.3607 -0.8400 0.4053
vn 0.3313 -0.8908 0.3110
vn 0.7334 0.1268 0.6678
vn 0.3394 -0.9071 0.2490
vn 0.4402 -0.8762 0.1963
vn 0.1355 -0.9488 0.2853
vn 0.7118 -0.2217 0.6665
vn 0.5578 -0.6702 0.4896
vn 0.3723 -0.9222 0.1043
vn 0.4265 0.4385 0.7911
vn 0.1227 -0.9924 0.0131
vn 0.4324 -0.6091 0.6649
vn 0.5006 -0.7673 0.4008
vn 0.4250 -0.8183 0.3869
vn 0.2315 -0.8322 0.5038
vn 0.2961 -0.8927 0.3398
vn 0.3334 -0.9153 0.2259
vn 0.4689 -0.8268 0.3106
vn 0.1018 -0.9494 0.2970
vn -0.0176 -0.9755 0.2194
vn 0.4398 -0.4417 0.7820
vn 0.2385 -0.9055 0.3510
vn 0.2635 -0.8828 0.3889
vn 0.3303 -0.9301 0.1603
vn 0.8791 -0.1109 0.4635
vn 0.2457 -0.7698 0.5892
vn 0.5918 -0.6967 0.4055
vn 0.1067 -0.9742 0.1987
vn 0.1998 -0.8338 0.5147
vn 0.1133 -0.9826 0.1474
vn 0.6870 -0.3972 0.6085
vn 0.1821 -0.9740 0.1350
vn 0.0096 -0.9642 -0.2651
vn 0.3184 0.8177 0.4796
vn 0.5437 -0.6095 0.5770
vn 0.3924 -0.7335 0.5549
vn 0.4479 -0.6056 0.6578
vn 0.1056 -0.9738 0.2012
vn 0.2908 -0.8253 0.4840
vn 0.2973 0.7586 0.5798
vn 0.4373 -0.7652 0.4725
vn 0.4293 -0.7802 0.4549
vn 0.5987 -0.5552 0.5773
vn 0.4647 -0.8690 0.1703
vn 0.3800 -0.9239 0.0457
vn 0.2399 -0.8634 0.4439
vn 0.0873 -0.5877 0.8044
vn 0.3572 -0.8501 0.3869
vn 0.2194 -0.9688 0.1157
vn -0.0116 -0.9527 0.3038
vn 0.0749 0.4304 0.8995
vn 0.0408 -0.9429 0.3307
vn 0.2814 -0.3580 0.8903
vn 0.0762 -0.9519 0.2968
vn 0.0447 -0.9589 0.2801
vn 0.4424 -0.0556 0.8951
vn 0.3999 -0.5552 0.7293
vn 0.3362 -0.9153 0.2216
vn 0.3395 -0.9267 0.1610
vn 0.2479 0.5095 0.8240
vn 0.0787 -0.7481 0.6589
vn -0.0781 -0.9538 0.2900
vn 0.3933 0.3541 0.8485
vn -0.0319 -0.9528 0.3018
vn 0.1168 -0.9911 0.0644
vn 0.2248 -0.9319 0.2846
vn 0.2098 -0.8894 0.4062
vn -0.0558 -0.9830 0.1750
vn 0.4140 0.0958 0.9052
vn 0.2855 0.3652 0.8861
vn -0.0397 -0.9762 0.2133
vn -0.0997 -0.9600 0.2618
vn 0.1025 -0.9735 0.2044
vn -0.1655 -0.3728 0.9130
vn -0.1820 -0.8498 0.4948
vn -0.0302 -0.9797 0.1982
vn -0.1675 0.7672 0.6192
vn -0.1597 -0.0950 0.9826
vn -0.1282 -0.9779 0.1653
vn -0.1193 -0.9521 0.2817
vn -0.2874 -0.9273 0.2400
vn -0.0214 -0.6276 0.7782
vn -0.1403 -0.9867 0.0825
vn -0.2538 -0.9473 0.1956
vn -0.2205 0.4173 0.8816
vn -0.2140 -0.3104 0.9262
vn -0.1134 -0.8101 0.5752
vn -0.2839 -0.7803 0.5573
vn -0.2902 -0.9259 0.2421
vn -0.5199 0.5423 0.6600
vn -0.0266 -0.6681 0.7436
vn -0.0810 -0.9003 0.4276
vn -0.2541 -0.9632 0.0874
vn -0.6675 -0.1026 0.7375
vn -0.0358 -0.7707 0.6362
vn -0.4418 -0.1825 0.8783
vn -0.5506 -0.6815 0.4821
vn -0.3475 -0.8953 0.2787
vn -0.3011 -0.9393 0.1648
vn -0.1831 -0.9641 0.1921
vn -0.5018 0.7006 0.5073
vn -0.5404 0.5540 0.6333
vn -0.7461 -0.0961 0.6589
vn -0.7092 -0.5313 0.4633
vn -0.5904 -0.7585 0.2759
vn -0.3318 0.7521 0.5694
vn -0.3551 0.8583 0.3704
vn -0.3251 0.7174 0.6161
vn -0.3786 -0.9174 0.1224
vn -0.3592 0.7148 0.6001
vn -0.2353 -0.8801 0.4125
vn -0.5718 -0.7715 0.2789
vn -0.6190 -0.5627 0.5479
vn -0.1200 -0.9838 0.1334
vn -0.6070 0.4909 0.6250
vn -0.3762 -0.8959 0.2363
vn -0.5686 -0.5219 0.6358
vn -0.4987 -0.6938 0.5196
vn -0.5885 -0.7414 0.3223
vn -0.0697 -0.8692 0.4896
vn 0.0201 -0.9891 0.1459
vn -0.6113 0.6750 0.4131
vn -0.1945 -0.9806 -0.0248
vn -0.1738 -0.8319 0.5270
vn -0.1203 -0.9213 0.3699
vn -0.4676 0.8015 0.3727
vn -0.2607 -0.9631 0.0667
vn -0.3827 -0.7792 0.4963
vn -0.2484 -0.9291 0.2740
vn -0.3963 0.5002 0.7699
vn -0.0978 -0.8980 0.4289
vn -0.5997 0.4137 0.6850
vn -0.8114 -0.1348 0.5687
vn -0.4170 -0.5398 0.7312
vn -0.2389 -0.8154 0.5273
vn -0.2647 -0.9642 0.0170
vn -0.3812 -0.9140 0.1389
vn -0.2760 -0.9596 0.0541
vn -0.2947 -0.9289 0.2242
vn -0.3800 0.8526 0.3587
vn -0.0942 -0.9679 0.2331
vn -0.4761 0.1830 0.8601
vn -0.4085 -0.6183 0.6715
vn -0.3543 -0.9327 -0.0669
vn -0.5170 -0.8475 -0.1200
vn -0.4781 -0.8776 0.0346
vn -0.5049 0.5869 0.6330
vn -0.6564 -0.6867 0.3124
vn -0.5619 -0.8272 -0.0044
vn -0.3570 -0.9092 0.2143
vn -0.5062 0.6106 0.6090
vn -0.7759 0.0185 0.6306
vn -0.8508 -0.4284 0.3043
vn -0.5226 -0.8490 -0.0784
vn -0.0984 0.9737 0.2055
vn -0.2098 -0.9744 0.0807
vn -0.6380 0.7298 0.2456
vn -0.0975 -0.9925 0.0742
vn -0.6328 0.7474 0.2024
vn -0.8506 0.4997 0.1636
vn -0.9710 -0.1153 0.2095
vn -0.5061 -0.8048 0.3101
vn -0.1692 -0.9664 0.1936
vn -0.3124 -0.9171 0.2477
vn -0.1961 -0.9517 0.2361
vn -0.3877 -0.8728 0.2966
vn -0.8699 0.4343 0.2339
vn -0.8716 0.0826 0.4832
vn -0.8293 -0.2010 0.5214
vn -0.2550 -0.9632 0.0848
vn -0.4295 -0.8946 0.1236
vn -0.7501 0.5375 0.3853
vn -0.7976 0.5117 0.3193
vn -0.9133 0.2652 0.3091
vn -0.9840 -0.0648 0.1660
vn -0.2927 -0.9562 -0.0034
vn -0.2940 -0.9422 0.1609
vn -0.5316 0.8397 -0.1114
vn -0.9114 0.3659 0.1885
vn -0.9372 -0.2526 0.2406
vn -0.6363 -0.7630 -0.1136
vn -0.5078 -0.8487 0.1475
vn -0.4492 0.8587 0.2465
vn -0.4213 -0.9062 -0.0350
vn -0.6922 -0.7066 0.1471
vn -0.0847 -0.9962 0.0224
vn -0.5016 0.8551 0.1315
vn -0.6509 0.7529 0.0967
vn -0.9882 -0.1064 0.1103
vn 0.0071 -0.9946 0.1035
vn -0.3465 -0.9379 -0.0180
vn -0.2455 -0.9680 0.0519
vn -0.3924 0.9197 0.0105
vn -0.8710 0.2530 0.4211
vn -0.8412 -0.5385 0.0494
vn -0.3657 -0.9188 0.1483
vn -0.8017 -0.4665 0.3737
vn -0.3702 -0.9006 -0.2279
vn 0.0573 -0.9974 -0.0434
vn -0.2327 -0.9721 0.0283
vn -0.2201 -0.9753 -0.0195
vn -0.7089 0.6852 -0.1674
vn -0.8268 0.5399 -0.1578
vn -0.8532 0.5073 -0.1209
vn -0.2359 -0.9671 0.0953
vn -0.4622 -0.8833 0.0785
vn -0.4400 -0.8776 -0.1903
vn -0.7295 0.6830 0.0375
vn -0.2810 -0.9580 -0.0572
vn -0.0900 -0.9913 -0.0965
vn -0.0345 -0.9989 -0.0305
vn -0.9181 -0.3139 -0.2419
vn -0.5007 -0.8515 -0.1556
vn -0.1963 -0.9718 -0.1307
vn -0.8303 0.5567 0.0257
vn -0.9518 0.2990 -0.0687
vn -0.4667 -0.8124 -0.3495
vn -0.5040 -0.8549 -0.1226
vn -0.0950 -0.9954 -0.0126
vn -0.2370 -0.9715 -0.0108
vn -0.9794 -0.1171 -0.1647
vn -0.7409 -0.6043 -0.2931
vn -0.2159 -0.9719 0.0938
vn -0.1252 -0.9872 -0.0991
vn -0.3442 -0.9063 -0.2454
vn -0.1612 -0.9304 -0.3293
vn 0.0158 -0.9780 -0.2080
vn -0.7680 0.6238 -0.1454
vn -0.8174 -0.4063 -0.4085
vn -0.4899 -0.8493 -0.1966
vn -0.4968 -0.8011 -0.3338
vn -0.3446 -0.9334 0.0996
vn -0.5536 0.8314 -0.0469
vn -0.5903 0.6696 -0.4507
vn -0.7704 -0.4182 -0.4813
vn -0.2999 -0.9276 -0.2229
vn -0.5691 0.6211 -0.5388
vn -0.6000 0.3256 -0.7308
vn -0.5951 -0.5046 -0.6255
vn -0.2159 0.8619 -0.4588
vn -0.3437 0.6428 -0.6846
vn -0.4016 -0.1266 -0.9070
vn -0.3030 -0.9398 -0.1582
vn -0.1388 -0.9335 -0.3307
vn -0.1644 -0.9794 -0.1174
vn -0.0475 0.3705 -0.9276
vn -0.4532 -0.7509 -0.4804
vn -0.2677 -0.9592 -0.0914
vn -0.3751 -0.8900 -0.2594
vn -0.2790 -0.9585 -0.0586
vn -0.3461 0.6133 -0.7100
vn -0.4893 -0.2069 -0.8472
vn -0.1935 -0.9799 -0.0481
vn -0.4726 0.5706 -0.6716
vn -0.3400 -0.3654 -0.8666
vn -0.2933 -0.6488 -0.7022
vn -0.1483 -0.9216 -0.3587
vn 0.1085 -0.9608 -0.2552
vn 0.0086 -0.7832 -0.6218
vn -0.0806 -0.9262 -0.3684
vn 0.2202 -0.9696 -0.1068
vn -0.0651 -0.9648 -0.2549
vn -0.4874 0.5544 -0.6746
vn -0.2003 -0.9199 -0.3371
vn 0.0090 -0.9980 -0.0624
vn -0.5402 0.0728 -0.8384
vn -0.5284 0.2758 -0.8030
vn -0.2156 -0.6526 -0.7264
vn -0.2430 -0.4984 -0.8322
vn 0.1781 -0.8532 -0.4903
vn 0.1571 -0.9826 -0.0994
vn 0.1607 -0.9686 -0.1900
vn -0.2398 0.7099 -0.6622
vn -0.1079 -0.2747 -0.9555
vn -0.0067 -0.6504 -0.7595
vn 0.2438 -0.9451 -0.2176
vn -0.0596 0.5835 -0.8099
vn -0.0591 -0.2680 -0.9616
vn 0.0189 -0.9891 -0.1460
vn -0.0486 -0.5884 -0.8071
vn -0.1047 -0.8757 -0.4714
vn -0.1553 0.6102 -0.7769
vn -0.0908 -0.4938 -0.8648
vn -0.1396 -0.9224 -0.3601
vn -0.0412 -0.8432 -0.5361
vn 0.2416 -0.9534 -0.1809
vn -0.3959 0.5810 -0.7111
vn -0.4418 -0.0645 -0.8948
vn -0.4300 -0.6607 -0.6153
vn -0.0292 -0.6214 -0.7830
vn 0.0145 -0.9524 -0.3044
vn -0.1719 -0.8577 -0.4845
vn 0.1160 -0.9022 -0.4154
vn 0.2518 -0.8568 -0.4500
vn -0.2845 0.6765 -0.6792
vn -0.1686 -0.2413 -0.9557
vn -0.2085 -0.7116 -0.6709
vn -0.1147 -0.6190 -0.7770
vn -0.1208 -0.9514 -0.2833
vn -0.3312 0.5294 -0.7810
vn -0.0816 -0.4863 -0.8700
vn -0.1243 -0.9391 -0.3204
vn -0.2269 -0.6686 -0.7081
vn -0.0606 0.4765 -0.8771
vn 0.0270 -0.9781 -0.2065
vn -0.0856 -0.4874 -0.8689
vn 0.0791 -0.7058 -0.7040
vn 0.0280 -0.8220 -0.5688
vn -0.0345 -0.3544 -0.9345
vn 0.1000 -0.8954 -0.4339
vn 0.1413 0.7167 -0.6829
vn 0.0746 0.0097 -0.9972
vn -0.0397 -0.4355 -0.8993
vn -0.0844 -0.9275 -0.3641
vn 0.0779 -0.8397 -0.5374
vn 0.1480 0.9297 -0.3372
vn 0.2717 0.2776 -0.9215
vn 0.0440 -0.9754 -0.2159
vn -0.0747 -0.8909 -0.4481
vn 0.1219 -0.8534 -0.5069
vn 0.1230 0.8245 -0.5524
vn 0.3362 0.2397 -0.9108
vn 0.0872 -0.6645 -0.7422
vn 0.0544 -0.8712 -0.4879
vn -0.0088 -0.9625 -0.2712
vn 0.1080 -0.9770 -0.1840
vn 0.1547 -0.9662 -0.2064
vn 0.4674 0.6529 -0.5960
vn 0.4586 0.3532 -0.8154
vn 0.2855 -0.3479 -0.8930
vn 0.2583 -0.4532 -0.8532
vn 0.2842 -0.8988 -0.3337
vn 0.2775 -0.9367 -0.2134
vn 0.1024 -0.9852 -0.1376
vn 0.7316 0.0777 -0.6773
vn 0.3905 -0.6245 -0.6764
vn 0.3243 -0.8212 -0.4696
vn 0.5017 0.5006 -0.7055
vn 0.6316 -0.3877 -0.6713
vn 0.3062 -0.8823 -0.3575
vn -0.0137 -0.9415 -0.3369
vn 0.6182 0.4921 -0.6129
vn 0.5989 -0.5036 -0.6227
vn 0.3963 -0.6606 -0.6376
vn -0.0083 -0.9644 -0.2644
vn -0.0187 -0.8951 -0.4455
vn 0.1715 -0.8052 -0.5676
vn 0.1170 -0.9911 -0.0636
vn 0.1142 -0.8611 -0.4955
vn 0.3231 0.4586 -0.8279
vn -0.0175 -0.8903 -0.4551
vn 0.3849 0.0515 -0.9215
vn 0.5895 -0.5857 -0.5563
vn 0.2784 -0.9059 -0.3192
vn 0.3538 -0.8943 -0.2738
vn 0.0317 -0.9906 -0.1328
vn 0.5543 -0.5507 -0.6241
vn 0.3634 -0.8473 -0.3873
vn 0.1026 -0.8242 -0.5569
vn 0.2881 0.8873 -0.3600
vn 0.0748 -0.8787 -0.4714
vn 0.6517 0.5334 -0.5392
vn 0.0564 -0.8422 -0.5362
vn 0.4329 0.6763 -0.5960
vn 0.5938 0.1619 -0.7881
vn 0.4887 -0.5230 -0.6983
vn 0.4812 -0.8765 -0.0148
vn 0.1827 -0.8327 -0.5227
vn 0.6480 -0.0645 -0.7589
vn 0.6318 -0.3436 -0.6948
vn 0.3999 -0.8396 -0.3676
vn 0.4546 -0.8558 -0.2469
vn 0.3361 0.9184 -0.2088
vn 0.0627 -0.9206 -0.3854
vn 0.5129 -0.7914 -0.3327
vn 0.6032 -0.6500 -0.4622
vn 0.0604 -0.9860 -0.1554
vn 0.1794 -0.8475 -0.4996
vn 0.1932 -0.9340 -0.3006
vn 0.7764 0.5085 -0.3723
vn 0.9639 -0.0848 -0.2523
vn 0.7362 -0.5843 -0.3415
vn 0.2837 -0.9318 -0.2264
vn 0.2647 -0.8534 -0.4490
vn 0.4947 -0.7581 -0.4249
vn 0.4395 0.7989 -0.4107
vn 0.2957 -0.9516 -0.0839
vn 0.6428 -0.6917 -0.3293
vn 0.3644 -0.8531 -0.3734
vn 0.5725 0.6524 -0.4967
vn 0.7062 0.2062 -0.6773
vn 0.8076 -0.5666 -0.1638
vn 0.5008 -0.8652 -0.0251
vn 0.5626 -0.7788 -0.2774
vn 0.0677 -0.9977 -0.0058
vn 0.5125 -0.7830 -0.3525
vn 0.8599 0.2860 -0.4229
vn 0.8561 -0.4154 -0.3074
vn 0.7297 -0.5982 -0.3312
vn 0.5201 -0.8307 -0.1986
vn 0.4827 -0.7842 -0.3900
vn 0.4776 0.8782 -0.0242
vn 0.3642 -0.8988 -0.2439
vn 0.6289 -0.7774 -0.0118
vn 0.4307 -0.7793 -0.4552
vn 0.5130 -0.7523 -0.4134
vn 0.4762 -0.8287 -0.2940
vn 0.5284 -0.7849 -0.3237
vn 0.2057 -0.9785 0.0143
vn 0.7101 -0.6856 -0.1605
vn 0.1641 -0.9842 0.0666
vn 0.7825 -0.6215 0.0378
vn 0.6459 -0.7225 -0.2467
vn 0.6673 -0.7021 -0.2487
vn 0.2930 -0.9367 -0.1918
vn 0.7352 -0.6587 -0.1600
vn 0.3457 -0.9278 -0.1402
vn 0.1348 -0.9820 -0.1325
vn 0.3326 -0.9207 -0.2043
vn 0.7678 0.5079 0.3904
vn 0.8402 -0.5278 0.1245
vn 0.1209 -0.9823 -0.1429
vn 0.9847 0.1540 0.0819
vn 0.8229 -0.4981 0.2735
vn 0.5097 -0.8252 0.2433
vn 0.8952 0.4394 0.0744
vn 0.3472 -0.9376 -0.0191
vn 0.6073 -0.7919 -0.0647
vn 0.5628 0.8223 0.0841
vn 0.2687 -0.9482 -0.1697
vn 0.7208 -0.6931 -0.0009
vn 0.6281 0.7382 -0.2461
vn 0.9124 0.0978 -0.3975
vn 0.4444 -0.8856 -0.1351
vn 0.6855 -0.7276 0.0255
vn 0.9562 -0.2825 0.0761
vn 0.5609 0.8246 -0.0742
vn 0.6663 -0.7402 0.0907
vn 0.3917 -0.8911 0.2291
vn 0.3898 -0.9098 0.1429
vn 0.1143 -0.9904 -0.0779
vn 0.9032 0.4195 -0.0911
vn 0.5010 -0.8531 0.1458
vn 0.5860 -0.7845 0.2026
vn 0.5904 -0.7962 0.1325
vn 0.2745 -0.9047 0.3258
vn 0.3578 -0.9332 -0.0332
vn 0.6092 -0.7312 0.3069
vn 0.3441 -0.9165 0.2041
vn 0.8020 -0.5689 0.1821
vn 0.2610 -0.9567 0.1290
vn 0.2621 -0.9589 0.1082
vn 0.6136 -0.7636 0.2010
vn 0.1577 -0.9748 0.1580
vn 0.6522 0.7223 0.2302
vn 0.4846 -0.8537 0.1906
vn 0.4268 0.8596 0.2808
vn 0.1137 -0.9932 0.0233
vn 0.6466 0.7394 0.1876
vn 0.4822 -0.8331 0.2709
vn 0.3710 -0.8425 0.3904
vn 0.5275 0.3783 0.7607
vn 0.9585 -0.0615 0.2783
vn 0.6201 -0.7740 0.1282
vn 0.9865 0.1437 -0.0783
vn 0.4989 0.7426 0.4468
vn 0.8398 0.2290 0.4923
vn 0.4338 -0.8803 0.1918
vn 0.3546 0.7343 0.5789
vn 0.6317 -0.2168 0.7442
vn 0.4805 0.5125 0.7117
vn 0.4270 -0.8084 0.4052
vn 0.4041 -0.7757 0.4847
vn 0.5626 0.6477 0.5137
vn 0.4956 -0.8311 0.2521
vn 0.5103 0.2480 0.8235
vn 0.4571 0.2714 0.8470
vn 0.2966 -0.9137 0.2779
vn 0.2472 -0.9287 0.2764
vn 0.2075 -0.9439 0.2567
vn -0.0119 -0.9450 0.3267
vn 0.5005 0.3051 0.8102
vn 0.3791 -0.6054 0.6998
vn 0.1643 -0.9526 0.2560
vn 0.5962 -0.2229 0.7713
vn 0.7788 0.0694 0.6234
vn 0.2308 -0.9232 0.3072
vn 0.4966 -0.7978 0.3418
vn 0.4913 -0.7650 0.4163
vn 0.0621 -0.9696 0.2368
vn 0.7250 -0.1007 0.6813
vn 0.5194 -0.7987 0.3039
vn 0.4170 -0.8529 0.3142
vn 0.2288 -0.9296 0.2889
vn 0.7926 0.1510 0.5908
vn 0.4907 0.7334 0.4704
vn 0.7088 0.1553 0.6881
vn 0.6186 0.0231 0.7854
vn 0.4073 -0.6255 0.6655
vn 0.4852 0.0352 0.8737
vn 0.6030 -0.4889 0.6303
vn 0.1524 -0.3782 0.9131
vn 0.3004 -0.7534 0.5849
vn 0.2992 -0.1962 0.9338
vn 0.4193 0.1486 0.8956
vn 0.4355 -0.2188 0.8732
vn 0.5823 -0.6231 0.5222
vn 0.1802 -0.9806 0.0769
vn 0.4192 -0.9064 0.0521
vn 0.6117 -0.7380 0.2848
vn 0.2139 -0.8957 0.3897
vn 0.1245 0.7716 0.6239
vn 0.2791 0.1212 0.9526
vn 0.2917 -0.4036 0.8672
vn 0.3648 -0.8379 0.4061
vn 0.2240 -0.9212 0.3181
vn 0.0170 -0.9665 0.2561
vn 0.4247 -0.3101 0.8505
vn 0.2008 -0.7686 0.6073
vn 0.0199 -0.9744 0.2240
vn 0.2496 0.6105 0.7516
vn 0.0699 -0.9709 0.2292
vn -0.0311 -0.9950 0.0954
vn 0.2480 -0.6037 0.7577
vn 0.1315 -0.9690 0.2091
vn 0.2271 -0.8880 0.3999
vn 0.2310 -0.5756 0.7844
vn -0.0006 -0.6603 0.7510
vn 0.0821 -0.9709 0.2250
vn 0.3688 0.5042 0.7809
vn 0.3009 -0.1939 0.9337
vn -0.1480 -0.9867 0.0669
vn 0.3264 -0.2460 0.9127
vn 0.0889 -0.9908 0.1025
vn 0.1725 -0.7641 0.6216
vn 0.1303 -0.6943 0.7078
vn -0.0998 -0.9498 0.2966
vn -0.0880 -0.9571 0.2761
vn -0.1103 -0.9157 0.3864
vn -0.1459 -0.7574 0.6365
vn 0.0201 -0.7179 0.6959
vn -0.1133 0.5703 0.8136
vn 0.1293 -0.4224 0.8971
vn 0.1195 -0.2031 0.9718
vn 0.0080 -0.6279 0.7782
vn -0.0279 -0.9211 0.3883
vn -0.1447 -0.9526 0.2676
vn -0.2862 0.9296 0.2322
vn -0.2986 0.9401 0.1643
vn -0.2546 -0.9542 0.1574
vn 0.0076 -0.8353 0.5497
vn -0.4714 0.7164 0.5144
vn -0.2506 -0.9247 0.2866
vn -0.2319 -0.5534 0.8000
vn -0.1208 -0.8483 0.5155
vn -0.1403 -0.8635 0.4844
vn -0.2872 0.8741 0.3916
vn -0.3012 -0.8936 0.3329
vn -0.3983 0.6397 0.6574
vn -0.1115 -0.7128 0.6924
vn -0.2378 -0.9531 0.1871
vn -0.2123 0.9349 0.2846
vn -0.2345 0.8561 0.4606
vn -0.6489 -0.0703 0.7576
vn -0.0474 -0.7635 0.6440
vn -0.1667 -0.8622 0.4784
vn -0.2550 -0.9612 0.1053
vn -0.3316 -0.9078 0.2567
vn -0.2475 -0.9467 0.2059
vn -0.1253 -0.9620 0.2427
vn -0.5449 0.6287 0.5548
vn -0.3714 0.0003 0.9285
vn -0.3801 -0.4395 0.8138
vn -0.1681 -0.9769 0.1318
vn -0.2667 -0.8813 0.3900
vn -0.5683 0.4918 0.6597
vn -0.7075 -0.6416 0.2963
vn -0.4203 -0.8950 0.1491
vn -0.3848 0.8220 0.4199
vn -0.5704 0.3547 0.7408
vn -0.2637 -0.9586 0.1072
vn -0.4425 -0.7505 0.4908
vn 0.1606 -0.9518 -0.2612
vn -0.3680 0.4892 0.7908
vn -0.6392 0.4096 0.6509
vn -0.1673 -0.9480 0.2707
vn -0.1558 -0.9601 0.2320
vn -0.0528 -0.9959 0.0729
vn -0.3408 -0.9184 0.2012
vn -0.2682 -0.9537 0.1361
vn -0.6684 0.4117 0.6194
vn -0.8125 -0.2569 0.5232
vn -0.6095 -0.5708 0.5501
vn -0.2783 -0.8823 0.3795
vn -0.4493 0.2115 0.8680
vn -0.0987 -0.9066 0.4104
vn -0.4784 0.6996 0.5307
vn -0.6568 0.5947 0.4637
vn -0.7452 0.3309 0.5789
vn -0.1615 -0.9863 -0.0330
vn -0.7606 -0.3686 0.5345
vn -0.2325 -0.9715 0.0452
vn -0.0791 0.9234 0.3757
vn -0.6743 0.4218 0.6062
vn -0.0721 -0.9600 0.2705
vn -0.2650 -0.9341 0.2393
vn -0.7313 0.2733 0.6249
vn -0.6039 -0.0297 0.7965
vn -0.3089 -0.6957 0.6485
vn -0.0527 -0.9982 0.0286
vn -0.0461 -0.9989 0.0060
vn -0.2858 -0.9037 0.3187
vn -0.3152 0.8253 0.4685
vn -0.3059 0.6069 0.7336
vn -0.3539 0.3761 0.8563
vn -0.6953 0.0617 0.7160
vn -0.2908 -0.7743 0.5620
vn -0.5984 -0.7853 0.1587
vn 0.0130 -0.9832 0.1822
vn -0.6187 -0.1862 0.7632
vn -0.3439 -0.2706 0.8992
vn -0.4997 -0.4807 0.7206
vn -0.2198 -0.9441 0.2456
vn -0.1474 -0.9872 0.0613
vn -0.2878 -0.8854 0.3649
vn -0.4529 0.2325 0.8607
vn -0.5895 0.7615 0.2694
vn -0.6027 -0.4435 0.6634
vn -0.1176 -0.9871 -0.1082
vn -0.3903 0.8470 0.3609
vn -0.1697 -0.9643 0.2035
vn -0.6593 -0.2299 0.7159
vn -0.6391 -0.6514 0.4090
vn -0.7443 -0.5643 0.3572
vn -0.5680 -0.8085 0.1539
vn -0.6945 -0.6794 0.2369
vn -0.2970 -0.9411 -0.1618
vn -0.2601 -0.9528 -0.1564
vn -0.4800 -0.8735 0.0809
vn -0.3501 0.7757 0.5251
vn -0.4634 0.6479 0.6045
vn -0.6971 0.1923 0.6907
vn -0.7762 0.0108 0.6303
vn -0.6506 -0.6910 0.3149
vn -0.5058 -0.8519 0.1362
vn -0.3313 -0.8872 0.3212
vn -0.5064 -0.8466 0.1639
vn -0.4005 -0.9160 0.0214
vn 0.0663 -0.9906 0.1195
vn -0.8650 -0.4122 0.2862
vn -0.4799 -0.8550 0.1966
vn -0.4312 -0.8814 0.1929
vn -0.4089 -0.9011 0.1444
vn -0.4139 -0.8906 0.1885
vn -0.9462 0.1963 0.2572
vn -0.6274 -0.6403 0.4431
vn -0.3377 -0.9021 0.2688
vn -0.2813 -0.9380 0.2027
vn 0.0442 -0.9985 0.0324
vn -0.8242 -0.3053 0.4770
vn -0.2627 -0.9606 0.0904
vn -0.9197 0.3502 0.1776
vn -0.6087 0.0291 -0.7928
vn -0.3707 -0.9087 0.1917
vn -0.2572 -0.9660 -0.0262
vn -0.9903 0.1146 0.0788
vn -0.9612 -0.1574 0.2264
vn -0.2399 -0.9708 -0.0099
vn -0.3247 -0.9267 0.1894
vn -0.9628 0.0283 -0.2686
vn -0.7977 0.5130 0.3171
vn 0.4844 0.0041 -0.8748
vn 0.5822 0.0006 -0.8130
vn -0.2129 -0.9769 0.0169
vn -0.5226 -0.8468 0.0995
vn -0.4512 -0.8856 0.1104
vn -0.8463 0.4759 0.2392
vn -0.8669 0.2767 0.4146
vn -0.4220 -0.9010 0.1006
vn -0.2475 -0.9676 0.0491
vn 0.9787 -0.0275 0.2034
vn -0.5260 -0.8466 0.0810
vn -0.9339 0.0291 -0.3562
vn -0.6531 0.7143 0.2514
vn -0.1681 -0.9672 0.1902
vn -0.9823 0.0725 0.1725
vn -0.9674 -0.2384 0.0857
vn 0.4634 -0.0273 0.8857
vn 0.3922 0.0071 -0.9198
vn -0.2041 -0.9632 -0.1752
vn -0.4998 -0.8559 0.1324
vn -0.5535 0.8173 0.1602
vn -0.9460 -0.3057 0.1077
vn -0.9617 -0.2742 -0.0011
vn -0.9976 -0.0194 0.0657
vn -0.5896 -0.7682 0.2496
vn -0.3939 -0.8776 0.2732
vn -0.1313 -0.9872 -0.0902
vn -0.3657 -0.9145 -0.1732
vn -0.1219 -0.9649 -0.2325
vn -0.2066 -0.9416 -0.2659
vn -0.2951 0.9297 0.2204
vn -0.8314 0.4783 -0.2829
vn -0.9602 0.1700 0.2214
vn -0.8378 0.0302 -0.5452
vn -0.7693 -0.6336 -0.0818
vn 0.5245 -0.0281 0.8510
vn -0.1059 -0.9943 0.0079
vn 0.7220 -0.0050 -0.6918
vn -0.6589 0.7122 -0.2421
vn -0.9846 -0.1333 -0.1131
vn -0.7685 0.5488 -0.3289
vn -0.8125 0.5639 -0.1477
vn -0.9940 -0.0950 -0.0540
vn -0.9835 0.0271 -0.1787
vn -0.5599 -0.7529 -0.3459
vn -0.2690 -0.9336 -0.2367
vn 0.8308 -0.0302 0.5558
vn -0.8084 0.5865 0.0496
vn -0.9144 0.4045 0.0145
vn -0.9386 0.0966 -0.3313
vn -0.7742 -0.5747 -0.2650
vn 0.0375 0.0172 -0.9991
vn 0.2382 -0.0234 0.9709
vn -0.2604 0.0238 -0.9652
vn -0.0227 -0.9961 -0.0849
vn -0.7016 0.0299 -0.7120
vn 0.6935 -0.0299 0.7199
vn -0.2485 -0.9685 -0.0178
vn -0.2373 -0.9710 0.0302
vn 0.7564 -0.0065 -0.6541
vn -0.4978 -0.8607 -0.1066
vn -0.5168 -0.8058 -0.2891
vn -0.4221 -0.9047 0.0579
vn 0.0621 0.0165 -0.9979
vn -0.6340 0.7717 -0.0513
vn -0.2954 -0.9221 -0.2497
vn -0.2024 -0.9374 -0.2835
vn 0.7641 -0.0302 0.6443
vn -0.4159 0.8677 -0.2722
vn -0.2868 -0.9394 -0.1879
vn -0.6184 0.7627 -0.1894
vn -0.7257 0.6851 -0.0632
vn -0.0275 -0.9796 -0.1990
vn -0.9519 0.3060 -0.0144
vn 0.3259 0.0092 -0.9454
vn -0.3866 -0.9188 0.0795
vn -0.0232 -0.9758 -0.2175
vn -0.4956 -0.8444 -0.2035
vn -0.4114 -0.8661 -0.2841
vn -0.9704 0.0279 -0.2397
vn 0.1615 -0.6898 -0.7057
vn -0.4943 -0.6238 -0.6054
vn 0.8803 -0.0300 0.4734
vn 0.5469 0.0018 -0.8372
vn -0.2198 -0.9726 0.0762
vn -0.3530 -0.9353 -0.0266
vn -0.4076 -0.0632 -0.9110
vn -0.4323 -0.8666 -0.2493
vn -0.3023 -0.9399 -0.1586
vn -0.5447 -0.0019 0.8386
vn -0.0152 -0.9913 -0.1306
vn -0.2718 -0.0108 0.9623
vn -0.2744 -0.9608 0.0402
vn -0.3659 -0.9301 -0.0333
vn 0.5069 0.0033 -0.8620
vn 0.5017 -0.0278 0.8646
vn -0.2815 0.2280 -0.9321
vn -0.0543 0.5027 -0.8627
vn -0.5564 0.1576 -0.8158
vn -0.5965 -0.5904 -0.5437
vn -0.4105 -0.8258 -0.3866
vn -0.5083 0.0279 -0.8607
vn -0.2770 -0.0107 0.9608
vn -0.2981 0.5493 -0.7807
vn 0.5564 -0.0285 0.8304
vn -0.1691 -0.9747 -0.1459
vn -0.7854 0.0303 -0.6183
vn -0.2732 -0.9582 -0.0854
vn -0.4150 -0.2446 -0.8763
vn -0.1344 -0.9319 -0.3369
vn -0.1352 -0.9040 -0.4057
vn -0.5888 -0.0003 0.8083
vn -0.0961 -0.9613 -0.2582
vn 0.5516 -0.0285 0.8336
vn -0.2259 -0.8987 -0.3759
vn -0.2580 -0.9651 -0.0458
vn -0.2517 -0.9672 -0.0339
vn -0.3878 -0.0617 -0.9197
vn 0.0584 -0.9971 -0.0482
vn -0.3154 -0.3722 -0.8729
vn 0.9908 -0.0265 0.1328
vn 0.7288 -0.0053 -0.6847
vn -0.0695 -0.9572 -0.2810
vn -0.9996 0.0241 0.0110
vn -0.1767 -0.8815 -0.4379
vn -0.2670 -0.8090 -0.5236
vn -0.2049 -0.9238 -0.3234
vn -0.0846 -0.9804 -0.1782
vn 0.0889 -0.9176 -0.3875
vn 0.4244 -0.0267 0.9051
vn 0.1060 -0.9310 -0.3492
vn 0.0013 -0.8604 -0.5095
vn 0.7697 -0.0302 0.6377
vn -0.5493 0.0285 -0.8351
vn -0.5769 0.5563 -0.5981
vn -0.4148 -0.4790 -0.7736
vn -0.5375 -0.0022 0.8432
vn 0.2285 -0.0232 0.9733
vn -0.1726 -0.0136 0.9849
vn -0.0204 -0.9261 -0.3768
vn -0.9395 0.0290 -0.3413
vn -0.4389 0.7424 -0.5061
vn -0.5168 0.1327 -0.8457
vn -0.1594 -0.6983 -0.6978
vn 0.1830 -0.8540 -0.4870
vn 0.1806 -0.8365 -0.5173
vn -0.9859 0.0269 -0.1649
vn -0.1136 -0.9545 -0.2756
vn 0.1351 -0.9804 -0.1435
vn -0.2208 0.6777 -0.7014
vn 0.0073 -0.5908 -0.8068
vn 0.1685 -0.8632 -0.4759
vn -0.2226 -0.6896 -0.6891
vn 0.2446 -0.9443 -0.2201
vn -0.3454 0.0254 -0.9381
vn -0.9562 0.0285 -0.2912
vn 0.1300 -0.9239 -0.3598
vn -0.1963 -0.8760 -0.4406
vn -0.1839 0.4962 -0.8485
vn 0.0045 -0.0254 -0.9997
vn 0.0150 -0.5848 -0.8111
vn -0.0073 -0.8853 -0.4649
vn -0.1229 -0.8196 -0.5596
vn -0.0630 -0.6125 -0.7880
vn 0.0344 -0.9597 -0.2788
vn -0.1596 -0.8444 -0.5114
vn -0.7886 0.0080 0.6148
vn 0.0114 -0.9951 -0.0982
vn -0.3150 0.6662 -0.6760
vn -0.3801 0.1731 -0.9086
vn -0.4406 -0.0743 -0.8946
vn -0.9898 0.0266 -0.1399
vn 0.7923 -0.0303 0.6094
vn 0.0531 -0.9396 -0.3381
vn -0.7506 0.0063 0.6608
vn -0.1366 -0.8821 -0.4508
vn -0.4712 0.1113 -0.8750
vn -0.3261 -0.0092 0.9453
vn -0.0051 -0.9381 -0.3464
vn -0.0306 -0.6762 -0.7361
vn -0.1079 -0.9558 -0.2735
vn -0.8215 0.0096 0.5702
vn -0.1824 -0.9542 -0.2369
vn 0.0348 -0.5164 -0.8556
vn -0.2081 -0.7098 -0.6729
vn 0.9997 -0.0244 0.0033
vn 0.0047 -0.8981 -0.4398
vn -0.3601 0.7542 -0.5491
vn -0.0819 -0.9855 -0.1489
vn 0.9952 -0.0259 0.0945
vn -0.0878 -0.7893 -0.6077
vn -0.2317 -0.6904 -0.6853
vn 0.1774 -0.9003 -0.3975
vn -0.9931 0.0221 0.1152
vn 0.0110 -0.9758 -0.2185
vn 0.1150 -0.9175 -0.3807
vn -0.9933 0.0262 -0.1129
vn 0.0602 -0.9849 -0.1621
vn -0.1381 -0.5551 -0.8202
vn -0.0457 -0.8139 -0.5792
vn -0.1944 0.9754 0.1036
vn 0.1167 0.9853 0.1248
vn 0.0957 0.9782 -0.1842
vn 0.3554 0.9344 0.0245
vn 0.1035 0.9928 -0.0605
vn 0.2026 0.9444 -0.2589
vn 0.0543 0.9936 -0.0995
vn -0.0677 0.9962 -0.0554
vn 0.0042 0.9999 -0.0117
vn -0.0245 0.9672 -0.2530
vn -0.0811 0.9437 -0.3206
vn -0.0297 0.9693 -0.2440
vn -0.1388 0.9892 0.0472
vn 0.3201 0.9028 -0.2872
vn 0.2167 0.9382 -0.2699
vn 0.2518 0.9350 -0.2499
vn 0.2402 0.9681 -0.0715
vn 0.1520 0.9884 -0.0012
vn 0.2079 0.9315 -0.2986
vn 0.0185 0.9998 0.0052
vn -0.0290 0.9852 0.1687
vn 0.0330 0.9992 -0.0244
vn 0.3006 0.9482 -0.1030
vn 0.3007 0.9479 -0.1056
vn 0.2236 0.9729 0.0593
vn 0.0921 0.9884 -0.1211
vn 0.4942 0.7663 -0.4106
vn 0.3682 0.7313 -0.5741
vn 0.2558 0.7939 -0.5516
vn 0.1019 0.9556 -0.2765
vn 0.0936 0.9867 -0.1327
vn -0.0366 0.9652 -0.2590
vn 0.0653 0.9904 -0.1219
vn 0.0308 0.9165 -0.3988
vn 0.3202 0.9002 -0.2951
vn 0.0235 0.9961 -0.0855
vn 0.1691 0.9111 -0.3759
vn -0.1380 0.9853 -0.1008
vn 0.2272 0.9486 -0.2202
vn 0.1520 0.9866 0.0598
vn 0.3806 0.8601 -0.3395
vn 0.0506 0.9915 -0.1202
vn 0.2948 0.9556 0.0002
vn 0.4963 0.8681 -0.0112
vn 0.0913 0.9958 -0.0008
vn 0.3155 0.9489 -0.0095
vn 0.1711 0.9849 -0.0282
vn 0.3351 0.8992 0.2815
vn 0.7334 0.6793 0.0262
vn 0.4481 0.8931 0.0395
vn 0.2259 0.9741 -0.0102
vn 0.7142 0.6796 0.1676
vn 0.1311 0.9799 0.1504
vn 0.5721 0.8202 0.0017
vn 0.2266 0.9717 -0.0675
vn 0.1300 0.9149 0.3821
vn 0.1415 0.9306 0.3377
vn 0.1222 0.9914 0.0467
vn 0.3039 0.9523 -0.0289
vn 0.2390 0.9705 0.0299
vn 0.0076 0.9920 -0.1262
vn 0.1973 0.9792 -0.0471
vn 0.6558 0.7284 -0.1986
vn -0.0303 0.9566 0.2897
vn 0.3225 0.9457 0.0414
vn -0.0026 0.9995 -0.0303
vn 0.3134 0.9457 0.0864
vn 0.1525 0.9843 0.0884
vn 0.2342 0.9640 0.1260
vn -0.1050 0.9934 0.0465
vn 0.2385 0.9698 0.0503
vn 0.3614 0.9262 0.1078
vn 0.4523 0.8580 0.2432
vn 0.5245 0.8235 0.2161
vn 0.4300 0.8561 0.2868
vn 0.1169 0.9893 0.0869
vn 0.3331 0.8924 -0.3045
vn 0.2377 0.9298 0.2810
vn 0.6289 0.7205 0.2923
vn 0.0064 0.9997 -0.0247
vn 0.1188 0.9929 -0.0008
vn 0.2963 0.9477 0.1189
vn -0.0883 0.9354 0.3424
vn 0.0970 0.9879 -0.1211
vn 0.2594 0.9443 0.2023
vn 0.1318 0.9898 0.0544
vn 0.4345 0.8400 0.3249
vn 0.5808 0.3923 0.7133
vn 0.7100 0.3436 0.6146
vn 0.1657 0.9852 -0.0445
vn 0.4117 0.8274 0.3821
vn 0.2746 0.9607 -0.0401
vn 0.4490 0.8526 0.2674
vn 0.6374 0.6951 0.3324
vn 0.6300 0.5892 0.5059
vn 0.5791 0.5632 0.5894
vn 0.0067 0.9954 0.0960
vn -0.1790 0.9829 -0.0422
vn -0.0847 0.9503 0.2995
vn -0.1143 0.9868 0.1145
vn 0.2145 0.7495 0.6263
vn 0.2827 0.8596 0.4255
vn 0.0647 0.9870 0.1472
vn 0.4045 0.8142 0.4164
vn -0.0593 0.9975 -0.0393
vn -0.2204 0.8304 0.5117
vn 0.1514 0.9778 0.1449
vn -0.1158 0.9612 0.2503
vn 0.1561 0.9824 0.1028
vn 0.2179 0.6182 0.7552
vn -0.0101 0.9162 0.4006
vn -0.0301 0.9701 0.2409
vn 0.0496 0.9724 0.2279
vn -0.0089 0.9924 0.1223
vn -0.1533 0.9648 0.2135
vn 0.1117 0.9736 0.1992
vn -0.1614 0.9161 0.3670
vn 0.1407 0.8595 0.4914
vn -0.3030 0.9443 0.1284
vn -0.1006 0.9693 0.2245
vn -0.1173 0.9917 -0.0529
vn -0.1895 0.9098 0.3694
vn 0.1852 0.9324 0.3103
vn 0.1263 0.9861 0.1075
vn -0.1421 0.7599 0.6344
vn 0.1276 0.9637 0.2346
vn -0.0295 0.9957 -0.0877
vn 0.0152 0.9909 0.1338
vn -0.3032 0.7971 0.5222
vn -0.1457 0.9893 -0.0021
vn -0.0854 0.9011 0.4252
vn -0.2312 0.9711 -0.0586
vn -0.1611 0.9328 0.3223
vn -0.2442 0.9525 0.1821
vn -0.1832 0.9663 0.1811
vn -0.1188 0.9922 -0.0370
vn 0.1581 0.9681 0.1946
vn -0.2634 0.9466 0.1860
vn -0.1527 0.9858 0.0704
vn -0.1867 0.9428 0.2763
vn -0.0643 0.9451 0.3203
vn -0.3414 0.8491 -0.4031
vn -0.0296 0.9984 0.0491
vn -0.1150 0.9691 0.2180
vn -0.0398 0.9991 -0.0129
vn -0.0008 0.9479 0.3184
vn -0.1584 0.9701 0.1837
vn -0.1560 0.9877 -0.0115
vn -0.1472 0.9166 0.3718
vn -0.1502 0.8919 0.4266
vn -0.1589 0.8975 0.4114
vn -0.0037 0.9497 0.3130
vn -0.0430 0.9750 0.2179
vn -0.2399 0.9341 0.2643
vn -0.2474 0.9249 0.2887
vn -0.1532 0.9829 0.1025
vn -0.0662 0.9583 0.2779
vn -0.1902 0.9806 0.0479
vn -0.0174 0.9310 0.3647
vn -0.1850 0.9142 0.3605
vn -0.3567 0.9181 0.1729
vn -0.1270 0.9054 0.4052
vn -0.3432 0.9279 0.1453
vn -0.4374 0.8941 0.0960
vn -0.2964 0.9479 0.1169
vn -0.3480 0.9266 0.1423
vn 0.0736 0.9835 0.1655
vn -0.1784 0.9400 0.2908
vn -0.2830 0.9588 -0.0252
vn -0.2133 0.9736 0.0815
vn -0.4196 0.9077 0.0048
vn -0.1737 0.9797 -0.1000
vn -0.3292 0.9254 -0.1879
vn -0.1377 0.9738 -0.1811
vn -0.3390 0.9407 -0.0114
vn -0.3282 0.9330 -0.1473
vn 0.0638 0.9898 -0.1276
vn -0.1823 0.9758 -0.1207
vn -0.3307 0.9375 0.1085
vn -0.4095 0.9122 -0.0178
vn -0.2896 0.9459 0.1466
vn -0.3036 0.9511 0.0567
vn 0.0457 0.9748 -0.2185
vn -0.0423 0.9874 -0.1527
vn -0.3036 0.9528 -0.0007
vn -0.2167 0.9753 0.0434
vn -0.5264 0.7090 -0.4693
vn -0.2295 0.9713 -0.0626
vn -0.2271 0.9637 -0.1402
vn 0.2154 0.9624 -0.1654
vn 0.0451 0.9748 -0.2184
vn -0.2813 0.9576 0.0617
vn -0.4114 0.8976 -0.1584
vn -0.3242 0.8915 -0.3165
vn -0.2416 0.8660 -0.4377
vn 0.0594 0.9937 0.0954
vn -0.0830 0.8783 -0.4709
vn -0.0805 0.9965 -0.0216
vn -0.0798 0.9907 -0.1101
vn 0.0076 0.9838 -0.1788
vn -0.0808 0.9623 -0.2597
vn -0.2063 0.9723 -0.1101
vn -0.1189 0.9914 -0.0546
vn -0.3850 0.8464 -0.3679
vn -0.1169 0.9925 0.0370
vn -0.3749 0.7203 -0.5836
vn -0.4527 0.5724 -0.6836
vn 0.0819 0.9472 -0.3100
vn -0.1815 0.9176 -0.3537
vn -0.2896 0.7411 -0.6057
vn -0.5042 0.6477 -0.5712
vn -0.3894 0.8128 -0.4333
vn -0.0635 0.9805 0.1861
vn -0.2105 0.9717 0.1074
vn 0.0028 0.9996 0.0294
vn -0.4343 0.6736 -0.5981
vn -0.0262 0.9273 -0.3735
vn -0.2292 0.9707 0.0724
vn 0.0079 0.9932 -0.1159
vn 0.0240 0.9191 -0.3933
vn 0.0051 0.9158 -0.4015
vn -0.1792 0.9651 -0.1911
vn -0.2755 0.8835 -0.3789
vn -0.2081 0.9680 -0.1401
vn 0.1273 0.9729 -0.1930
vn 0.1330 0.9493 -0.2849
vn 0.1221 0.9911 -0.0524
vn -0.0924 0.9763 -0.1955
vn -0.0954 0.9061 -0.4122
vn 0.0512 0.9951 0.0845
vn -0.3044 0.9091 -0.2843
vn -0.3136 0.9198 -0.2360
vn 0.0615 0.9945 0.0842
vn -0.1084 0.9887 0.1033
vn -0.0816 0.9950 -0.0569
vn -0.1227 0.9544 -0.2721
vn -0.0812 0.9048 -0.4181
vn -0.2173 0.9758 -0.0242
vn 0.0900 0.9765 -0.1956
vn 0.0936 0.9950 0.0350
vn -0.0649 0.8903 -0.4508
vn -0.0703 0.8955 -0.4395
vn -0.0514 0.9395 -0.3387
vn 0.2765 0.9133 -0.2989
vn 0.1876 0.9797 0.0707
vn 0.3613 0.9140 -0.1846
vn 0.1990 0.8500 -0.4878
vn 0.0858 0.9538 -0.2880
vn 0.2277 0.9734 -0.0256
vn 0.3791 0.9165 -0.1280
vn -0.1867 0.9626 -0.1963
vn -0.1816 0.9448 -0.2728
vn -0.2016 0.9777 -0.0589
vn 0.0226 0.9985 -0.0506
vn 0.2169 0.9498 -0.2256
vn 0.2015 0.9660 -0.1619
vn -0.0196 0.9859 -0.1660
vn 0.0130 0.9830 -0.1833
vn 0.0824 0.8236 -0.5612
vn -0.1985 0.9784 -0.0571
vn -0.0408 0.9497 -0.3106
vn 0.0080 0.9998 0.0155
vn 0.2329 0.8985 -0.3722
vn 0.0165 0.9738 -0.2268
vn 0.0267 0.9946 -0.1006
vn -0.0476 0.9745 -0.2191
vn 0.1654 0.9554 -0.2447
vn 0.3290 0.9007 -0.2837
vn 0.1185 0.9815 -0.1504
vn 0.1759 0.9836 0.0408
vn 0.2993 0.9127 -0.2781
vn 0.0032 0.9845 0.1752
vn 0.2072 0.9721 -0.1099
vn 0.0167 0.9469 -0.3211
vn 0.1031 0.9858 -0.1328
vn 0.1671 0.9850 0.0420
vn 0.2032 0.9719 -0.1188
vn 0.3445 0.9277 -0.1437
vn -0.0415 0.9662 -0.2546
vn 0.1517 0.9877 0.0390
vn 0.5098 0.8556 -0.0896
vn 0.2351 0.9459 -0.2235
vn 0.0272 0.9662 -0.2565
vn -0.1037 0.9807 -0.1659
vn 0.4624 0.8276 -0.3182
vn 0.1245 0.9465 -0.2978
vn 0.1010 0.9848 -0.1413
vn 0.1417 0.9815 -0.1289
vn 0.0598 0.9854 -0.1596
vn 0.0687 0.9839 0.1647
vn 0.4801 0.8271 -0.2921
vn 0.1051 0.9945 -0.0041
vn 0.1959 0.9799 -0.0363
vn 0.0629 0.9818 0.1792
vn 0.5449 0.8270 -0.1387
vn 0.0848 0.9782 0.1896
vn 0.1218 0.9922 -0.0272
vn 0.2579 0.9599 0.1101
vn 0.5510 0.8223 0.1421
vn 0.0646 0.9834 0.1695
vn 0.2209 0.9430 0.2490
vn 0.7668 0.4734 0.4334
vn 0.3209 0.9461 0.0443
vn 0.0676 0.9956 0.0642
vn 0.4629 0.8484 0.2567
vn 0.0333 0.9163 0.3991
vn -0.0486 0.9643 0.2603
vn 0.2174 0.9685 -0.1214
vn 0.7068 0.7074 -0.0060
vn 0.1995 0.9759 0.0885
vn 0.3142 0.9487 -0.0350
vn 0.3208 0.9467 -0.0280
vn 0.0575 0.9945 0.0873
vn 0.6871 0.7103 -0.1526
vn 0.1016 0.9279 0.3586
vn 0.2380 0.9682 -0.0770
vn 0.2740 0.9551 -0.1127
vn 0.1596 0.9800 -0.1186
vn 0.1804 0.9757 0.1246
vn 0.3068 0.9473 0.0923
vn 0.1151 0.9694 0.2170
vn 0.4647 0.8425 0.2724
vn 0.1718 0.9423 0.2872
vn 0.0724 0.9799 0.1859
vn 0.5979 0.7346 0.3209
vn 0.2033 0.9784 0.0367
vn 0.1651 0.9225 0.3489
vn 0.3458 0.9381 -0.0177
vn 0.3319 0.9294 0.1614
vn -0.0447 0.9701 0.2385
vn -0.0965 0.9952 -0.0130
vn -0.0675 0.9762 0.2062
vn -0.1061 0.9932 -0.0482
vn 0.3252 0.9296 0.1736
vn 0.2649 0.9621 -0.0643
vn 0.0647 0.9870 0.1474
vn -0.1289 0.9833 0.1281
vn -0.1593 0.9846 -0.0720
vn 0.2466 0.9671 -0.0630
vn 0.5178 0.5833 0.6258
vn 0.1288 0.9863 0.1027
vn 0.0015 0.9708 0.2397
vn 0.1214 0.9702 0.2098
vn 0.2371 0.9066 0.3490
vn 0.7700 0.4621 0.4399
vn -0.2071 0.9433 0.2595
vn 0.3862 0.7327 0.5604
vn 0.1965 0.9611 0.1941
vn -0.0983 0.9621 0.2542
vn 0.3007 0.7805 0.5482
vn 0.0568 0.9898 0.1308
vn -0.0298 0.9971 -0.0702
vn 0.0778 0.9813 0.1763
vn -0.1457 0.9713 0.1882
vn -0.2105 0.9519 0.2224
vn 0.1761 0.9555 0.2366
vn 0.0426 0.9937 0.1041
vn 0.3116 0.7887 0.5299
vn -0.0539 0.9782 0.2006
vn -0.0467 0.9763 0.2111
vn -0.0057 0.9931 0.1172
vn -0.0945 0.9947 -0.0401
vn -0.0121 0.9970 0.0766
vn -0.0208 0.6641 0.7474
vn -0.1240 0.9664 0.2253
vn -0.2848 0.9429 0.1726
vn 0.3441 0.8934 0.2888
vn 0.1297 0.9579 0.2561
vn -0.0416 0.9848 0.1687
vn 0.1831 0.9309 0.3161
vn 0.1027 0.9759 0.1925
vn -0.1697 0.9053 0.3893
vn -0.0931 0.8998 0.4262
vn 0.1348 0.9781 0.1584
vn 0.1832 0.9609 0.2078
vn -0.2093 0.9481 0.2395
vn 0.0134 0.9907 0.1355
vn 0.0823 0.9315 0.3543
vn 0.1055 0.9943 0.0147
vn -0.1575 0.9835 0.0890
vn -0.1261 0.9085 0.3985
vn -0.1656 0.7721 0.6136
vn -0.0819 0.7662 0.6373
vn -0.1778 0.7608 0.6242
vn -0.2264 0.9660 0.1249
vn -0.3380 0.9004 0.2739
vn -0.1667 0.9301 0.3272
vn -0.3065 0.9509 0.0421
vn -0.1485 0.9651 0.2158
vn 0.1610 0.9692 0.1862
vn -0.0552 0.9977 0.0395
vn -0.0083 0.9712 0.2379
vn -0.0704 0.9307 0.3590
vn -0.2186 0.9511 0.2182
vn -0.0524 0.9602 0.2744
vn -0.2901 0.9559 0.0450
vn -0.0271 0.9729 0.2296
vn -0.2801 0.9389 0.2002
vn -0.2119 0.9754 0.0611
vn -0.0806 0.9266 0.3673
vn -0.0237 0.9672 0.2531
vn -0.0891 0.9537 0.2871
vn -0.4095 0.9108 0.0524
vn -0.1485 0.9555 0.2549
vn -0.4629 0.8537 0.2386
vn 0.0476 0.9825 0.1802
vn -0.3455 0.9311 0.1171
vn -0.3824 0.9239 0.0149
vn -0.2547 0.9610 -0.1079
vn -0.2077 0.9743 -0.0876
vn -0.0894 0.9956 -0.0282
vn -0.1408 0.9892 -0.0403
vn -0.3907 0.9166 -0.0845
vn 0.2204 0.9628 -0.1563
vn -0.4604 0.8873 -0.0290
vn -0.0735 0.9855 -0.1526
vn -0.2439 0.9590 -0.1445
vn -0.2856 0.9510 0.1185
vn -0.0449 0.9985 0.0326
vn -0.1058 0.9754 -0.1934
vn -0.3260 0.9360 0.1330
vn -0.2335 0.9491 -0.2113
vn -0.1447 0.9797 -0.1388
vn 0.0925 0.9689 -0.2297
vn -0.3257 0.9433 -0.0641
vn -0.1285 0.9846 -0.1187
vn 0.0418 0.9961 -0.0771
vn -0.0700 0.9632 -0.2594
vn -0.1575 0.9874 0.0163
vn -0.2563 0.7029 -0.6636
vn -0.2868 0.2131 -0.9340
vn -0.0085 0.9939 -0.1104
vn -0.0176 0.9945 -0.1029
vn -0.1476 0.9704 0.1909
vn -0.1960 0.9454 -0.2606
vn -0.1073 0.9696 0.2197
vn -0.2341 0.9377 -0.2566
vn 0.0715 0.9752 -0.2093
vn -0.1439 0.9634 0.2259
vn -0.2089 0.8104 -0.5474
vn -0.1683 0.9726 -0.1604
vn -0.1560 0.8197 -0.5512
vn -0.2129 0.9472 -0.2398
vn -0.0192 0.9998 -0.0062
vn 0.0699 0.9517 -0.2989
vn 0.0272 0.8868 -0.4614
vn -0.2729 0.9221 -0.2744
vn 0.0195 0.9037 -0.4277
vn 0.1352 0.9899 -0.0429
vn -0.0211 0.9217 -0.3874
vn 0.0399 0.9973 -0.0610
vn -0.2280 0.9709 0.0728
vn 0.1476 0.9885 0.0323
vn -0.6405 0.7628 -0.0893
vn 0.0233 0.9770 -0.2117
vn 0.1242 0.9842 0.1259
vn 0.0773 0.9835 -0.1634
vn -0.0502 0.9336 -0.3549
vn 0.2813 0.8862 -0.3682
vn 0.2187 0.9085 -0.3561
vt 0.570379 0.294104
vt 0.568427 0.302868
vt 0.567248 0.290116
vt 0.573328 0.290724
vt 0.570767 0.280643
vt 0.573306 0.273846
vt 0.567368 0.275811
vt 0.571209 0.262261
vt 0.576259 0.219504
vt 0.567676 0.238571
vt 0.563919 0.227209
vt 0.565962 0.215339
vt 0.568862 0.353859
vt 0.565376 0.350245
vt 0.575139 0.345317
vt 0.565518 0.335659
vt 0.574364 0.339747
vt 0.575256 0.210882
vt 0.561797 0.199640
vt 0.565197 0.264087
vt 0.559293 0.342873
vt 0.567583 0.318997
vt 0.562893 0.320962
vt 0.563436 0.244803
vt 0.559188 0.238219
vt 0.563346 0.253617
vt 0.558655 0.267761
vt 0.556347 0.252814
vt 0.566296 0.188708
vt 0.564399 0.181644
vt 0.560355 0.327182
vt 0.559733 0.301283
vt 0.555252 0.327395
vt 0.557098 0.315878
vt 0.547232 0.191081
vt 0.562494 0.291454
vt 0.557854 0.293662
vt 0.556225 0.283605
vt 0.557956 0.217832
vt 0.554671 0.231451
vt 0.548807 0.221314
vt 0.558972 0.351987
vt 0.554963 0.347857
vt 0.549163 0.310581
vt 0.555349 0.301269
vt 0.560991 0.276709
vt 0.551775 0.281600
vt 0.551846 0.211085
vt 0.551080 0.326511
vt 0.552533 0.293072
vt 0.552917 0.262466
vt 0.550870 0.344280
vt 0.554127 0.174381
vt 0.547214 0.293682
vt 0.548840 0.243551
vt 0.547833 0.336701
vt 0.547610 0.324723
vt 0.546499 0.283987
vt 0.548653 0.263595
vt 0.542632 0.258974
vt 0.548479 0.234662
vt 0.543898 0.232904
vt 0.542852 0.349953
vt 0.548536 0.274334
vt 0.544179 0.267131
vt 0.543849 0.248966
vt 0.544164 0.341163
vt 0.544938 0.310480
vt 0.538311 0.222457
vt 0.536741 0.254553
vt 0.533254 0.231546
vt 0.536532 0.339821
vt 0.539869 0.332500
vt 0.539325 0.321214
vt 0.541063 0.301442
vt 0.541727 0.284167
vt 0.536495 0.279135
vt 0.535436 0.239815
vt 0.516263 0.184987
vt 0.538210 0.314590
vt 0.535531 0.294773
vt 0.538512 0.263694
vt 0.534397 0.333183
vt 0.533045 0.324476
vt 0.531451 0.199181
vt 0.533156 0.287540
vt 0.532656 0.265027
vt 0.528284 0.222556
vt 0.533795 0.307599
vt 0.530865 0.296987
vt 0.529118 0.279004
vt 0.539938 0.215429
vt 0.530445 0.209115
vt 0.528094 0.328647
vt 0.520730 0.192872
vt 0.528631 0.313640
vt 0.528724 0.244693
vt 0.527063 0.299532
vt 0.525316 0.285572
vt 0.523591 0.267738
vt 0.526709 0.257737
vt 0.524256 0.248928
vt 0.525885 0.233866
vt 0.530397 0.352101
vt 0.525278 0.345024
vt 0.524749 0.332627
vt 0.521366 0.278158
vt 0.525271 0.318747
vt 0.519155 0.345080
vt 0.516507 0.208573
vt 0.519866 0.317585
vt 0.524955 0.309549
vt 0.520594 0.301527
vt 0.522630 0.294258
vt 0.518552 0.274925
vt 0.519666 0.260752
vt 0.516496 0.249750
vt 0.517151 0.237547
vt 0.515598 0.333541
vt 0.494994 0.178570
vt 0.520147 0.223430
vt 0.514236 0.322368
vt 0.515768 0.291948
vt 0.514518 0.268924
vt 0.510092 0.239391
vt 0.515841 0.311945
vt 0.513778 0.298009
vt 0.512854 0.274433
vt 0.514172 0.259885
vt 0.507008 0.231088
vt 0.511479 0.341117
vt 0.511885 0.332465
vt 0.504012 0.204740
vt 0.512761 0.306787
vt 0.508595 0.316805
vt 0.508538 0.305402
vt 0.508031 0.295757
vt 0.507736 0.273736
vt 0.509250 0.260588
vt 0.506668 0.330543
vt 0.506360 0.254798
vt 0.502450 0.224711
vt 0.510769 0.223165
vt 0.498349 0.216744
vt 0.505246 0.314848
vt 0.505246 0.301040
vt 0.500978 0.292407
vt 0.503390 0.281388
vt 0.502514 0.245788
vt 0.498904 0.327416
vt 0.500909 0.314888
vt 0.502639 0.269105
vt 0.505907 0.236651
vt 0.500529 0.232016
vt 0.501383 0.340189
vt 0.501488 0.170434
vt 0.498415 0.287508
vt 0.501469 0.257877
vt 0.497846 0.251298
vt 0.492588 0.240773
vt 0.497388 0.277197
vt 0.495322 0.270423
vt 0.492520 0.264628
vt 0.491515 0.228604
vt 0.496039 0.194437
vt 0.501222 0.302729
vt 0.496351 0.302622
vt 0.492785 0.295360
vt 0.493007 0.319210
vt 0.488994 0.283131
vt 0.486994 0.270217
vt 0.486911 0.217636
vt 0.487105 0.209851
vt 0.482380 0.201466
vt 0.492670 0.329659
vt 0.490920 0.312972
vt 0.488005 0.260841
vt 0.492720 0.344809
vt 0.486387 0.333400
vt 0.484323 0.246176
vt 0.484797 0.235690
vt 0.485513 0.321905
vt 0.476784 0.188718
vt 0.487592 0.302358
vt 0.486556 0.291368
vt 0.480385 0.233134
vt 0.484269 0.282229
vt 0.479516 0.221145
vt 0.481518 0.312349
vt 0.480578 0.263314
vt 0.477903 0.300767
vt 0.480440 0.290872
vt 0.479329 0.277210
vt 0.481685 0.323214
vt 0.476395 0.316366
vt 0.443245 0.178163
vt 0.474885 0.279488
vt 0.478856 0.245792
vt 0.471368 0.239991
vt 0.472464 0.284851
vt 0.472260 0.268477
vt 0.476776 0.257068
vt 0.471581 0.248188
vt 0.469532 0.209424
vt 0.467491 0.195603
vt 0.470813 0.297511
vt 0.467843 0.287305
vt 0.468887 0.277993
vt 0.469432 0.256769
vt 0.473353 0.324635
vt 0.470174 0.316011
vt 0.472800 0.303614
vt 0.467681 0.269074
vt 0.464318 0.245972
vt 0.462128 0.221652
vt 0.466768 0.310149
vt 0.456757 0.205684
vt 0.466416 0.170434
vt 0.469711 0.342510
vt 0.462492 0.345284
vt 0.467575 0.331193
vt 0.461343 0.295303
vt 0.464863 0.278245
vt 0.464703 0.256361
vt 0.462783 0.236741
vt 0.467982 0.232772
vt 0.462877 0.332645
vt 0.459868 0.285543
vt 0.458427 0.277153
vt 0.463852 0.267695
vt 0.459054 0.258041
vt 0.451897 0.234106
vt 0.455698 0.297194
vt 0.453791 0.268033
vt 0.455720 0.249525
vt 0.459658 0.246935
vt 0.453819 0.213738
vt 0.455307 0.343691
vt 0.458601 0.329124
vt 0.445270 0.188582
vt 0.451573 0.285914
vt 0.451774 0.254930
vt 0.452343 0.222736
vt 0.456118 0.314718
vt 0.451126 0.324816
vt 0.451090 0.303897
vt 0.449423 0.241313
vt 0.451648 0.337962
vt 0.454271 0.277907
vt 0.445289 0.264253
vt 0.443277 0.229509
vt 0.445543 0.337878
vt 0.440721 0.207254
vt 0.445147 0.252827
vt 0.445244 0.312987
vt 0.447690 0.304058
vt 0.443150 0.324222
vt 0.437881 0.246219
vt 0.434109 0.224268
vt 0.436649 0.197383
vt 0.444647 0.294175
vt 0.438151 0.295792
vt 0.435301 0.281516
vt 0.439424 0.263601
vt 0.433243 0.256160
vt 0.437783 0.341781
vt 0.437765 0.333494
vt 0.438537 0.313103
vt 0.431772 0.321089
vt 0.431302 0.234601
vt 0.442705 0.214338
vt 0.427400 0.213083
vt 0.430333 0.309054
vt 0.427605 0.242436
vt 0.427136 0.303127
vt 0.430792 0.288262
vt 0.430862 0.270478
vt 0.418587 0.202599
vt 0.426952 0.330767
vt 0.425723 0.320510
vt 0.425935 0.291828
vt 0.425196 0.277240
vt 0.426569 0.262769
vt 0.422876 0.234478
vt 0.419180 0.225589
vt 0.422350 0.313341
vt 0.421839 0.300723
vt 0.422027 0.264769
vt 0.418877 0.247375
vt 0.420077 0.332429
vt 0.418530 0.323851
vt 0.418326 0.314244
vt 0.417629 0.293737
vt 0.418341 0.280571
vt 0.424933 0.363724
vt 0.418278 0.359414
vt 0.424096 0.358157
vt 0.416800 0.349681
vt 0.423711 0.351428
vt 0.419069 0.341554
vt 0.424845 0.337060
vt 0.415608 0.274037
vt 0.418727 0.261742
vt 0.415576 0.218941
vt 0.419061 0.210992
vt 0.413525 0.304542
vt 0.412602 0.240376
vt 0.412033 0.231031
vt 0.414594 0.332240
vt 0.408754 0.194598
vt 0.421983 0.193433
vt 0.407865 0.299656
vt 0.411905 0.278579
vt 0.413011 0.261699
vt 0.409738 0.253780
vt 0.410231 0.339067
vt 0.398536 0.186781
vt 0.408969 0.262199
vt 0.408289 0.222825
vt 0.409006 0.330775
vt 0.390347 0.179010
vt 0.410051 0.304174
vt 0.408596 0.236342
vt 0.404166 0.233135
vt 0.410773 0.353837
vt 0.405208 0.346596
vt 0.411051 0.209725
vt 0.399013 0.198109
vt 0.407545 0.317965
vt 0.410856 0.316418
vt 0.404828 0.278378
vt 0.405461 0.270342
vt 0.402834 0.249518
vt 0.406507 0.245958
vt 0.400951 0.239098
vt 0.399274 0.217587
vt 0.406875 0.358317
vt 0.400553 0.352811
vt 0.399584 0.209659
vt 0.405132 0.336225
vt 0.401966 0.327565
vt 0.405040 0.320590
vt 0.405040 0.293233
vt 0.402535 0.298739
vt 0.402535 0.285731
vt 0.402209 0.262783
vt 0.397834 0.256960
vt 0.397231 0.246707
vt 0.396231 0.232502
vt 0.397716 0.336073
vt 0.400030 0.304269
vt 0.396624 0.281589
vt 0.396052 0.239688
vt 0.384019 0.199541
vt 0.396906 0.327071
vt 0.402397 0.316228
vt 0.396537 0.314805
vt 0.394839 0.293984
vt 0.398082 0.269552
vt 0.395083 0.366800
vt 0.394968 0.355612
vt 0.397525 0.353803
vt 0.389457 0.210178
vt 0.393649 0.338146
vt 0.392620 0.255035
vt 0.388340 0.343639
vt 0.391215 0.322504
vt 0.393049 0.307122
vt 0.390167 0.288749
vt 0.391329 0.275153
vt 0.391386 0.244880
vt 0.390496 0.231296
vt 0.389930 0.225309
vt 0.389909 0.303236
vt 0.386003 0.273568
vt 0.394455 0.266990
vt 0.383874 0.259434
vt 0.390019 0.349501
vt 0.387144 0.324350
vt 0.387504 0.285485
vt 0.384050 0.248741
vt 0.383341 0.239301
vt 0.387924 0.361280
vt 0.384171 0.319646
vt 0.383216 0.300449
vt 0.384587 0.289805
vt 0.383252 0.357013
vt 0.384999 0.341907
vt 0.391795 0.219625
vt 0.383805 0.217572
vt 0.382494 0.279037
vt 0.383404 0.228707
vt 0.382494 0.223334
vt 0.382494 0.342664
vt 0.382494 0.334772
vt 0.382494 0.192980
vt 0.633008 0.273149
vt 0.630669 0.276257
vt 0.633008 0.259663
vt 0.630316 0.249113
vt 0.633008 0.249482
vt 0.633008 0.356718
vt 0.628007 0.360971
vt 0.631305 0.347121
vt 0.633008 0.319944
vt 0.631597 0.333107
vt 0.632101 0.315176
vt 0.633008 0.286470
vt 0.630188 0.291891
vt 0.627740 0.222686
vt 0.622000 0.216752
vt 0.632758 0.217394
vt 0.627998 0.279853
vt 0.624307 0.236375
vt 0.631240 0.238717
vt 0.610414 0.181684
vt 0.632693 0.173183
vt 0.626557 0.273010
vt 0.624650 0.264854
vt 0.629187 0.261816
vt 0.623908 0.258224
vt 0.625492 0.329251
vt 0.622987 0.339914
vt 0.623032 0.323570
vt 0.628224 0.316014
vt 0.621176 0.305100
vt 0.625514 0.310704
vt 0.624688 0.296381
vt 0.620484 0.248089
vt 0.625493 0.247142
vt 0.620071 0.227435
vt 0.621118 0.351955
vt 0.617042 0.334622
vt 0.622291 0.209103
vt 0.618243 0.203889
vt 0.629964 0.199773
vt 0.623274 0.192451
vt 0.628295 0.182666
vt 0.618946 0.289090
vt 0.625005 0.285531
vt 0.621588 0.284493
vt 0.620325 0.271172
vt 0.615948 0.237254
vt 0.615717 0.322342
vt 0.617173 0.305945
vt 0.616603 0.263275
vt 0.614051 0.255380
vt 0.612633 0.313292
vt 0.616195 0.294065
vt 0.613255 0.290841
vt 0.610903 0.250411
vt 0.610742 0.240637
vt 0.610518 0.214094
vt 0.603544 0.203567
vt 0.595084 0.198737
vt 0.612266 0.330420
vt 0.608315 0.279896
vt 0.611787 0.266191
vt 0.606868 0.228006
vt 0.610577 0.348941
vt 0.607848 0.333451
vt 0.610357 0.309880
vt 0.606734 0.256177
vt 0.607130 0.319614
vt 0.606312 0.295680
vt 0.606920 0.343663
vt 0.605451 0.334933
vt 0.603307 0.313222
vt 0.604556 0.267281
vt 0.601734 0.256366
vt 0.603854 0.249122
vt 0.595984 0.246058
vt 0.602946 0.325112
vt 0.601516 0.286741
vt 0.599734 0.275764
vt 0.602581 0.236358
vt 0.601821 0.224129
vt 0.596123 0.218431
vt 0.600508 0.331961
vt 0.600202 0.305632
vt 0.597737 0.231895
vt 0.595013 0.314217
vt 0.595775 0.300810
vt 0.596503 0.285867
vt 0.596240 0.270209
vt 0.597631 0.256853
vt 0.609364 0.189375
vt 0.580753 0.200166
vt 0.593168 0.254073
vt 0.588939 0.234919
vt 0.589250 0.225468
vt 0.595019 0.333448
vt 0.591641 0.269780
vt 0.592115 0.260443
vt 0.594448 0.212411
vt 0.590491 0.305556
vt 0.590513 0.329914
vt 0.588332 0.322940
vt 0.590344 0.290540
vt 0.593939 0.291209
vt 0.591846 0.246687
vt 0.586500 0.255126
vt 0.585516 0.244968
vt 0.584237 0.219623
vt 0.590501 0.348573
vt 0.587545 0.344944
vt 0.587915 0.310167
vt 0.586313 0.298768
vt 0.586929 0.263452
vt 0.584044 0.328940
vt 0.583448 0.315130
vt 0.582237 0.285791
vt 0.581431 0.235194
vt 0.579301 0.227157
vt 0.581731 0.352869
vt 0.582963 0.341926
vt 0.581606 0.302033
vt 0.580001 0.261347
vt 0.578638 0.247444
vt 0.579822 0.333580
vt 0.578087 0.319929
vt 0.578662 0.310006
vt 0.577533 0.286928
vt 0.573452 0.299739
vt 0.574783 0.320371
vt 0.581866 0.273819
vt 0.574608 0.329576
vt 0.574958 0.253301
vt 0.571088 0.332628
vt 0.577996 0.234353
vt 0.570184 0.246604
vt 0.543179 0.203840
vt 0.521239 0.233266
vt 0.520850 0.354878
vt 0.505367 0.341700
vt 0.495225 0.338496
vt 0.482700 0.331628
vt 0.478874 0.331472
vt 0.474677 0.227240
vt 0.470596 0.331127
vt 0.460227 0.310383
vt 0.423907 0.185424
vt 0.443929 0.282353
vt 0.439992 0.352535
vt 0.431165 0.349077
vt 0.430908 0.341791
vt 0.410211 0.368308
vt 0.627873 0.337254
vt 0.382494 0.208011
vt 0.382494 0.312674
vt 0.633008 0.188567
vt 0.632843 0.300615
vt 0.631735 0.229265
vt 0.626095 0.351697
vt 0.615483 0.352464
vt 0.613512 0.223846
vt 0.586901 0.270931
vt 0.587001 0.280801
vt 0.596534 0.238067
vt 0.354973 0.934347
vt 0.354818 0.938575
vt 0.346561 0.938029
vt 0.348962 0.932245
vt 0.353414 0.930079
vt 0.346570 0.924552
vt 0.357473 0.926017
vt 0.346566 0.927891
vt 0.350897 0.921977
vt 0.344997 0.919901
vt 0.349539 0.917088
vt 0.341452 0.910917
vt 0.341891 0.933321
vt 0.340433 0.922668
vt 0.347205 0.911449
vt 0.343811 0.905207
vt 0.348413 0.903955
vt 0.338548 0.945698
vt 0.340948 0.942120
vt 0.350823 0.941986
vt 0.339038 0.916454
vt 0.337615 0.936478
vt 0.336089 0.931812
vt 0.340929 0.902239
vt 0.331758 0.942354
vt 0.334988 0.923880
vt 0.339094 0.927806
vt 0.332517 0.928691
vt 0.332214 0.919433
vt 0.332855 0.936553
vt 0.329431 0.932268
vt 0.328639 0.952966
vt 0.321263 0.950808
vt 0.349528 0.951165
vt 0.334200 0.914495
vt 0.329394 0.913484
vt 0.328453 0.924883
vt 0.332226 0.903745
vt 0.328567 0.905518
vt 0.327684 0.896464
vt 0.338150 0.948292
vt 0.320826 0.945677
vt 0.326780 0.914406
vt 0.326804 0.909076
vt 0.322840 0.912867
vt 0.323275 0.905289
vt 0.311774 0.945561
vt 0.322321 0.941722
vt 0.325655 0.922863
vt 0.323155 0.920907
vt 0.319216 0.891294
vt 0.319829 0.934256
vt 0.318457 0.925887
vt 0.319930 0.913589
vt 0.316919 0.921575
vt 0.319596 0.900203
vt 0.316414 0.907285
vt 0.315087 0.916859
vt 0.314646 0.912810
vt 0.323367 0.936980
vt 0.309645 0.942196
vt 0.305016 0.939129
vt 0.309296 0.913952
vt 0.309682 0.907031
vt 0.315196 0.900243
vt 0.308354 0.901760
vt 0.310181 0.924676
vt 0.307599 0.919305
vt 0.309680 0.897396
vt 0.305288 0.897815
vt 0.307000 0.932211
vt 0.313147 0.933434
vt 0.296718 0.950595
vt 0.299452 0.942986
vt 0.301185 0.931151
vt 0.305802 0.926822
vt 0.302318 0.912272
vt 0.305098 0.906822
vt 0.302222 0.926265
vt 0.300587 0.917972
vt 0.302589 0.905077
vt 0.295099 0.947379
vt 0.301704 0.936494
vt 0.297478 0.927247
vt 0.295743 0.934526
vt 0.297301 0.920665
vt 0.299304 0.906480
vt 0.291776 0.938158
vt 0.294114 0.912366
vt 0.297999 0.895512
vt 0.302424 0.896728
vt 0.296199 0.900049
vt 0.291695 0.929672
vt 0.293619 0.904797
vt 0.292728 0.922444
vt 0.290167 0.898750
vt 0.291647 0.891850
vt 0.290945 0.940829
vt 0.289912 0.917442
vt 0.289006 0.910742
vt 0.291698 0.954766
vt 0.272621 0.951549
vt 0.288349 0.933595
vt 0.289567 0.925730
vt 0.288997 0.890576
vt 0.286248 0.890465
vt 0.285527 0.913148
vt 0.286629 0.903546
vt 0.285065 0.921578
vt 0.284179 0.908198
vt 0.282280 0.885551
vt 0.279411 0.928301
vt 0.282770 0.918249
vt 0.279395 0.941513
vt 0.276209 0.937378
vt 0.282930 0.936387
vt 0.276608 0.933004
vt 0.274480 0.922635
vt 0.278292 0.913587
vt 0.279663 0.898396
vt 0.276302 0.908726
vt 0.274475 0.900390
vt 0.265745 0.948099
vt 0.273064 0.909013
vt 0.272538 0.941163
vt 0.268863 0.936323
vt 0.273382 0.917278
vt 0.269591 0.933481
vt 0.273086 0.928415
vt 0.270121 0.907723
vt 0.269311 0.899245
vt 0.264909 0.931685
vt 0.263025 0.941018
vt 0.268088 0.921568
vt 0.264668 0.919177
vt 0.263735 0.912212
vt 0.264700 0.906108
vt 0.262295 0.895068
vt 0.259998 0.934481
vt 0.262704 0.925108
vt 0.261878 0.930206
vt 0.258306 0.905601
vt 0.258634 0.926397
vt 0.252692 0.920873
vt 0.258877 0.916936
vt 0.254127 0.909977
vt 0.247688 0.948059
vt 0.254350 0.928038
vt 0.251962 0.903116
vt 0.253325 0.936507
vt 0.248847 0.926123
vt 0.246882 0.909641
vt 0.246605 0.904806
vt 0.246534 0.933378
vt 0.253290 0.942921
vt 0.243215 0.939364
vt 0.245307 0.919230
vt 0.247483 0.913643
vt 0.243794 0.928364
vt 0.225429 0.949979
vt 0.242701 0.910544
vt 0.240840 0.924116
vt 0.240940 0.916813
vt 0.237628 0.932907
vt 0.236903 0.916937
vt 0.238916 0.941634
vt 0.233793 0.922140
vt 0.232008 0.933548
vt 0.231736 0.925595
vt 0.230794 0.919965
vt 0.227089 0.944230
vt 0.228490 0.939782
vt 0.224857 0.920577
vt 0.227786 0.906512
vt 0.229962 0.905800
vt 0.225665 0.935242
vt 0.226309 0.929126
vt 0.218304 0.945573
vt 0.220158 0.926870
vt 0.226031 0.915853
vt 0.220887 0.911886
vt 0.225949 0.907813
vt 0.218548 0.939389
vt 0.218266 0.918347
vt 0.217120 0.923796
vt 0.217529 0.908819
vt 0.216984 0.942164
vt 0.218390 0.930710
vt 0.396797 0.931498
vt 0.396700 0.939635
vt 0.392776 0.932484
vt 0.392465 0.925987
vt 0.396704 0.924216
vt 0.392190 0.922273
vt 0.395643 0.917900
vt 0.391071 0.917250
vt 0.393423 0.911664
vt 0.392443 0.940409
vt 0.386978 0.936857
vt 0.392049 0.904999
vt 0.387317 0.909648
vt 0.388472 0.905184
vt 0.394638 0.949365
vt 0.365978 0.954133
vt 0.375859 0.949450
vt 0.382955 0.933108
vt 0.388810 0.929821
vt 0.387151 0.925693
vt 0.385951 0.921945
vt 0.384510 0.918825
vt 0.384422 0.905550
vt 0.379659 0.933720
vt 0.381432 0.925059
vt 0.382373 0.911054
vt 0.381225 0.919832
vt 0.380896 0.903018
vt 0.383125 0.944360
vt 0.378999 0.940927
vt 0.378411 0.914078
vt 0.377053 0.911671
vt 0.378269 0.899225
vt 0.375989 0.903040
vt 0.377694 0.924361
vt 0.374421 0.918333
vt 0.372676 0.895461
vt 0.377213 0.892952
vt 0.368577 0.944694
vt 0.374365 0.938902
vt 0.372388 0.933931
vt 0.374743 0.929739
vt 0.366012 0.947366
vt 0.372576 0.909729
vt 0.371873 0.924007
vt 0.370072 0.919667
vt 0.371377 0.901578
vt 0.361794 0.942921
vt 0.369855 0.913048
vt 0.368377 0.905375
vt 0.369716 0.891884
vt 0.373660 0.890815
vt 0.364196 0.938788
vt 0.365850 0.935067
vt 0.366923 0.931434
vt 0.365249 0.924721
vt 0.366469 0.902754
vt 0.366119 0.921304
vt 0.366601 0.912131
vt 0.364611 0.908017
vt 0.362810 0.914896
vt 0.360166 0.905841
vt 0.364345 0.900146
vt 0.354075 0.946742
vt 0.361368 0.928486
vt 0.360632 0.923422
vt 0.358930 0.917868
vt 0.354688 0.919844
vt 0.359210 0.912112
vt 0.356593 0.910729
vt 0.355154 0.914678
vt 0.355429 0.900414
vt 0.353069 0.910097
vt 0.350918 0.906553
vt 0.317864 0.930775
vt 0.312640 0.891951
vt 0.286636 0.944437
vt 0.285582 0.929107
vt 0.280299 0.890216
vt 0.256718 0.897873
vt 0.247420 0.894480
vt 0.237307 0.906537
vt 0.232134 0.953303
vt 0.234506 0.909756
vt 0.222392 0.903421
vt 0.221185 0.899208
vt 0.216984 0.914278
vt 0.397017 0.919994
vt 0.397017 0.908607
vt 0.395303 0.945532
s 0
usemtl Material.001
f 2/1/1 11/2/1 12/3/1
f 531/4/2 12/3/2 13/5/2
f 532/6/3 14/7/3 7/8/3
f 4/9/4 9/10/4 25/11/4
f 4/9/5 25/11/5 21/12/5
f 5/13/6 15/14/6 536/15/6
f 536/15/7 16/16/7 1/17/7
f 534/18/8 21/12/8 47/19/8
f 7/8/9 14/7/9 19/20/9
f 15/14/10 27/21/10 536/15/10
f 10/22/11 17/23/11 11/2/11
f 9/10/12 24/24/12 31/25/12
f 20/26/13 19/20/13 36/27/13
f 20/26/14 45/28/14 24/24/14
f 22/29/15 47/19/15 39/30/15
f 17/23/16 28/31/16 29/32/16
f 24/24/17 45/28/17 31/25/17
f 27/21/18 37/33/18 28/31/18
f 28/31/19 37/33/19 33/34/19
f 39/30/20 47/19/20 67/35/20
f 18/36/21 30/37/21 35/38/21
f 32/39/22 38/40/22 56/41/22
f 26/42/23 40/43/23 27/21/23
f 29/32/24 33/34/24 50/44/24
f 30/37/25 34/45/25 35/38/25
f 23/46/26 35/38/26 43/47/26
f 32/39/27 56/41/27 46/48/27
f 33/34/28 37/33/28 41/49/28
f 33/34/29 41/49/29 50/44/29
f 34/45/30 50/44/30 42/50/30
f 35/38/31 42/50/31 43/47/31
f 36/27/32 43/47/32 44/51/32
f 31/25/33 45/28/33 38/40/33
f 37/33/34 48/52/34 41/49/34
f 39/30/35 67/35/35 146/53/35
f 43/47/36 42/50/36 60/54/36
f 38/40/37 45/28/37 53/55/37
f 41/49/38 49/56/38 55/57/38
f 42/50/39 50/44/39 60/54/39
f 43/47/40 60/54/40 61/58/40
f 45/28/41 52/59/41 65/60/41
f 54/61/42 72/62/42 38/40/42
f 40/43/43 57/63/43 48/52/43
f 52/59/44 51/64/44 64/65/44
f 52/59/45 64/65/45 65/60/45
f 45/28/46 65/60/46 66/66/46
f 53/55/47 72/62/47 54/61/47
f 48/52/48 57/63/48 58/67/48
f 50/44/49 55/57/49 59/68/49
f 50/44/50 59/68/50 60/54/50
f 72/62/51 75/69/51 56/41/51
f 65/60/52 84/70/52 66/66/52
f 72/62/53 85/71/53 75/69/53
f 58/67/54 57/63/54 77/72/54
f 55/57/55 68/73/55 69/74/55
f 61/58/56 62/75/56 63/76/56
f 63/76/57 79/77/57 51/64/57
f 66/66/58 84/70/58 80/78/58
f 67/35/59 149/79/59 146/53/59
f 62/75/60 70/80/60 74/81/60
f 63/76/61 74/81/61 79/77/61
f 64/65/62 79/77/62 71/82/62
f 77/72/63 81/83/63 68/73/63
f 68/73/64 81/83/64 69/74/64
f 69/74/65 82/84/65 70/80/65
f 104/85/66 149/79/66 67/35/66
f 74/81/67 83/86/67 79/77/67
f 71/82/68 79/77/68 91/87/68
f 71/82/69 91/87/69 84/70/69
f 85/71/70 107/88/70 75/69/70
f 78/89/71 89/90/71 74/81/71
f 79/77/72 83/86/72 90/91/72
f 76/92/73 107/88/73 92/93/73
f 81/83/74 87/94/74 82/84/74
f 104/85/75 130/95/75 149/79/75
f 82/84/76 88/96/76 78/89/76
f 78/89/77 88/96/77 89/90/77
f 84/70/78 96/97/78 80/78/78
f 83/86/79 94/98/79 95/99/79
f 83/86/80 95/99/80 90/91/80
f 90/91/81 100/100/81 91/87/81
f 101/101/82 102/102/82 84/70/82
f 96/97/83 103/103/83 85/71/83
f 86/104/84 93/105/84 97/106/84
f 90/91/85 106/107/85 100/100/85
f 87/94/86 98/108/86 88/96/86
f 102/102/87 103/103/87 96/97/87
f 93/105/88 114/109/88 97/106/88
f 107/88/89 129/110/89 92/93/89
f 97/106/90 109/111/90 98/108/90
f 99/112/91 98/108/91 109/111/91
f 94/98/92 99/112/92 110/113/92
f 94/98/93 110/113/93 105/114/93
f 106/107/94 111/115/94 100/100/94
f 112/116/95 118/117/95 102/102/95
f 102/102/96 119/118/96 103/103/96
f 114/109/97 115/119/97 97/106/97
f 97/106/98 115/119/98 109/111/98
f 149/79/99 191/120/99 146/53/99
f 99/112/100 109/111/100 110/113/100
f 120/121/101 129/110/101 107/88/101
f 115/119/102 127/122/102 109/111/102
f 106/107/103 117/123/103 111/115/103
f 111/115/104 123/124/104 112/116/104
f 118/117/105 136/125/105 119/118/105
f 109/111/106 127/122/106 116/126/106
f 110/113/107 116/126/107 128/127/107
f 110/113/108 128/127/108 117/123/108
f 111/115/109 122/128/109 123/124/109
f 123/124/110 124/129/110 112/116/110
f 124/129/111 118/117/111 112/116/111
f 119/118/112 142/130/112 120/121/112
f 115/119/113 125/131/113 126/132/113
f 129/110/114 167/133/114 130/95/114
f 116/126/115 127/122/115 121/134/115
f 116/126/116 121/134/116 128/127/116
f 124/129/117 136/125/117 118/117/117
f 121/134/118 131/135/118 132/136/118
f 121/134/119 132/136/119 133/137/119
f 121/134/120 133/137/120 128/127/120
f 122/128/121 134/138/121 123/124/121
f 123/124/122 135/139/122 124/129/122
f 124/129/123 135/139/123 136/125/123
f 127/122/124 138/140/124 131/135/124
f 135/139/125 141/141/125 136/125/125
f 142/130/126 156/142/126 143/143/126
f 143/143/127 166/144/127 129/110/127
f 132/136/128 139/145/128 140/146/128
f 132/136/129 140/146/129 133/137/129
f 133/137/130 152/147/130 134/138/130
f 134/138/131 152/147/131 144/148/131
f 141/141/132 148/149/132 136/125/132
f 139/145/133 158/150/133 151/151/133
f 144/148/134 154/152/134 134/138/134
f 145/153/135 161/154/135 142/130/135
f 138/140/136 150/155/136 158/150/136
f 412/156/137 146/53/137 191/120/137
f 152/147/138 153/157/138 144/148/138
f 155/158/139 165/159/139 141/141/139
f 148/149/140 172/160/140 145/153/140
f 160/161/141 164/162/141 154/152/141
f 154/152/142 170/163/142 155/158/142
f 161/154/143 181/164/143 156/142/143
f 175/165/144 191/120/144 149/79/144
f 147/166/145 151/151/145 159/167/145
f 152/147/146 159/167/146 169/168/146
f 151/151/147 158/150/147 163/169/147
f 151/151/148 163/169/148 159/167/148
f 160/161/149 174/170/149 164/162/149
f 164/162/150 180/171/150 170/163/150
f 166/144/151 182/172/151 190/173/151
f 167/133/152 202/174/152 175/165/152
f 158/150/153 168/175/153 163/169/153
f 159/167/154 163/169/154 173/176/154
f 159/167/155 173/176/155 169/168/155
f 170/163/156 171/177/156 165/159/156
f 181/164/157 182/172/157 166/144/157
f 162/178/158 176/179/158 168/175/158
f 164/162/159 174/170/159 180/171/159
f 171/177/160 188/180/160 172/160/160
f 172/160/161 189/181/161 181/164/161
f 168/175/162 177/182/162 173/176/162
f 175/165/163 226/183/163 191/120/163
f 169/168/164 178/184/164 179/185/164
f 189/181/165 203/186/165 181/164/165
f 202/174/166 226/183/166 175/165/166
f 179/185/167 184/187/167 174/170/167
f 203/186/168 197/188/168 181/164/168
f 181/164/169 197/188/169 182/172/169
f 177/182/170 187/189/170 178/184/170
f 180/171/171 184/187/171 195/190/171
f 171/177/172 195/190/172 188/180/172
f 182/172/173 197/188/173 190/173/173
f 187/189/174 193/191/174 199/192/174
f 184/187/175 199/192/175 194/193/175
f 184/187/176 194/193/176 195/190/176
f 186/194/177 192/195/177 187/189/177
f 191/120/178 226/183/178 320/196/178
f 194/193/179 199/192/179 200/197/179
f 189/181/180 196/198/180 215/199/180
f 199/192/181 207/200/181 200/197/181
f 194/193/182 200/197/182 208/201/182
f 195/190/183 208/201/183 201/202/183
f 201/202/184 214/203/184 196/198/184
f 196/198/185 214/203/185 215/199/185
f 190/173/186 197/188/186 225/204/186
f 202/174/187 225/204/187 241/205/187
f 218/206/188 219/207/188 207/200/188
f 207/200/189 211/208/189 200/197/189
f 200/197/190 211/208/190 208/201/190
f 213/209/191 214/203/191 201/202/191
f 198/210/192 205/211/192 206/212/192
f 207/200/193 219/207/193 211/208/193
f 211/208/194 212/213/194 208/201/194
f 213/209/195 223/214/195 214/203/195
f 214/203/196 223/214/196 215/199/196
f 197/188/197 232/215/197 225/204/197
f 205/211/198 217/216/198 206/212/198
f 232/215/199 240/217/199 225/204/199
f 412/218/200 191/120/200 320/196/200
f 210/219/201 227/220/201 216/221/201
f 218/206/202 230/222/202 219/207/202
f 219/207/203 221/223/203 211/208/203
f 211/208/204 221/223/204 212/213/204
f 213/209/205 222/224/205 223/214/205
f 215/199/206 231/225/206 224/226/206
f 216/221/207 227/220/207 228/227/207
f 230/222/208 234/228/208 219/207/208
f 219/207/209 234/228/209 221/223/209
f 234/228/210 235/229/210 221/223/210
f 220/230/211 238/231/211 222/224/211
f 222/224/212 238/231/212 223/214/212
f 231/225/213 254/232/213 224/226/213
f 230/222/214 237/233/214 234/228/214
f 235/229/215 247/234/215 220/230/215
f 238/231/216 243/235/216 239/236/216
f 232/215/217 250/237/217 240/217/217
f 228/227/218 242/238/218 236/239/218
f 226/183/219 241/205/219 255/240/219
f 237/233/220 252/241/220 234/228/220
f 238/231/221 248/242/221 243/235/221
f 254/232/222 249/243/222 232/215/222
f 233/244/223 236/239/223 251/245/223
f 237/233/224 245/246/224 252/241/224
f 243/235/225 253/247/225 239/236/225
f 239/236/226 253/247/226 254/232/226
f 236/239/227 244/248/227 251/245/227
f 246/249/228 261/250/228 247/234/228
f 254/232/229 264/251/229 249/243/229
f 242/238/230 258/252/230 244/248/230
f 240/217/231 250/237/231 271/253/231
f 241/205/232 240/217/232 255/240/232
f 261/250/233 262/254/233 248/242/233
f 248/242/234 262/254/234 253/247/234
f 240/217/235 271/253/235 255/240/235
f 245/246/236 256/255/236 259/256/236
f 251/245/237 258/252/237 267/257/237
f 254/232/238 270/258/238 264/251/238
f 249/243/239 264/251/239 279/259/239
f 255/240/240 271/253/240 280/260/240
f 257/261/241 259/256/241 273/262/241
f 261/250/242 274/263/242 269/264/242
f 262/254/243 278/265/243 270/258/243
f 258/252/244 266/266/244 272/267/244
f 268/268/245 267/257/245 276/269/245
f 264/251/246 270/258/246 284/270/246
f 264/251/247 284/270/247 279/259/247
f 265/271/248 279/259/248 289/272/248
f 259/256/249 282/273/249 273/262/249
f 270/258/250 278/265/250 288/274/250
f 270/258/251 288/274/251 284/270/251
f 267/257/252 272/267/252 276/269/252
f 268/268/253 276/269/253 282/273/253
f 273/262/254 282/273/254 285/275/254
f 274/263/255 283/276/255 277/277/255
f 289/272/256 319/278/256 280/260/256
f 292/279/257 293/280/257 276/269/257
f 283/276/258 285/275/258 286/281/258
f 277/277/259 294/282/259 287/283/259
f 279/259/260 304/284/260 305/285/260
f 282/273/261 293/280/261 285/275/261
f 283/276/262 286/281/262 294/282/262
f 285/275/263 298/286/263 301/287/263
f 286/281/264 301/287/264 294/282/264
f 287/283/265 294/282/265 299/288/265
f 287/283/266 299/288/266 313/289/266
f 288/274/267 313/289/267 304/284/267
f 297/290/268 300/291/268 292/279/268
f 292/279/269 300/291/269 293/280/269
f 298/286/270 310/292/270 301/287/270
f 294/282/271 311/293/271 302/294/271
f 294/282/272 302/294/272 299/288/272
f 295/295/273 308/296/273 296/297/273
f 296/297/274 314/298/274 290/299/274
f 290/299/275 309/300/275 291/301/275
f 299/288/276 312/302/276 303/303/276
f 296/297/277 308/296/277 314/298/277
f 305/285/278 318/304/278 306/305/278
f 301/287/279 316/306/279 311/293/279
f 302/294/280 311/293/280 312/302/280
f 304/284/281 326/307/281 327/308/281
f 309/300/282 315/309/282 300/291/282
f 319/278/283 363/310/283 307/311/283
f 311/293/284 316/306/284 332/312/284
f 311/293/285 332/312/285 317/313/285
f 312/302/286 317/313/286 325/314/286
f 313/289/287 325/314/287 334/315/287
f 313/289/288 334/315/288 326/307/288
f 309/300/289 322/316/289 315/309/289
f 363/310/290 398/317/290 307/311/290
f 325/314/291 333/318/291 334/315/291
f 327/308/292 339/319/292 318/304/292
f 322/316/293 330/320/293 315/309/293
f 398/317/294 412/321/294 320/196/294
f 316/306/295 324/322/295 332/312/295
f 335/323/296 347/324/296 327/308/296
f 321/325/297 342/326/297 322/316/297
f 340/327/298 375/328/298 363/310/298
f 330/320/299 331/329/299 323/330/299
f 324/322/300 331/329/300 332/312/300
f 317/313/301 332/312/301 353/331/301
f 317/313/302 353/331/302 345/332/302
f 334/315/303 346/333/303 338/334/303
f 333/318/304 345/332/304 346/333/304
f 338/334/305 346/333/305 355/335/305
f 347/324/306 361/336/306 339/319/306
f 341/337/307 348/338/307 342/326/307
f 339/319/308 362/339/308 340/327/308
f 349/340/309 350/341/309 336/342/309
f 337/343/310 343/344/310 344/345/310
f 346/333/311 354/346/311 359/347/311
f 346/333/312 367/348/312 355/335/312
f 347/324/313 368/349/313 361/336/313
f 342/326/314 357/350/314 349/340/314
f 344/345/315 352/351/315 366/352/315
f 367/348/316 360/353/316 355/335/316
f 362/339/317 424/354/317 375/328/317
f 350/341/318 357/350/318 364/355/318
f 351/356/319 364/355/319 365/357/319
f 352/351/320 365/357/320 373/358/320
f 354/346/321 358/359/321 359/347/321
f 369/360/322 370/361/322 356/362/322
f 361/336/323 392/363/323 362/339/323
f 357/350/324 371/364/324 364/355/324
f 359/347/325 384/365/325 367/348/325
f 370/361/326 381/366/326 371/364/326
f 364/355/327 371/364/327 377/367/327
f 365/357/328 377/367/328 372/368/328
f 366/352/329 378/369/329 379/370/329
f 384/365/330 385/371/330 367/348/330
f 367/348/331 385/371/331 360/353/331
f 360/353/332 386/372/332 368/349/332
f 368/349/333 386/372/333 391/373/333
f 371/364/334 381/366/334 377/367/334
f 372/368/335 377/367/335 382/374/335
f 373/358/336 382/374/336 378/369/336
f 379/370/337 390/375/337 374/376/337
f 374/376/338 396/377/338 384/365/338
f 370/361/339 376/378/339 381/366/339
f 377/367/340 381/366/340 389/379/340
f 377/367/341 389/379/341 382/374/341
f 378/369/342 382/374/342 383/380/342
f 384/365/343 397/381/343 385/371/343
f 385/371/344 410/382/344 386/372/344
f 376/378/345 380/383/345 381/366/345
f 382/374/346 394/384/346 401/385/346
f 382/374/347 401/385/347 395/386/347
f 383/380/348 395/386/348 390/375/348
f 397/381/349 410/382/349 385/371/349
f 381/366/350 393/387/350 388/388/350
f 387/389/351 403/390/351 392/363/351
f 395/386/352 402/391/352 390/375/352
f 411/392/353 420/393/353 391/373/353
f 388/388/354 393/387/354 405/394/354
f 388/388/355 405/394/355 399/395/355
f 389/379/356 399/395/356 394/384/356
f 424/354/357 443/396/357 398/317/357
f 390/397/358 402/398/358 396/399/358
f 396/399/359 409/400/359 397/401/359
f 393/402/360 404/403/360 405/404/360
f 394/405/361 399/406/361 400/407/361
f 395/408/362 406/409/362 402/398/362
f 420/410/363 441/411/363 403/412/363
f 406/409/364 407/413/364 402/398/364
f 409/400/365 434/414/365 410/415/365
f 473/416/366 146/53/366 412/417/366
f 418/418/367 429/419/367 408/420/367
f 408/420/368 430/421/368 409/400/368
f 415/422/369 421/423/369 426/424/369
f 416/425/370 426/424/370 427/426/370
f 417/427/371 427/426/371 422/428/371
f 430/421/372 433/429/372 419/430/372
f 419/430/373 433/429/373 434/414/373
f 447/431/374 441/411/374 420/410/374
f 421/423/375 425/432/375 444/433/375
f 435/434/376 442/435/376 424/436/376
f 442/435/377 443/437/377 424/436/377
f 443/437/378 473/416/378 412/438/378
f 422/428/379 431/439/379 423/440/379
f 428/441/380 432/442/380 423/440/380
f 433/429/381 446/443/381 434/414/381
f 426/424/382 444/433/382 437/444/382
f 427/426/383 437/444/383 438/445/383
f 428/441/384 431/439/384 432/442/384
f 432/442/385 440/446/385 429/419/385
f 429/419/386 440/446/386 430/421/386
f 440/446/387 445/447/387 430/421/387
f 438/445/388 450/448/388 439/449/388
f 439/449/389 451/450/389 431/439/389
f 433/429/390 455/451/390 456/452/390
f 446/443/391 447/431/391 434/414/391
f 441/411/392 463/453/392 435/434/392
f 463/453/393 485/454/393 442/435/393
f 443/437/394 485/454/394 508/455/394
f 437/444/395 449/456/395 450/448/395
f 450/448/396 451/450/396 439/449/396
f 451/450/397 461/457/397 431/439/397
f 431/439/398 454/458/398 440/446/398
f 446/443/399 468/459/399 447/431/399
f 444/433/400 448/460/400 449/456/400
f 449/456/401 452/461/401 450/448/401
f 450/448/402 453/462/402 451/450/402
f 454/458/403 462/463/403 445/447/403
f 452/461/404 460/464/404 450/448/404
f 450/448/405 460/464/405 453/462/405
f 453/462/406 466/465/406 451/450/406
f 458/466/407 459/467/407 452/461/407
f 452/461/408 459/467/408 460/464/408
f 460/464/409 465/468/409 453/462/409
f 462/463/410 470/469/410 477/470/410
f 455/451/411 462/463/411 467/471/411
f 456/452/412 467/471/412 483/472/412
f 459/467/413 464/473/413 460/464/413
f 461/457/414 469/474/414 476/475/414
f 462/463/415 477/470/415 467/471/415
f 456/452/416 483/472/416 471/476/416
f 463/453/417 478/477/417 501/478/417
f 464/473/418 474/479/418 465/468/418
f 466/465/419 475/480/419 469/474/419
f 468/459/420 484/481/420 478/477/420
f 474/479/421 487/482/421 475/480/421
f 469/474/422 479/483/422 480/484/422
f 469/474/423 480/484/423 476/475/423
f 470/469/424 481/485/424 482/486/424
f 472/487/425 508/455/425 535/488/425
f 476/475/426 480/484/426 481/485/426
f 477/470/427 495/489/427 483/472/427
f 478/477/428 484/481/428 517/490/428
f 478/477/429 517/490/429 507/491/429
f 474/479/430 486/492/430 487/482/430
f 481/485/431 493/493/431 494/494/431
f 485/454/432 497/495/432 508/455/432
f 487/482/433 492/496/433 479/483/433
f 491/497/434 498/498/434 487/482/434
f 492/496/435 500/499/435 488/500/435
f 488/500/436 500/499/436 480/484/436
f 496/501/437 506/502/437 513/503/437
f 497/495/438 514/504/438 534/18/438
f 497/495/439 534/18/439 535/488/439
f 490/505/440 502/506/440 491/497/440
f 498/498/441 499/507/441 492/496/441
f 492/496/442 503/508/442 500/499/442
f 494/494/443 512/509/443 506/502/443
f 502/506/444 510/510/444 498/498/444
f 498/498/445 511/511/445 499/507/445
f 473/416/446 472/487/446 39/30/446
f 503/508/447 516/512/447 500/499/447
f 507/491/448 527/513/448 528/514/448
f 518/515/449 509/516/449 502/506/449
f 511/511/450 521/517/450 503/508/450
f 506/502/451 523/518/451 513/503/451
f 513/503/452 524/519/452 517/490/452
f 534/18/453 514/504/453 4/9/453
f 509/516/454 515/520/454 510/510/454
f 510/510/455 519/521/455 511/511/455
f 511/511/456 520/522/456 521/517/456
f 521/517/457 526/523/457 516/512/457
f 513/503/458 523/518/458 524/519/458
f 520/522/459 530/524/459 521/517/459
f 517/490/460 524/519/460 527/513/460
f 514/504/461 528/514/461 4/9/461
f 518/515/462 536/15/462 515/520/462
f 519/521/463 525/525/463 520/522/463
f 521/517/464 531/4/464 526/523/464
f 522/526/465 526/523/465 532/6/465
f 523/518/466 532/6/466 7/8/466
f 515/520/467 1/17/467 529/527/467
f 529/527/468 525/525/468 519/521/468
f 523/518/469 7/8/469 533/528/469
f 526/523/470 531/4/470 13/5/470
f 1/17/471 6/529/471 529/527/471
f 535/488/472 534/18/472 47/19/472
f 525/525/473 529/527/473 11/2/473
f 530/524/474 2/1/474 531/4/474
f 532/6/475 13/5/475 14/7/475
f 531/4/476 2/1/476 12/3/476
f 3/530/477 8/531/477 9/10/477
f 1/17/478 16/16/478 6/529/478
f 529/527/479 6/529/479 10/22/479
f 11/2/480 529/527/480 10/22/480
f 9/10/481 8/531/481 24/24/481
f 18/36/482 23/46/482 14/7/482 13/5/482
f 536/15/483 27/21/483 16/16/483
f 10/22/484 6/529/484 16/16/484
f 19/20/485 14/7/485 23/46/485
f 24/24/486 8/531/486 20/26/486
f 25/11/487 9/10/487 31/25/487
f 15/14/488 26/42/488 27/21/488
f 10/22/489 16/16/489 17/23/489
f 12/3/490 11/2/490 18/36/490
f 13/5/491 12/3/491 18/36/491
f 19/20/492 23/46/492 36/27/492
f 21/12/493 25/11/493 32/39/493
f 47/19/494 21/12/494 46/48/494
f 16/16/495 27/21/495 28/31/495
f 17/23/496 16/16/496 28/31/496
f 11/2/497 17/23/497 29/32/497
f 18/36/498 11/2/498 29/32/498
f 25/11/499 31/25/499 38/40/499
f 32/39/500 25/11/500 38/40/500
f 46/48/501 21/12/501 32/39/501
f 29/32/502 28/31/502 33/34/502
f 18/36/503 29/32/503 30/37/503
f 23/46/504 18/36/504 35/38/504
f 37/33/505 27/21/505 40/43/505
f 30/37/506 29/32/506 34/45/506
f 36/27/507 23/46/507 43/47/507
f 20/26/508 36/27/508 44/51/508
f 37/33/509 40/43/509 48/52/509
f 34/45/510 29/32/510 50/44/510
f 35/38/511 34/45/511 42/50/511
f 45/28/512 20/26/512 44/51/512
f 47/19/513 46/48/513 73/532/513
f 44/51/514 43/47/514 51/64/514
f 45/28/515 44/51/515 52/59/515
f 38/40/516 53/55/516 54/61/516
f 41/49/517 48/52/517 49/56/517
f 67/35/518 47/19/518 73/532/518
f 50/44/519 41/49/519 55/57/519
f 51/64/520 43/47/520 61/58/520
f 44/51/521 51/64/521 52/59/521
f 53/55/522 45/28/522 66/66/522
f 38/40/523 72/62/523 56/41/523
f 51/64/524 61/58/524 63/76/524
f 53/55/525 66/66/525 72/62/525
f 46/48/526 56/41/526 76/92/526
f 49/56/527 48/52/527 58/67/527
f 73/532/528 46/48/528 76/92/528
f 55/57/529 49/56/529 58/67/529
f 56/41/530 75/69/530 76/92/530
f 55/57/531 58/67/531 68/73/531
f 59/68/532 55/57/532 69/74/532
f 60/54/533 59/68/533 62/75/533
f 65/60/534 64/65/534 71/82/534
f 72/62/535 66/66/535 80/78/535
f 59/68/536 69/74/536 70/80/536
f 62/75/537 59/68/537 70/80/537
f 61/58/538 60/54/538 62/75/538
f 64/65/539 51/64/539 79/77/539
f 68/73/540 58/67/540 77/72/540
f 67/35/541 73/532/541 104/85/541
f 63/76/542 62/75/542 74/81/542
f 65/60/543 71/82/543 84/70/543
f 120/121/544 107/88/544 103/103/544 113/533/544
f 85/71/545 72/62/545 80/78/545
f 73/532/546 76/92/546 92/93/546
f 69/74/547 81/83/547 82/84/547
f 70/80/548 82/84/548 78/89/548
f 74/81/549 70/80/549 78/89/549
f 76/92/550 75/69/550 107/88/550
f 104/85/551 73/532/551 92/93/551
f 74/81/552 89/90/552 83/86/552
f 81/83/553 77/72/553 97/106/553
f 79/77/554 90/91/554 91/87/554
f 91/87/555 101/101/555 84/70/555
f 80/78/556 96/97/556 85/71/556
f 81/83/557 97/106/557 87/94/557
f 82/84/558 87/94/558 88/96/558
f 89/90/559 88/96/559 94/98/559
f 83/86/560 89/90/560 94/98/560
f 84/70/561 102/102/561 96/97/561
f 85/71/562 103/103/562 107/88/562
f 91/87/563 100/100/563 101/101/563
f 87/94/564 97/106/564 98/108/564
f 88/96/565 98/108/565 99/112/565
f 94/98/566 88/96/566 99/112/566
f 90/91/567 95/99/567 106/107/567
f 101/101/568 112/116/568 102/102/568
f 93/105/569 108/534/569 114/109/569
f 104/85/570 92/93/570 129/110/570
f 95/99/571 94/98/571 105/114/571
f 100/100/572 111/115/572 112/116/572
f 101/101/573 100/100/573 112/116/573
f 102/102/574 118/117/574 119/118/574
f 113/533/575 103/103/575 119/118/575
f 104/85/576 129/110/576 130/95/576
f 95/99/577 105/114/577 106/107/577
f 113/533/578 119/118/578 120/121/578
f 110/113/579 109/111/579 116/126/579
f 105/114/580 110/113/580 117/123/580
f 106/107/581 105/114/581 117/123/581
f 120/121/582 143/143/582 129/110/582
f 111/115/583 117/123/583 122/128/583
f 119/118/584 136/125/584 145/153/584
f 119/118/585 145/153/585 142/130/585
f 120/121/586 142/130/586 143/143/586
f 127/122/587 115/119/587 126/132/587
f 117/123/588 128/127/588 122/128/588
f 130/95/589 175/165/589 149/79/589
f 121/134/590 127/122/590 131/135/590
f 122/128/591 128/127/591 134/138/591
f 123/124/592 134/138/592 135/139/592
f 137/535/593 138/140/593 126/132/593 125/131/593
f 129/110/594 166/144/594 167/133/594
f 141/141/595 135/139/595 134/138/595 154/152/595
f 127/122/596 126/132/596 138/140/596
f 130/95/597 167/133/597 175/165/597
f 128/127/598 133/137/598 134/138/598
f 131/135/599 138/140/599 139/145/599
f 132/136/600 131/135/600 139/145/600
f 133/137/601 140/146/601 152/147/601
f 136/125/602 148/149/602 145/153/602
f 151/151/603 147/166/603 140/146/603 139/145/603
f 139/145/604 138/140/604 158/150/604
f 140/146/605 147/166/605 152/147/605
f 141/141/606 154/152/606 155/158/606
f 142/130/607 161/154/607 156/142/607
f 143/143/608 156/142/608 166/144/608
f 138/140/609 137/535/609 150/155/609
f 144/148/610 153/157/610 160/161/610
f 144/148/611 160/161/611 154/152/611
f 141/141/612 165/159/612 148/149/612
f 145/153/613 172/160/613 161/154/613
f 167/133/614 166/144/614 190/173/614
f 152/147/615 147/166/615 159/167/615
f 148/149/616 165/159/616 172/160/616
f 153/157/617 152/147/617 169/168/617
f 195/190/618 171/177/618 170/163/618 180/171/618
f 154/152/619 164/162/619 170/163/619
f 155/158/620 170/163/620 165/159/620
f 156/142/621 181/164/621 166/144/621
f 158/150/622 150/155/622 157/536/622
f 161/154/623 172/160/623 181/164/623
f 157/536/624 162/178/624 168/175/624
f 167/133/625 190/173/625 202/174/625
f 158/150/626 157/536/626 168/175/626
f 160/161/627 153/157/627 169/168/627
f 165/159/628 171/177/628 172/160/628
f 163/169/629 168/175/629 173/176/629
f 169/168/630 173/176/630 178/184/630
f 160/161/631 169/168/631 179/185/631
f 174/170/632 160/161/632 179/185/632
f 168/175/633 176/179/633 177/182/633
f 173/176/634 177/182/634 178/184/634
f 180/171/635 174/170/635 184/187/635
f 186/194/636 177/182/636 176/179/636 183/537/636
f 199/192/637 179/185/637 178/184/637 187/189/637
f 177/182/638 186/194/638 187/189/638
f 189/181/639 172/160/639 188/180/639 196/198/639
f 184/187/640 179/185/640 199/192/640
f 183/537/641 185/538/641 186/194/641
f 197/188/642 203/186/642 209/539/642
f 186/194/643 185/538/643 192/195/643
f 187/189/644 192/195/644 193/191/644
f 188/180/645 195/190/645 201/202/645
f 196/198/646 188/180/646 201/202/646
f 203/186/647 189/181/647 215/199/647
f 202/174/648 241/205/648 226/183/648
f 193/191/649 192/195/649 206/212/649
f 193/191/650 206/212/650 199/192/650
f 195/190/651 194/193/651 208/201/651
f 207/200/652 199/192/652 206/212/652 218/206/652
f 185/538/653 198/210/653 192/195/653
f 232/215/654 197/188/654 209/539/654 224/226/654
f 201/202/655 208/201/655 213/209/655
f 209/539/656 203/186/656 224/226/656
f 202/174/657 190/173/657 225/204/657
f 192/195/658 198/210/658 206/212/658
f 208/201/659 212/213/659 213/209/659
f 224/226/660 203/186/660 215/199/660
f 222/224/661 213/209/661 212/213/661 220/230/661
f 198/210/662 204/540/662 205/211/662
f 204/540/663 210/219/663 216/221/663
f 205/211/664 204/540/664 216/221/664
f 205/211/665 216/221/665 217/216/665
f 212/213/666 221/223/666 220/230/666
f 217/216/667 216/221/667 228/227/667
f 230/222/668 218/206/668 206/212/668 217/216/668
f 237/233/669 230/222/669 229/541/669 233/244/669
f 215/199/670 223/214/670 231/225/670
f 217/216/671 228/227/671 236/239/671
f 217/216/672 236/239/672 229/541/672
f 217/216/673 229/541/673 230/222/673
f 220/230/674 221/223/674 235/229/674
f 225/204/675 240/217/675 241/205/675
f 223/214/676 238/231/676 239/236/676
f 223/214/677 239/236/677 231/225/677
f 224/226/678 254/232/678 232/215/678
f 228/227/679 227/220/679 242/238/679
f 229/541/680 236/239/680 233/244/680
f 246/249/681 235/229/681 234/228/681 252/241/681
f 220/230/682 247/234/682 238/231/682
f 231/225/683 239/236/683 254/232/683
f 320/196/684 226/183/684 255/240/684
f 245/246/685 237/233/685 233/244/685 251/245/685
f 235/229/686 246/249/686 247/234/686
f 232/215/687 249/243/687 250/237/687
f 236/239/688 242/238/688 244/248/688
f 238/231/689 247/234/689 248/242/689
f 307/311/690 328/542/690 255/240/690 280/260/690
f 245/246/691 257/261/691 252/241/691
f 247/234/692 261/250/692 248/242/692
f 243/235/693 248/242/693 253/247/693
f 245/246/694 259/256/694 257/261/694
f 246/249/695 252/241/695 261/250/695
f 250/237/696 249/243/696 265/271/696
f 251/245/697 244/248/697 258/252/697
f 245/246/698 251/245/698 256/255/698
f 254/232/699 253/247/699 270/258/699
f 256/255/700 251/245/700 267/257/700
f 271/253/701 250/237/701 265/271/701
f 252/241/702 257/261/702 260/543/702
f 252/241/703 260/543/703 261/250/703
f 262/254/704 261/250/704 269/264/704
f 253/247/705 262/254/705 270/258/705
f 265/271/706 249/243/706 279/259/706
f 260/543/707 257/261/707 273/262/707
f 261/250/708 260/543/708 274/263/708
f 267/257/709 258/252/709 272/267/709
f 256/255/710 267/257/710 268/268/710
f 259/256/711 256/255/711 268/268/711
f 260/543/712 273/262/712 274/263/712
f 262/254/713 269/264/713 278/265/713
f 320/196/714 255/240/714 328/542/714
f 263/544/715 281/545/715 275/546/715
f 263/544/716 275/546/716 266/266/716
f 271/253/717 265/271/717 289/272/717
f 259/256/718 268/268/718 282/273/718
f 266/266/719 275/546/719 272/267/719
f 271/253/720 289/272/720 280/260/720
f 274/263/721 273/262/721 283/276/721
f 269/264/722 274/263/722 277/277/722
f 278/265/723 269/264/723 277/277/723
f 272/267/724 275/546/724 292/279/724
f 280/260/725 319/278/725 307/311/725
f 272/267/726 292/279/726 276/269/726
f 283/276/727 273/262/727 285/275/727
f 279/259/728 284/270/728 304/284/728
f 275/546/729 281/545/729 291/301/729
f 275/546/730 291/301/730 292/279/730
f 282/273/731 276/269/731 293/280/731
f 277/277/732 283/276/732 294/282/732
f 278/265/733 277/277/733 287/283/733
f 288/274/734 278/265/734 287/283/734
f 279/259/735 305/285/735 289/272/735
f 284/270/736 288/274/736 304/284/736
f 289/272/737 306/305/737 319/278/737
f 292/279/738 291/301/738 297/290/738
f 285/275/739 293/280/739 298/286/739
f 286/281/740 285/275/740 301/287/740
f 288/274/741 287/283/741 313/289/741
f 289/272/742 305/285/742 306/305/742
f 293/280/743 300/291/743 298/286/743
f 294/282/744 301/287/744 311/293/744
f 313/289/745 299/288/745 303/303/745
f 290/299/746 314/298/746 309/300/746
f 291/301/747 309/300/747 297/290/747
f 328/542/748 398/317/748 320/196/748
f 299/288/749 302/294/749 312/302/749
f 19/20/750 20/26/750 8/531/750 7/8/750
f 297/290/751 309/300/751 300/291/751
f 298/286/752 300/291/752 310/292/752
f 313/289/753 303/303/753 325/314/753
f 304/284/754 313/289/754 326/307/754
f 305/285/755 304/284/755 327/308/755
f 306/305/756 318/304/756 340/327/756
f 306/305/757 340/327/757 319/278/757
f 300/291/758 315/309/758 310/292/758
f 301/287/759 310/292/759 316/306/759
f 312/302/760 311/293/760 317/313/760
f 303/303/761 312/302/761 325/314/761
f 336/342/762 331/329/762 330/320/762 349/340/762
f 318/304/763 305/285/763 327/308/763
f 308/296/764 321/325/764 314/298/764
f 309/300/765 314/298/765 322/316/765
f 310/292/766 315/309/766 323/330/766
f 307/311/767 398/317/767 328/542/767
f 316/306/768 310/292/768 323/330/768
f 326/307/769 335/323/769 327/308/769
f 321/325/770 329/547/770 341/337/770
f 314/298/771 321/325/771 322/316/771
f 318/304/772 339/319/772 340/327/772
f 319/278/773 340/327/773 363/310/773
f 315/309/774 330/320/774 323/330/774
f 316/306/775 323/330/775 324/322/775
f 333/318/776 325/314/776 345/332/776
f 326/307/777 334/315/777 338/334/777
f 326/307/778 338/334/778 335/323/778
f 327/308/779 347/324/779 339/319/779
f 321/325/780 341/337/780 342/326/780
f 322/316/781 342/326/781 349/340/781
f 322/316/782 349/340/782 330/320/782
f 324/322/783 323/330/783 331/329/783
f 325/314/784 317/313/784 345/332/784
f 334/315/785 333/318/785 346/333/785
f 335/323/786 338/334/786 347/324/786
f 336/342/787 337/343/787 332/312/787 331/329/787
f 351/356/788 343/344/788 337/343/788 336/342/788
f 353/331/789 332/312/789 337/343/789
f 346/333/790 345/332/790 354/346/790
f 338/334/791 355/335/791 347/324/791
f 340/327/792 362/339/792 375/328/792
f 336/342/793 350/341/793 351/356/793
f 371/364/794 357/350/794 356/362/794 370/361/794
f 353/331/795 337/343/795 344/345/795
f 347/324/796 355/335/796 368/349/796
f 342/326/797 348/338/797 357/350/797
f 339/319/798 361/336/798 362/339/798
f 343/344/799 351/356/799 352/351/799
f 344/345/800 343/344/800 352/351/800
f 353/331/801 344/345/801 366/352/801
f 345/332/802 353/331/802 358/359/802
f 354/346/803 345/332/803 358/359/803
f 346/333/804 359/347/804 367/348/804
f 355/335/805 360/353/805 368/349/805
f 361/336/806 368/349/806 387/389/806
f 348/338/807 356/362/807 357/350/807
f 350/341/808 349/340/808 357/350/808
f 351/356/809 350/341/809 364/355/809
f 352/351/810 351/356/810 365/357/810
f 366/352/811 352/351/811 373/358/811
f 358/359/812 353/331/812 366/352/812
f 368/349/813 391/373/813 387/389/813
f 383/380/814 390/375/814 379/370/814 378/369/814
f 361/336/815 387/389/815 392/363/815
f 363/310/816 375/328/816 398/317/816
f 373/358/817 365/357/817 372/368/817
f 358/359/818 366/352/818 374/376/818
f 359/347/819 358/359/819 374/376/819
f 359/347/820 374/376/820 384/365/820
f 362/339/821 392/363/821 424/354/821
f 365/357/822 364/355/822 377/367/822
f 366/352/823 373/358/823 378/369/823
f 374/376/824 366/352/824 379/370/824
f 360/353/825 385/371/825 386/372/825
f 375/328/826 424/354/826 398/317/826
f 373/358/827 372/368/827 382/374/827
f 374/376/828 390/375/828 396/377/828
f 414/548/829 416/425/829 400/407/829 399/406/829
f 502/506/830 490/505/830 783/505/830 789/506/830
f 386/372/831 411/392/831 391/373/831
f 387/389/832 391/373/832 403/390/832
f 382/374/833 389/379/833 394/384/833
f 383/380/834 382/374/834 395/386/834
f 384/365/835 396/377/835 397/381/835
f 386/372/836 410/382/836 411/392/836
f 295/295/837 296/297/837 701/297/837 695/295/837
f 389/379/838 381/366/838 388/388/838
f 77/72/839 57/63/839 571/63/839 575/72/839
f 93/105/840 86/104/840 586/104/840 593/105/840
f 391/373/841 420/393/841 403/390/841
f 392/363/842 403/390/842 435/549/842
f 392/363/843 435/549/843 424/354/843
f 389/379/844 388/388/844 399/395/844
f 401/385/845 394/384/845 400/550/845
f 396/399/846 402/398/846 408/420/846
f 396/399/847 408/420/847 409/400/847
f 157/536/848 150/155/848 625/155/848 627/536/848
f 397/401/849 409/400/849 410/415/849
f 393/387/850 381/366/850 729/366/850 732/387/850
f 399/406/851 405/404/851 414/548/851
f 398/551/852 443/437/852 412/438/852
f 401/552/853 400/407/853 416/425/853
f 395/408/854 401/552/854 406/409/854
f 258/252/855 242/238/855 671/238/855 679/252/855
f 26/42/856 15/14/856 550/14/856 556/42/856
f 410/415/857 434/414/857 411/553/857
f 403/412/858 441/411/858 435/434/858
f 414/548/859 405/404/859 413/554/859
f 423/440/860 407/413/860 406/409/860 422/428/860
f 401/552/861 416/425/861 417/427/861
f 406/409/862 401/552/862 417/427/862
f 402/398/863 407/413/863 418/418/863
f 402/398/864 418/418/864 408/420/864
f 409/400/865 430/421/865 419/430/865
f 409/400/866 419/430/866 434/414/866
f 411/553/867 434/414/867 447/431/867
f 411/553/868 447/431/868 420/410/868
f 405/404/869 404/403/869 413/554/869
f 416/425/870 414/548/870 415/422/870
f 406/409/871 417/427/871 422/428/871
f 369/360/872 356/362/872 721/362/872 720/360/872
f 407/413/873 423/440/873 418/418/873
f 341/337/874 329/547/874 708/547/874 719/337/874
f 408/420/875 429/419/875 430/421/875
f 97/106/876 77/72/876 575/72/876 591/106/876
f 425/432/877 421/423/877 414/548/877 413/554/877
f 438/445/878 439/449/878 431/439/878 427/426/878
f 415/422/879 414/548/879 421/423/879
f 416/425/880 415/422/880 426/424/880
f 417/427/881 416/425/881 427/426/881
f 448/460/882 436/555/882 752/555/882 758/460/882
f 418/418/883 423/440/883 432/442/883
f 418/418/884 432/442/884 429/419/884
f 125/131/885 115/119/885 603/119/885 612/131/885
f 426/424/886 421/423/886 444/433/886
f 427/426/887 426/424/887 437/444/887
f 422/428/888 427/426/888 431/439/888
f 423/440/889 431/439/889 428/441/889
f 15/14/890 5/13/890 546/13/890 550/14/890
f 291/301/891 281/545/891 692/545/891 699/301/891
f 490/505/892 486/492/892 777/492/892 783/505/892
f 443/437/893 472/487/893 473/416/893
f 380/383/894 376/378/894 803/378/894 727/383/894
f 183/537/895 176/179/895 633/179/895 643/537/895
f 430/421/896 445/447/896 433/429/896
f 433/429/897 456/452/897 446/443/897
f 57/63/898 40/43/898 563/43/898 571/63/898
f 447/431/899 457/556/899 441/411/899
f 432/442/900 431/439/900 440/446/900
f 433/429/901 445/447/901 455/451/901
f 518/515/902 502/506/902 789/506/902 793/515/902
f 444/433/903 425/432/903 436/555/903
f 435/434/904 463/453/904 442/435/904
f 440/446/905 454/458/905 445/447/905
f 204/540/906 198/210/906 654/210/906 656/540/906
f 458/466/907 452/461/907 449/456/907 448/460/907
f 441/411/908 457/556/908 463/453/908
f 444/433/909 436/555/909 448/460/909
f 437/444/910 444/433/910 449/456/910
f 443/437/911 442/435/911 485/454/911
f 438/445/912 437/444/912 450/448/912
f 40/43/913 26/42/913 556/42/913 563/43/913
f 457/556/914 447/431/914 468/459/914
f 472/487/915 443/437/915 508/455/915
f 431/439/916 461/457/916 454/458/916
f 445/447/917 462/463/917 455/451/917
f 436/555/918 425/432/918 747/432/918 752/555/918
f 505/557/919 493/493/919 500/499/919 504/558/919
f 461/457/920 451/450/920 466/465/920
f 108/534/921 93/105/921 593/105/921 595/534/921
f 5/13/922 536/15/922 802/15/922 546/13/922
f 457/556/923 468/459/923 478/477/923
f 463/453/924 457/556/924 478/477/924
f 453/462/925 465/468/925 466/465/925
f 454/458/926 461/457/926 470/469/926
f 462/463/927 454/458/927 470/469/927
f 321/325/928 308/296/928 703/296/928 709/325/928
f 456/452/929 455/451/929 467/471/929
f 86/104/930 97/106/930 591/106/930 586/104/930
f 446/443/931 456/452/931 471/476/931
f 468/459/932 446/443/932 471/476/932
f 114/109/933 108/534/933 595/534/933 600/109/933
f 370/361/934 369/360/934 720/360/934 724/361/934
f 459/467/935 474/479/935 464/473/935
f 460/464/936 464/473/936 465/468/936
f 465/468/937 475/480/937 466/465/937
f 461/457/938 466/465/938 469/474/938
f 470/469/939 461/457/939 476/475/939
f 486/492/940 474/479/940 776/479/940 777/492/940
f 308/296/941 295/295/941 695/295/941 703/296/941
f 465/468/942 474/479/942 475/480/942
f 162/178/943 157/536/943 627/536/943 630/178/943
f 483/472/944 467/471/944 477/470/944
f 263/544/945 266/266/945 684/266/945 683/544/945
f 468/459/946 471/476/946 484/481/946
f 469/474/947 475/480/947 479/483/947
f 470/469/948 476/475/948 481/485/948
f 477/470/949 470/469/949 482/486/949
f 413/554/950 404/403/950 741/403/950 742/554/950
f 471/476/951 483/472/951 489/559/951
f 227/220/952 210/219/952 657/219/952 663/220/952
f 484/481/953 471/476/953 489/559/953
f 463/453/954 501/478/954 497/495/954
f 485/454/955 463/453/955 497/495/955
f 475/480/956 487/482/956 479/483/956
f 146/53/957 473/416/957 39/30/957
f 479/483/958 488/500/958 480/484/958
f 176/179/959 162/178/959 630/178/959 633/179/959
f 115/119/960 114/109/960 600/109/960 603/119/960
f 477/470/961 482/486/961 495/489/961
f 459/467/962 458/466/962 762/466/962 765/467/962
f 501/478/963 478/477/963 507/491/963
f 481/485/964 480/484/964 493/493/964
f 482/486/965 481/485/965 494/494/965
f 495/489/966 482/486/966 494/494/966
f 483/472/967 495/489/967 496/501/967
f 242/238/968 227/220/968 663/220/968 671/238/968
f 489/559/969 483/472/969 496/501/969
f 484/481/970 489/559/970 517/490/970
f 185/538/971 183/537/971 643/537/971 649/538/971
f 536/15/972 518/515/972 793/515/972 802/15/972
f 486/492/973 491/497/973 487/482/973
f 479/483/974 492/496/974 488/500/974
f 348/338/975 341/337/975 719/337/975 718/338/975
f 381/366/976 380/383/976 727/383/976 729/366/976
f 281/545/977 263/544/977 683/544/977 692/545/977
f 489/559/978 496/501/978 517/490/978
f 404/403/979 393/402/979 732/402/979 741/403/979
f 486/492/980 490/505/980 491/497/980
f 487/482/981 498/498/981 492/496/981
f 493/493/982 480/484/982 500/499/982
f 496/501/983 495/489/983 506/502/983
f 517/490/984 496/501/984 513/503/984
f 425/432/985 413/554/985 742/554/985 747/432/985
f 497/495/986 501/478/986 514/504/986
f 508/455/987 497/495/987 535/488/987
f 491/497/988 502/506/988 498/498/988
f 492/496/989 499/507/989 503/508/989
f 505/557/990 512/509/990 494/494/990 493/493/990
f 516/512/991 522/526/991 505/557/991 504/558/991
f 495/489/992 494/494/992 506/502/992
f 474/479/993 459/467/993 765/467/993 776/479/993
f 329/547/994 321/325/994 709/325/994 708/547/994
f 507/491/995 517/490/995 527/513/995
f 501/478/996 507/491/996 514/504/996
f 502/506/997 509/516/997 510/510/997
f 498/498/998 510/510/998 511/511/998
f 499/507/999 511/511/999 503/508/999
f 500/499/1000 516/512/1000 504/558/1000
f 514/504/1001 507/491/1001 528/514/1001
f 503/508/1002 521/517/1002 516/512/1002
f 47/19/1003 22/29/1003 472/487/1003 535/488/1003
f 512/509/1004 505/557/1004 522/526/1004
f 356/362/1005 348/338/1005 718/338/1005 721/362/1005
f 506/502/1006 512/509/1006 523/518/1006
f 509/516/1007 518/515/1007 515/520/1007
f 510/510/1008 515/520/1008 519/521/1008
f 511/511/1009 519/521/1009 520/522/1009
f 458/466/1010 448/460/1010 758/460/1010 762/466/1010
f 198/210/1011 185/538/1011 649/538/1011 654/210/1011
f 512/509/1012 522/526/1012 523/518/1012
f 210/219/1013 204/540/1013 656/540/1013 657/219/1013
f 528/514/1014 527/513/1014 3/530/1014
f 515/520/1015 529/527/1015 519/521/1015
f 266/266/1016 258/252/1016 679/252/1016 684/266/1016
f 39/30/1017 472/487/1017 22/29/1017
f 522/526/1018 516/512/1018 526/523/1018
f 523/518/1019 522/526/1019 532/6/1019
f 376/378/1020 370/361/1020 724/361/1020 803/378/1020
f 524/519/1021 523/518/1021 533/528/1021
f 520/522/1022 525/525/1022 530/524/1022
f 521/517/1023 530/524/1023 531/4/1023
f 150/155/1024 137/535/1024 611/535/1024 625/155/1024
f 527/513/1025 524/519/1025 8/531/1025
f 515/520/1026 536/15/1026 1/17/1026
f 524/519/1027 533/528/1027 8/531/1027
f 137/535/1028 125/131/1028 612/131/1028 611/535/1028
f 3/530/1029 527/513/1029 8/531/1029
f 532/6/1030 526/523/1030 13/5/1030
f 528/514/1031 3/530/1031 4/9/1031
f 290/299/1032 291/301/1032 699/301/1032 698/299/1032
f 8/531/1033 533/528/1033 7/8/1033
f 4/9/1034 3/530/1034 9/10/1034
f 296/297/1035 290/299/1035 698/299/1035 701/297/1035
f 534/18/1036 4/9/1036 21/12/1036
f 530/524/1037 525/525/1037 11/2/1037
f 530/524/1038 11/2/1038 2/1/1038
f 796/560/1039 538/561/1039 552/562/1039
f 796/560/1040 539/563/1040 799/564/1040
f 799/564/1041 540/565/1041 541/566/1041
f 539/563/1042 553/567/1042 540/565/1042
f 541/566/1043 540/565/1043 542/568/1043
f 542/568/1044 547/569/1044 543/570/1044
f 547/569/1045 554/571/1045 543/570/1045
f 552/562/1046 555/572/1046 539/563/1046
f 553/567/1047 559/573/1047 540/565/1047
f 544/574/1048 556/575/1048 550/576/1048
f 551/577/1049 557/578/1049 537/579/1049
f 547/569/1050 560/580/1050 554/571/1050
f 558/581/1051 561/582/1051 555/572/1051
f 560/580/1052 563/583/1052 554/571/1052
f 551/577/1053 566/584/1053 557/578/1053
f 561/582/1054 565/585/1054 562/586/1054
f 562/586/1055 565/585/1055 559/573/1055
f 559/573/1056 565/585/1056 560/580/1056
f 561/582/1057 572/587/1057 565/585/1057
f 565/585/1058 570/588/1058 560/580/1058
f 564/589/1059 576/590/1059 561/582/1059
f 568/591/1060 573/592/1060 569/593/1060
f 567/594/1061 570/588/1061 577/595/1061
f 570/588/1062 578/596/1062 577/595/1062
f 571/597/1063 579/598/1063 575/599/1063
f 548/600/1064 580/601/1064 551/577/1064
f 577/595/1065 582/602/1065 583/603/1065
f 582/602/1066 585/604/1066 583/603/1066
f 583/603/1067 585/604/1067 586/605/1067
f 579/598/1068 586/605/1068 575/599/1068
f 573/592/1069 587/606/1069 548/600/1069
f 580/601/1070 574/607/1070 566/584/1070
f 578/596/1071 576/590/1071 584/608/1071
f 582/602/1072 584/608/1072 588/609/1072
f 575/599/1073 586/605/1073 591/610/1073
f 576/590/1074 589/611/1074 590/612/1074
f 582/602/1075 588/609/1075 585/604/1075
f 584/608/1076 590/612/1076 588/609/1076
f 585/604/1077 588/609/1077 592/613/1077
f 588/609/1078 596/614/1078 592/613/1078
f 586/605/1079 592/613/1079 593/615/1079
f 574/607/1080 580/601/1080 587/606/1080
f 588/609/1081 590/612/1081 596/614/1081
f 592/613/1082 595/616/1082 593/615/1082
f 592/613/1083 596/614/1083 599/617/1083
f 592/613/1084 599/617/1084 598/618/1084
f 581/619/1085 606/620/1085 601/621/1085
f 598/618/1086 599/617/1086 604/622/1086
f 595/616/1087 598/618/1087 605/623/1087
f 595/616/1088 605/623/1088 600/624/1088
f 581/619/1089 587/606/1089 606/620/1089
f 600/624/1090 605/623/1090 602/625/1090
f 607/626/1091 609/627/1091 599/617/1091
f 612/628/1092 602/625/1092 611/629/1092
f 601/621/1093 610/630/1093 597/631/1093
f 573/592/1094 568/591/1094 615/632/1094
f 606/620/1095 587/606/1095 616/633/1095
f 610/630/1096 613/634/1096 608/635/1096
f 609/627/1097 617/636/1097 604/622/1097
f 604/622/1098 614/637/1098 605/623/1098
f 613/634/1099 619/638/1099 608/635/1099
f 608/635/1100 622/639/1100 609/627/1100
f 614/637/1101 620/640/1101 611/629/1101
f 587/606/1102 615/632/1102 623/641/1102
f 618/642/1103 613/634/1103 610/630/1103
f 613/634/1104 621/643/1104 619/638/1104
f 618/642/1105 628/644/1105 613/634/1105
f 619/638/1106 624/645/1106 622/639/1106
f 617/636/1107 626/646/1107 620/640/1107
f 616/633/1108 641/647/1108 601/621/1108
f 621/643/1109 624/645/1109 619/638/1109
f 622/639/1110 629/648/1110 617/636/1110
f 626/646/1111 627/649/1111 620/640/1111
f 620/640/1112 627/649/1112 625/650/1112
f 626/646/1113 630/651/1113 627/649/1113
f 628/644/1114 631/652/1114 621/643/1114
f 629/648/1115 632/653/1115 630/651/1115
f 621/643/1116 631/652/1116 634/654/1116
f 632/653/1117 642/655/1117 633/656/1117
f 616/633/1118 640/657/1118 641/647/1118
f 629/648/1119 637/658/1119 636/659/1119
f 629/648/1120 636/659/1120 632/653/1120
f 568/591/1121 730/660/1121 638/661/1121
f 628/644/1122 641/647/1122 635/662/1122
f 631/652/1123 639/663/1123 634/654/1123
f 634/654/1124 637/658/1124 629/648/1124
f 636/659/1125 642/655/1125 632/653/1125
f 633/656/1126 642/655/1126 643/664/1126
f 642/655/1127 649/665/1127 643/664/1127
f 636/659/1128 637/658/1128 647/666/1128
f 636/659/1129 648/667/1129 642/655/1129
f 637/658/1130 646/668/1130 647/666/1130
f 647/666/1131 652/669/1131 636/659/1131
f 636/659/1132 652/669/1132 648/667/1132
f 648/667/1133 652/669/1133 649/665/1133
f 649/665/1134 652/669/1134 654/670/1134
f 646/668/1135 655/671/1135 653/672/1135
f 644/673/1136 658/674/1136 645/675/1136
f 645/675/1137 658/674/1137 659/676/1137
f 653/672/1138 661/677/1138 660/678/1138
f 657/679/1139 660/678/1139 664/680/1139
f 657/679/1140 664/680/1140 663/681/1140
f 638/661/1141 665/682/1141 623/641/1141
f 664/680/1142 667/683/1142 663/681/1142
f 658/674/1143 662/684/1143 666/685/1143
f 660/678/1144 670/686/1144 664/680/1144
f 658/674/1145 668/687/1145 659/676/1145
f 655/671/1146 669/688/1146 661/677/1146
f 664/680/1147 670/686/1147 667/683/1147
f 663/681/1148 675/689/1148 671/690/1148
f 668/687/1149 672/691/1149 669/688/1149
f 665/682/1150 676/692/1150 662/684/1150
f 669/688/1151 672/691/1151 673/693/1151
f 667/683/1152 674/694/1152 675/689/1152
f 666/685/1153 672/691/1153 668/687/1153
f 672/691/1154 674/694/1154 673/693/1154
f 675/689/1155 677/695/1155 678/696/1155
f 671/690/1156 678/696/1156 679/697/1156
f 676/692/1157 680/698/1157 666/685/1157
f 672/691/1158 682/699/1158 674/694/1158
f 680/698/1159 681/700/1159 672/691/1159
f 678/696/1160 677/695/1160 683/701/1160
f 681/700/1161 685/702/1161 682/699/1161
f 682/699/1162 686/703/1162 674/694/1162
f 677/695/1163 687/704/1163 688/705/1163
f 665/682/1164 689/706/1164 676/692/1164
f 680/698/1165 691/707/1165 681/700/1165
f 681/700/1166 691/707/1166 685/702/1166
f 688/705/1167 692/708/1167 683/701/1167
f 690/709/1168 694/710/1168 691/707/1168
f 701/711/1169 698/712/1169 688/705/1169
f 690/709/1170 696/713/1170 694/710/1170
f 693/714/1171 700/715/1171 690/709/1171
f 686/703/1172 697/716/1172 695/717/1172
f 689/706/1173 700/715/1173 693/714/1173
f 696/713/1174 702/718/1174 694/710/1174
f 638/661/1175 713/719/1175 689/706/1175
f 697/716/1176 703/720/1176 695/717/1176
f 702/718/1177 704/721/1177 697/716/1177
f 697/716/1178 705/722/1178 703/720/1178
f 700/715/1179 707/723/1179 696/713/1179
f 696/713/1180 704/721/1180 702/718/1180
f 704/721/1181 708/724/1181 705/722/1181
f 706/725/1182 707/723/1182 700/715/1182
f 704/721/1183 711/726/1183 708/724/1183
f 706/725/1184 716/727/1184 707/723/1184
f 707/723/1185 712/728/1185 704/721/1185
f 711/726/1186 714/729/1186 708/724/1186
f 710/730/1187 715/731/1187 706/725/1187
f 707/723/1188 716/727/1188 712/728/1188
f 712/728/1189 722/732/1189 714/729/1189
f 714/729/1190 721/733/1190 718/734/1190
f 715/731/1191 717/735/1191 716/727/1191
f 716/727/1192 717/735/1192 723/736/1192
f 716/727/1193 723/736/1193 712/728/1193
f 713/719/1194 726/737/1194 710/730/1194
f 712/728/1195 723/736/1195 725/738/1195
f 720/739/1196 727/740/1196 724/741/1196
f 715/731/1197 728/742/1197 717/735/1197
f 723/736/1198 717/735/1198 725/738/1198
f 720/739/1199 722/732/1199 727/740/1199
f 710/730/1200 728/742/1200 715/731/1200
f 727/740/1201 722/732/1201 731/743/1201
f 722/732/1202 725/738/1202 733/744/1202
f 722/732/1203 733/744/1203 731/743/1203
f 727/740/1204 731/743/1204 732/745/1204
f 710/730/1205 726/737/1205 736/746/1205
f 717/735/1206 728/742/1206 734/747/1206
f 725/738/1207 734/747/1207 733/744/1207
f 734/748/1208 728/749/1208 737/750/1208
f 734/748/1209 737/750/1209 738/751/1209
f 733/752/1210 738/751/1210 739/753/1210
f 735/754/1211 739/753/1211 740/755/1211
f 735/754/1212 740/755/1212 741/756/1212
f 728/749/1213 736/757/1213 743/758/1213
f 742/759/1214 746/760/1214 747/761/1214
f 713/762/1215 730/763/1215 749/764/1215
f 737/750/1216 743/758/1216 750/765/1216
f 738/751/1217 744/766/1217 751/767/1217
f 739/753/1218 751/767/1218 745/768/1218
f 740/755/1219 755/769/1219 746/760/1219
f 747/761/1220 746/760/1220 752/770/1220
f 743/758/1221 736/757/1221 753/771/1221
f 751/767/1222 744/766/1222 754/772/1222
f 746/760/1223 755/769/1223 756/773/1223
f 746/760/1224 756/773/1224 752/770/1224
f 744/766/1225 750/765/1225 753/771/1225
f 755/769/1226 757/774/1226 756/773/1226
f 752/770/1227 756/773/1227 758/775/1227
f 736/757/1228 748/776/1228 759/777/1228
f 743/758/1229 753/771/1229 750/765/1229
f 756/773/1230 757/774/1230 760/778/1230
f 756/773/1231 760/778/1231 761/779/1231
f 758/775/1232 761/779/1232 762/780/1232
f 761/779/1233 764/781/1233 762/780/1233
f 757/774/1234 763/782/1234 766/783/1234
f 762/780/1235 767/784/1235 765/785/1235
f 759/777/1236 748/776/1236 768/786/1236
f 759/777/1237 768/786/1237 769/787/1237
f 753/771/1238 769/787/1238 770/788/1238
f 753/771/1239 770/788/1239 771/789/1239
f 760/778/1240 766/783/1240 761/779/1240
f 748/776/1241 794/790/1241 768/786/1241
f 761/779/1242 772/791/1242 764/781/1242
f 766/783/1243 773/792/1243 774/793/1243
f 772/791/1244 775/794/1244 764/781/1244
f 764/781/1245 775/794/1245 767/784/1245
f 769/787/1246 768/786/1246 778/795/1246
f 774/793/1247 779/796/1247 772/791/1247
f 772/791/1248 782/797/1248 775/794/1248
f 775/794/1249 777/798/1249 767/784/1249
f 767/784/1250 777/798/1250 776/799/1250
f 770/788/1251 787/800/1251 784/801/1251
f 771/789/1252 784/801/1252 780/802/1252
f 774/793/1253 773/792/1253 785/803/1253
f 775/794/1254 783/804/1254 777/798/1254
f 779/796/1255 786/805/1255 781/806/1255
f 749/764/1256 730/763/1256 569/593/1256
f 770/788/1257 778/795/1257 787/800/1257
f 781/806/1258 786/805/1258 788/807/1258
f 781/806/1259 788/807/1259 783/804/1259
f 788/807/1260 792/808/1260 793/809/1260
f 788/807/1261 793/809/1261 789/810/1261
f 749/764/1262 569/593/1262 794/790/1262
f 768/786/1263 794/790/1263 549/811/1263
f 768/786/1264 549/811/1264 778/795/1264
f 780/802/1265 784/801/1265 790/812/1265
f 786/805/1266 785/803/1266 791/813/1266
f 786/805/1267 791/813/1267 792/808/1267
f 785/803/1268 790/812/1268 791/813/1268
f 791/813/1269 795/814/1269 792/808/1269
f 792/808/1270 795/814/1270 793/809/1270
f 791/813/1271 790/812/1271 541/566/1271
f 790/812/1272 796/560/1272 799/564/1272
f 790/812/1273 799/564/1273 541/566/1273
f 791/813/1274 798/815/1274 795/814/1274
f 797/816/1275 800/817/1275 793/809/1275
f 787/800/1276 778/795/1276 549/811/1276
f 787/800/1277 549/811/1277 537/579/1277
f 541/566/1278 798/815/1278 791/813/1278
f 798/815/1279 801/818/1279 795/814/1279
f 793/809/1280 800/817/1280 802/819/1280
f 794/790/1281 569/593/1281 548/600/1281
f 801/818/1282 545/820/1282 800/817/1282
f 541/566/1283 542/568/1283 798/815/1283
f 798/815/1284 542/568/1284 543/570/1284
f 801/818/1285 798/815/1285 544/574/1285
f 545/820/1286 546/821/1286 802/819/1286
f 799/564/1287 539/563/1287 540/565/1287
f 544/574/1288 798/815/1288 543/570/1288
f 549/811/1289 548/600/1289 551/577/1289
f 549/811/1290 551/577/1290 537/579/1290
f 538/561/1291 537/579/1291 552/562/1291
f 796/560/1292 552/562/1292 539/563/1292
f 550/576/1293 546/821/1293 545/820/1293 544/574/1293
f 542/568/1294 540/565/1294 547/569/1294
f 559/573/1295 553/567/1295 555/572/1295 562/586/1295
f 539/563/1296 555/572/1296 553/567/1296
f 543/570/1297 554/571/1297 544/574/1297
f 537/579/1298 557/578/1298 552/562/1298
f 544/574/1299 554/571/1299 556/575/1299
f 552/562/1300 558/581/1300 555/572/1300
f 556/575/1301 554/571/1301 563/583/1301
f 560/580/1302 547/569/1302 540/565/1302 559/573/1302
f 552/562/1303 557/578/1303 558/581/1303
f 555/572/1304 561/582/1304 562/586/1304
f 584/608/1305 582/602/1305 577/595/1305 578/596/1305
f 560/580/1306 567/594/1306 563/583/1306
f 557/578/1307 566/584/1307 564/589/1307
f 557/578/1308 564/589/1308 558/581/1308
f 563/583/1309 567/594/1309 571/597/1309
f 558/581/1310 564/589/1310 561/582/1310
f 560/580/1311 570/588/1311 567/594/1311
f 565/585/1312 572/587/1312 570/588/1312
f 569/593/1313 573/592/1313 548/600/1313
f 561/582/1314 576/590/1314 572/587/1314
f 572/587/1315 578/596/1315 570/588/1315
f 571/597/1316 567/594/1316 577/595/1316
f 566/584/1317 574/607/1317 564/589/1317
f 572/587/1318 576/590/1318 578/596/1318
f 571/597/1319 577/595/1319 579/598/1319
f 551/577/1320 580/601/1320 566/584/1320
f 564/589/1321 574/607/1321 581/619/1321
f 564/589/1322 581/619/1322 576/590/1322
f 579/598/1323 577/595/1323 583/603/1323
f 579/598/1324 583/603/1324 586/605/1324
f 548/600/1325 587/606/1325 580/601/1325
f 576/590/1326 581/619/1326 589/611/1326
f 584/608/1327 576/590/1327 590/612/1327
f 590/612/1328 589/611/1328 594/822/1328
f 586/605/1329 585/604/1329 592/613/1329
f 608/635/1330 607/626/1330 597/631/1330 610/630/1330
f 581/619/1331 574/607/1331 587/606/1331
f 594/822/1332 589/611/1332 597/631/1332
f 595/616/1333 592/613/1333 598/618/1333
f 590/612/1334 594/822/1334 597/631/1334
f 589/611/1335 581/619/1335 601/621/1335
f 596/614/1336 590/612/1336 607/626/1336
f 600/624/1337 602/625/1337 603/823/1337
f 590/612/1338 597/631/1338 607/626/1338
f 598/618/1339 604/622/1339 605/623/1339
f 603/823/1340 602/625/1340 612/628/1340
f 597/631/1341 589/611/1341 601/621/1341
f 596/614/1342 607/626/1342 599/617/1342
f 604/622/1343 599/617/1343 609/627/1343
f 587/606/1344 573/592/1344 615/632/1344
f 606/620/1345 616/633/1345 601/621/1345
f 601/621/1346 618/642/1346 610/630/1346
f 614/637/1347 611/629/1347 602/625/1347 605/623/1347
f 607/626/1348 608/635/1348 609/627/1348
f 609/627/1349 622/639/1349 617/636/1349
f 604/622/1350 617/636/1350 614/637/1350
f 628/644/1351 618/642/1351 601/621/1351 641/647/1351
f 611/629/1352 620/640/1352 625/650/1352
f 616/633/1353 587/606/1353 623/641/1353
f 608/635/1354 619/638/1354 622/639/1354
f 620/640/1355 614/637/1355 617/636/1355
f 613/634/1356 628/644/1356 621/643/1356
f 622/639/1357 624/645/1357 629/648/1357
f 617/636/1358 629/648/1358 626/646/1358
f 616/633/1359 623/641/1359 650/824/1359
f 626/646/1360 629/648/1360 630/651/1360
f 624/645/1361 621/643/1361 634/654/1361
f 624/645/1362 634/654/1362 629/648/1362
f 630/651/1363 632/653/1363 633/656/1363
f 634/654/1364 639/663/1364 637/658/1364
f 615/632/1365 568/591/1365 638/661/1365
f 628/644/1366 635/662/1366 631/652/1366
f 631/652/1367 635/662/1367 639/663/1367
f 645/675/1368 655/671/1368 651/825/1368 635/662/1368
f 616/633/1369 650/824/1369 640/657/1369
f 641/647/1370 640/657/1370 644/673/1370
f 635/662/1371 641/647/1371 645/675/1371
f 639/663/1372 635/662/1372 651/825/1372
f 637/658/1373 639/663/1373 646/668/1373
f 615/632/1374 638/661/1374 623/641/1374
f 644/673/1375 640/657/1375 650/824/1375
f 645/675/1376 641/647/1376 644/673/1376
f 646/668/1377 639/663/1377 651/825/1377
f 642/655/1378 648/667/1378 649/665/1378
f 647/666/1379 646/668/1379 653/672/1379
f 646/668/1380 651/825/1380 655/671/1380
f 647/666/1381 653/672/1381 660/678/1381
f 652/669/1382 647/666/1382 660/678/1382
f 654/670/1383 652/669/1383 656/826/1383
f 655/671/1384 645/675/1384 659/676/1384
f 656/826/1385 652/669/1385 657/679/1385
f 623/641/1386 662/684/1386 650/824/1386
f 653/672/1387 655/671/1387 661/677/1387
f 657/679/1388 652/669/1388 660/678/1388
f 650/824/1389 662/684/1389 644/673/1389
f 644/673/1390 662/684/1390 658/674/1390
f 623/641/1391 665/682/1391 662/684/1391
f 655/671/1392 659/676/1392 669/688/1392
f 660/678/1393 661/677/1393 670/686/1393
f 659/676/1394 668/687/1394 669/688/1394
f 658/674/1395 666/685/1395 668/687/1395
f 663/681/1396 667/683/1396 675/689/1396
f 661/677/1397 669/688/1397 673/693/1397
f 670/686/1398 661/677/1398 673/693/1398
f 667/683/1399 670/686/1399 674/694/1399
f 662/684/1400 676/692/1400 666/685/1400
f 674/694/1401 670/686/1401 673/693/1401
f 671/690/1402 675/689/1402 678/696/1402
f 675/689/1403 674/694/1403 677/695/1403
f 666/685/1404 680/698/1404 672/691/1404
f 672/691/1405 681/700/1405 682/699/1405
f 677/695/1406 674/694/1406 687/704/1406
f 676/692/1407 690/709/1407 680/698/1407
f 682/699/1408 685/702/1408 686/703/1408
f 674/694/1409 686/703/1409 687/704/1409
f 683/701/1410 677/695/1410 688/705/1410
f 679/697/1411 678/696/1411 684/827/1411
f 665/682/1412 638/661/1412 689/706/1412
f 676/692/1413 689/706/1413 693/714/1413
f 684/827/1414 678/696/1414 683/701/1414
f 685/702/1415 691/707/1415 686/703/1415
f 676/692/1416 693/714/1416 690/709/1416
f 680/698/1417 690/709/1417 691/707/1417
f 691/707/1418 694/710/1418 686/703/1418
f 687/704/1419 686/703/1419 695/717/1419
f 687/704/1420 695/717/1420 688/705/1420
f 699/828/1421 692/708/1421 688/705/1421 698/712/1421
f 688/705/1422 695/717/1422 701/711/1422
f 686/703/1423 694/710/1423 697/716/1423
f 709/829/1424 703/720/1424 705/722/1424 708/724/1424
f 690/709/1425 700/715/1425 696/713/1425
f 694/710/1426 702/718/1426 697/716/1426
f 689/706/1427 706/725/1427 700/715/1427
f 638/661/1428 730/830/1428 713/719/1428
f 697/716/1429 704/721/1429 705/722/1429
f 696/713/1430 707/723/1430 704/721/1430
f 689/706/1431 710/730/1431 706/725/1431
f 704/721/1432 712/728/1432 711/726/1432
f 689/706/1433 713/719/1433 710/730/1433
f 708/724/1434 714/729/1434 719/831/1434
f 706/725/1435 715/731/1435 716/727/1435
f 711/726/1436 712/728/1436 714/729/1436
f 719/831/1437 714/729/1437 718/734/1437
f 714/729/1438 722/732/1438 720/739/1438
f 714/729/1439 720/739/1439 721/733/1439
f 722/732/1440 712/728/1440 725/738/1440
f 724/741/1441 727/740/1441 803/832/1441
f 725/738/1442 717/735/1442 734/747/1442
f 729/833/1443 727/740/1443 732/745/1443
f 728/742/1444 710/730/1444 736/746/1444
f 732/745/1445 731/743/1445 735/834/1445
f 731/835/1203 733/752/1203 735/754/1203
f 732/836/1446 735/754/1446 741/756/1446
f 733/752/1447 734/748/1447 738/751/1447
f 735/754/1448 733/752/1448 739/753/1448
f 740/755/1449 746/760/1449 742/759/1449 741/756/1449
f 737/750/1450 728/749/1450 743/758/1450
f 738/751/1451 737/750/1451 744/766/1451
f 726/837/1452 748/776/1452 736/757/1452
f 740/755/1453 739/753/1453 745/768/1453
f 726/837/1454 713/762/1454 749/764/1454
f 744/766/1455 737/750/1455 750/765/1455
f 739/753/1456 738/751/1456 751/767/1456
f 754/772/1457 757/774/1457 755/769/1457 745/768/1457
f 748/776/1458 726/837/1458 749/764/1458
f 740/755/1459 745/768/1459 755/769/1459
f 745/768/1460 751/767/1460 754/772/1460
f 754/772/1461 744/766/1461 753/771/1461
f 753/771/1462 736/757/1462 759/777/1462
f 758/775/1463 756/773/1463 761/779/1463
f 748/776/1464 749/764/1464 794/790/1464
f 757/774/1465 754/772/1465 763/782/1465
f 754/772/1466 753/771/1466 771/789/1466
f 760/778/1467 757/774/1467 766/783/1467
f 762/780/1468 764/781/1468 767/784/1468
f 765/785/1469 767/784/1469 776/799/1469
f 753/771/1470 759/777/1470 769/787/1470
f 763/782/1471 754/772/1471 771/789/1471
f 766/783/1472 763/782/1472 773/792/1472
f 761/779/1473 766/783/1473 772/791/1473
f 763/782/1474 771/789/1474 773/792/1474
f 766/783/1475 774/793/1475 772/791/1475
f 770/788/1476 769/787/1476 778/795/1476
f 773/792/1477 771/789/1477 780/802/1477
f 772/791/1478 779/796/1478 782/797/1478
f 771/789/1479 770/788/1479 784/801/1479
f 779/796/1480 781/806/1480 782/797/1480
f 775/794/1481 782/797/1481 783/804/1481
f 773/792/1482 780/802/1482 785/803/1482
f 774/793/1483 785/803/1483 786/805/1483
f 779/796/1484 774/793/1484 786/805/1484
f 782/797/1485 781/806/1485 783/804/1485
f 783/804/1486 788/807/1486 789/810/1486
f 785/803/1487 780/802/1487 790/812/1487
f 788/807/1488 786/805/1488 792/808/1488
f 790/812/1489 784/801/1489 796/560/1489
f 569/593/1490 730/763/1490 568/591/1490
f 784/801/1491 787/800/1491 538/561/1491
f 793/809/1492 795/814/1492 797/816/1492
f 801/818/1493 800/817/1493 797/816/1493 795/814/1493
f 796/560/1494 784/801/1494 538/561/1494
f 538/561/1495 787/800/1495 537/579/1495
f 549/811/1496 794/790/1496 548/600/1496
f 800/817/1497 545/820/1497 802/819/1497
f 545/820/1498 801/818/1498 544/574/1498
