# Blender 4.3.0
# www.blender.org
mtllib Shop.mtl
o Herring.003
v -0.912524 1.587980 -2.174113
v -0.818281 1.592601 -2.200372
v -0.874098 1.595433 -2.216463
v -0.864850 1.584948 -2.156885
v -0.783468 1.577677 -2.115567
v -0.526598 1.543160 -1.919432
v -0.495171 1.546986 -1.941168
v -0.426583 1.539918 -1.901009
v -0.222111 1.495532 -1.648790
v -0.634233 1.481085 -1.566699
v -0.709547 1.491839 -1.627806
v -0.744611 1.511876 -1.741663
v -0.843349 1.527279 -1.829186
v -1.047634 1.538344 -1.892064
v -1.121258 1.551710 -1.968017
v -0.993890 1.564463 -2.040479
v -0.912524 1.578623 -2.175760
v -0.818281 1.583244 -2.202019
v -0.874098 1.586076 -2.218110
v -0.864850 1.575591 -2.158531
v -0.783468 1.568320 -2.117214
v -0.526598 1.533803 -1.921079
v -0.495171 1.537628 -1.942815
v -0.426583 1.530561 -1.902655
v -0.222111 1.486175 -1.650437
v -0.634233 1.471728 -1.568345
v -0.709547 1.482482 -1.629452
v -0.744611 1.502519 -1.743309
v -0.843349 1.517921 -1.830832
v -1.047634 1.528987 -1.893711
v -1.121258 1.542353 -1.969663
v -0.993890 1.555106 -2.042126
v 0.042822 1.431337 -1.191643
v 0.050568 1.417061 -1.202006
v 0.050568 1.388945 -1.206954
v 0.047377 1.379930 -1.205306
v 0.042822 1.371989 -1.202088
v 0.032051 1.437785 -1.176622
v 0.039701 1.435241 -1.182024
v 0.046434 1.430557 -1.187209
v 0.051859 1.424003 -1.191876
v 0.055661 1.415961 -1.195754
v 0.057619 1.406898 -1.198617
v 0.057619 1.397341 -1.200299
v 0.055661 1.387845 -1.200702
v 0.051859 1.378962 -1.199803
v 0.046434 1.371208 -1.197654
v 0.039701 1.365035 -1.194379
v 0.032051 1.360800 -1.190170
v 0.032975 1.437461 -1.174783
v 0.041494 1.434613 -1.178453
v 0.048994 1.429660 -1.182114
v 0.055036 1.422890 -1.185553
v 0.059271 1.414696 -1.188570
v 0.061451 1.405555 -1.190989
v 0.061451 1.395998 -1.192671
v 0.059271 1.386580 -1.193518
v 0.055036 1.377849 -1.193479
v 0.048994 1.370312 -1.192559
v 0.041494 1.364407 -1.190809
v 0.032975 1.360477 -1.188331
v 0.033475 1.437111 -1.172792
v 0.042467 1.433932 -1.174586
v 0.050381 1.428689 -1.176596
v 0.056758 1.421685 -1.178705
v 0.061227 1.413327 -1.180789
v 0.063528 1.404102 -1.182729
v 0.063528 1.394544 -1.184411
v 0.061227 1.385211 -1.185737
v 0.056758 1.376644 -1.186631
v 0.050381 1.369341 -1.187041
v 0.042467 1.363726 -1.186942
v 0.033475 1.360126 -1.186340
v 0.023929 1.358750 -1.185271
v 0.033530 1.436750 -1.170741
v 0.042573 1.433232 -1.170604
v 0.050532 1.427689 -1.170913
v 0.056945 1.420444 -1.171652
v 0.061440 1.411917 -1.172776
v 0.063754 1.402604 -1.174222
v 0.063754 1.393047 -1.175904
v 0.061440 1.383801 -1.177724
v 0.056945 1.375403 -1.179579
v 0.050532 1.368340 -1.181358
v 0.042573 1.363025 -1.182959
v 0.033530 1.359765 -1.184289
v 0.033135 1.436395 -1.168727
v 0.041807 1.432543 -1.166692
v 0.049439 1.426707 -1.165332
v 0.055588 1.419225 -1.164725
v 0.059898 1.410532 -1.164906
v 0.062118 1.401134 -1.165866
v 0.062118 1.391577 -1.167547
v 0.059898 1.382416 -1.169854
v 0.055588 1.374184 -1.172651
v 0.049439 1.367358 -1.175776
v 0.041807 1.362337 -1.179047
v 0.033135 1.359411 -1.182275
v 0.032310 1.436064 -1.166843
v 0.040205 1.431899 -1.163034
v 0.047153 1.425788 -1.160112
v 0.052751 1.418085 -1.158246
v 0.056675 1.409237 -1.157546
v 0.058695 1.399759 -1.158051
v 0.058695 1.390202 -1.159733
v 0.056675 1.381121 -1.162494
v 0.052751 1.373043 -1.166173
v 0.047153 1.366440 -1.170556
v 0.040205 1.361693 -1.175389
v 0.032310 1.359079 -1.180391
v 0.031093 1.435771 -1.165178
v 0.037841 1.431330 -1.159801
v 0.043781 1.424976 -1.155498
v 0.048567 1.417077 -1.152520
v 0.051921 1.408092 -1.151040
v 0.053648 1.398543 -1.151144
v 0.053648 1.388986 -1.152826
v 0.051921 1.379976 -1.155988
v 0.048567 1.372036 -1.160447
v 0.043781 1.365628 -1.165942
v 0.037841 1.361124 -1.172156
v 0.031093 1.358786 -1.178726
v 0.029542 1.435530 -1.163809
v 0.034828 1.430863 -1.157143
v 0.039481 1.424309 -1.151706
v 0.043230 1.416249 -1.147814
v 0.045857 1.407151 -1.145693
v 0.047210 1.397544 -1.145468
v 0.047210 1.387987 -1.147149
v 0.045857 1.379035 -1.150641
v 0.043230 1.371207 -1.155740
v 0.039481 1.364960 -1.162150
v 0.034828 1.360656 -1.169498
v 0.029542 1.358545 -1.177357
v 0.027727 1.435352 -1.162802
v 0.031305 1.430518 -1.155186
v 0.034454 1.423817 -1.148913
v 0.036991 1.415638 -1.144348
v 0.038769 1.406458 -1.141755
v 0.039684 1.396808 -1.141286
v 0.039684 1.387251 -1.142968
v 0.038769 1.378342 -1.146703
v 0.036991 1.370597 -1.152274
v 0.034454 1.364469 -1.159357
v 0.031305 1.360312 -1.167541
v 0.027727 1.358368 -1.176349
v 0.025735 1.435247 -1.162201
v 0.027437 1.430313 -1.154020
v 0.028934 1.423524 -1.147249
v 0.030141 1.415275 -1.142283
v 0.030986 1.406045 -1.139410
v 0.031422 1.396370 -1.138796
v 0.031422 1.386813 -1.140478
v 0.030986 1.377929 -1.144358
v 0.030141 1.370234 -1.150210
v 0.028934 1.364176 -1.157694
v 0.027437 1.360107 -1.166375
v 0.025735 1.358262 -1.175749
v 0.023659 1.435218 -1.162037
v 0.023405 1.430257 -1.153700
v 0.023181 1.423444 -1.146793
v 0.023000 1.415176 -1.141717
v 0.022874 1.405932 -1.138767
v 0.022809 1.396250 -1.138114
v 0.022809 1.386693 -1.139796
v 0.022874 1.377816 -1.143715
v 0.023000 1.370135 -1.149644
v 0.023181 1.364096 -1.157238
v 0.023405 1.360050 -1.166055
v 0.023659 1.358233 -1.175585
v 0.021595 1.435267 -1.162315
v 0.019397 1.430352 -1.154242
v 0.017462 1.423580 -1.147566
v 0.015903 1.415344 -1.142676
v 0.014811 1.406124 -1.139857
v 0.014248 1.396454 -1.139271
v 0.014248 1.386896 -1.140953
v 0.014811 1.378008 -1.144804
v 0.015903 1.370303 -1.150603
v 0.017462 1.364232 -1.158011
v 0.019397 1.360146 -1.166597
v 0.021595 1.358282 -1.175864
v 0.019641 1.435392 -1.163025
v 0.015601 1.430595 -1.155619
v 0.012046 1.423926 -1.149532
v 0.009181 1.415774 -1.145116
v 0.007174 1.406611 -1.142628
v 0.006140 1.396971 -1.142213
v 0.006140 1.387414 -1.143895
v 0.007174 1.378495 -1.147576
v 0.009181 1.370733 -1.153042
v 0.012046 1.364578 -1.159976
v 0.015601 1.360388 -1.167974
v 0.019641 1.358407 -1.176573
v 0.017887 1.435587 -1.164131
v 0.012195 1.430973 -1.157768
v 0.007186 1.424466 -1.152598
v 0.003149 1.416443 -1.148921
v 0.000321 1.407372 -1.146951
v -0.001136 1.397779 -1.146803
v -0.001136 1.388222 -1.148485
v 0.000321 1.379256 -1.151899
v 0.003149 1.371402 -1.156848
v 0.007186 1.365117 -1.163042
v 0.012195 1.360766 -1.170123
v 0.017887 1.358602 -1.177679
v 0.016415 1.435842 -1.165583
v 0.009338 1.431469 -1.160588
v 0.003108 1.425174 -1.156621
v -0.001911 1.417322 -1.153915
v -0.005429 1.408371 -1.152625
v -0.007240 1.398839 -1.152826
v -0.007240 1.389282 -1.154508
v -0.005429 1.380255 -1.157573
v -0.001911 1.372281 -1.161841
v 0.003108 1.365825 -1.167066
v 0.009338 1.361262 -1.172943
v 0.016415 1.358858 -1.179132
v 0.015295 1.436146 -1.167313
v 0.007162 1.432060 -1.163947
v 0.000004 1.426017 -1.161414
v -0.005763 1.418369 -1.159863
v -0.009805 1.409560 -1.159382
v -0.011887 1.400102 -1.160001
v -0.011887 1.390545 -1.161683
v -0.009805 1.381444 -1.164330
v -0.005763 1.373328 -1.167789
v 0.000004 1.366669 -1.171859
v 0.007162 1.361854 -1.176302
v 0.015295 1.359162 -1.180861
v 0.014578 1.436486 -1.169240
v 0.005771 1.432718 -1.167688
v -0.001981 1.426957 -1.166752
v -0.008227 1.419535 -1.166487
v -0.012605 1.410884 -1.166909
v -0.014859 1.401508 -1.167992
v -0.014859 1.391951 -1.169674
v -0.012605 1.382768 -1.171857
v -0.008227 1.374494 -1.174414
v -0.001981 1.367608 -1.177197
v 0.005771 1.362512 -1.180043
v 0.014578 1.359501 -1.182788
v 0.014299 1.436843 -1.171273
v 0.005229 1.433413 -1.171636
v -0.002755 1.427948 -1.172385
v -0.009188 1.420765 -1.173479
v -0.013696 1.412282 -1.174852
v -0.016017 1.402992 -1.176425
v -0.016017 1.393435 -1.178107
v -0.013696 1.384166 -1.179800
v -0.009188 1.375724 -1.181405
v -0.002755 1.368600 -1.182830
v 0.005229 1.363207 -1.183991
v 0.014299 1.359859 -1.184821
v 0.014470 1.437203 -1.173317
v 0.005561 1.434112 -1.175606
v -0.002281 1.428945 -1.178051
v -0.008599 1.422003 -1.180510
v -0.013027 1.413688 -1.182841
v -0.015308 1.404485 -1.184907
v -0.015308 1.394928 -1.186589
v -0.013027 1.385572 -1.187789
v -0.008599 1.376961 -1.188437
v -0.002281 1.369597 -1.188495
v 0.005561 1.363905 -1.187961
v 0.014470 1.360219 -1.186865
v 0.015083 1.437548 -1.175278
v 0.006752 1.434782 -1.179413
v -0.000581 1.429901 -1.183484
v -0.006490 1.423189 -1.187253
v -0.010631 1.415036 -1.190501
v -0.012763 1.405916 -1.193040
v -0.012763 1.396359 -1.194721
v -0.010631 1.386920 -1.195449
v -0.006490 1.378148 -1.195179
v -0.000581 1.370553 -1.193928
v 0.006752 1.364575 -1.191768
v 0.015083 1.360564 -1.188826
v 0.023929 1.438039 -1.171318
v 0.016110 1.437862 -1.177063
v 0.008746 1.435392 -1.182879
v 0.002264 1.430771 -1.188430
v -0.002958 1.424269 -1.193391
v -0.006619 1.416263 -1.197474
v -0.008504 1.407219 -1.200444
v -0.008504 1.397662 -1.202126
v -0.006619 1.388147 -1.202422
v -0.002958 1.379228 -1.201317
v 0.002264 1.371423 -1.198874
v 0.008746 1.365185 -1.195235
v 0.016110 1.360878 -1.190611
v 0.017503 1.438131 -1.178588
v 0.011450 1.435913 -1.185842
v 0.006123 1.431515 -1.192657
v 0.001830 1.425193 -1.198638
v -0.001178 1.417313 -1.203436
v -0.002727 1.408333 -1.206773
v -0.002727 1.398776 -1.208455
v -0.001178 1.389196 -1.208384
v 0.001830 1.380152 -1.206564
v 0.006123 1.372167 -1.203102
v 0.011450 1.365707 -1.198197
v 0.017503 1.361146 -1.192136
v 0.019196 1.438341 -1.179784
v 0.014738 1.436322 -1.188163
v 0.010814 1.432098 -1.195969
v 0.007653 1.425916 -1.202748
v 0.005437 1.418134 -1.208106
v 0.004296 1.409205 -1.211731
v 0.004296 1.399648 -1.213413
v 0.005437 1.390018 -1.213054
v 0.007653 1.380875 -1.210675
v 0.010814 1.372750 -1.206414
v 0.014738 1.366115 -1.200518
v 0.019196 1.361356 -1.193332
v 0.021110 1.438483 -1.180593
v 0.018455 1.436598 -1.189734
v 0.016119 1.432493 -1.198211
v 0.014236 1.426406 -1.205530
v 0.012916 1.418691 -1.211266
v 0.012237 1.409796 -1.215086
v 0.012237 1.400239 -1.216768
v 0.012916 1.390574 -1.216214
v 0.014236 1.381365 -1.213456
v 0.016119 1.373144 -1.208655
v 0.018455 1.366392 -1.202089
v 0.021110 1.361499 -1.194141
v 0.023157 1.438551 -1.180977
v 0.022429 1.436730 -1.190481
v 0.021788 1.432680 -1.199276
v 0.021272 1.426638 -1.206853
v 0.020911 1.418955 -1.212769
v 0.020724 1.410077 -1.216682
v 0.020724 1.400520 -1.218364
v 0.020911 1.390839 -1.217717
v 0.021272 1.381597 -1.214779
v 0.021788 1.373332 -1.209721
v 0.022429 1.366523 -1.202836
v 0.023157 1.361567 -1.194525
v 0.025239 1.438541 -1.180920
v 0.026472 1.436710 -1.190369
v 0.027558 1.432652 -1.199117
v 0.028433 1.426604 -1.206655
v 0.029046 1.418915 -1.212544
v 0.029362 1.410035 -1.216443
v 0.029362 1.400478 -1.218125
v 0.029046 1.390799 -1.217492
v 0.028433 1.381563 -1.214581
v 0.027558 1.373304 -1.209561
v 0.026472 1.366503 -1.202724
v 0.025239 1.361557 -1.194468
v 0.027260 1.438454 -1.180423
v 0.030397 1.436540 -1.189404
v 0.033158 1.432410 -1.197740
v 0.035383 1.426303 -1.204945
v 0.036942 1.418574 -1.210602
v 0.037745 1.409672 -1.214381
v 0.037745 1.400115 -1.216063
v 0.036942 1.390458 -1.215550
v 0.035383 1.381262 -1.212872
v 0.033158 1.373062 -1.208184
v 0.030397 1.366334 -1.201759
v 0.027260 1.361469 -1.193971
v 0.029125 1.438293 -1.179509
v 0.034019 1.436228 -1.187631
v 0.038327 1.431965 -1.195209
v 0.041798 1.425750 -1.201805
v 0.044230 1.417946 -1.207034
v 0.045483 1.409005 -1.210593
v 0.045483 1.399448 -1.212275
v 0.044230 1.389830 -1.211982
v 0.041798 1.380709 -1.209731
v 0.038327 1.372616 -1.205654
v 0.034019 1.366022 -1.199986
v 0.029125 1.361308 -1.193057
v 0.030747 1.438066 -1.178223
v 0.037169 1.435788 -1.185132
v 0.047377 1.424971 -1.197379
v 0.052212 1.408066 -1.205255
v 0.052212 1.398509 -1.206937
v 0.037169 1.365582 -1.197487
v 0.030747 1.361082 -1.191771
v -0.970157 1.599706 -2.240746
v -0.914250 1.589998 -2.185580
v -0.987141 1.577744 -2.227400
v -0.931234 1.568035 -2.172233
v -1.030145 1.560182 -2.186909
v -0.974239 1.550473 -2.131742
v -1.079048 1.555238 -2.138220
v -1.023141 1.545529 -2.083053
v -1.110967 1.565225 -2.104115
v -1.055060 1.555517 -2.048949
v -1.110967 1.585471 -2.100552
v -1.055060 1.575762 -2.045386
v -1.079048 1.606501 -2.129198
v -1.023141 1.596793 -2.074032
v -1.030145 1.618477 -2.176650
v -0.974239 1.608768 -2.121484
v -0.987141 1.615793 -2.220704
v -0.931234 1.606085 -2.165537
v -1.206358 1.663579 -2.603691
v -1.242581 1.627621 -2.573310
v -1.270236 1.603919 -2.369361
v -1.438599 1.583400 -2.382443
v -1.506676 1.595829 -2.311265
v -1.506676 1.627426 -2.305705
v -1.447961 1.652164 -2.360854
v -1.270236 1.639655 -2.363072
v -1.242581 1.687004 -2.562860
v -0.478298 1.481373 -1.834340
v -0.450759 1.531543 -1.853419
v -0.548029 1.445150 -1.770048
v -0.627324 1.439824 -1.690626
v -0.679080 1.467886 -1.633237
v -0.679080 1.516207 -1.624733
v -0.627324 1.562176 -1.669094
v -0.548029 1.584284 -1.745563
v -0.478298 1.572186 -1.818358
v -0.257559 1.442308 -1.648642
v -0.226264 1.499321 -1.670323
v -0.336800 1.401145 -1.575582
v -0.426909 1.395093 -1.485328
v -0.485724 1.426983 -1.420112
v -0.485724 1.481893 -1.410449
v -0.426909 1.534132 -1.460860
v -0.336800 1.559255 -1.547757
v -0.257559 1.545507 -1.630481
v -0.042622 1.405156 -1.363279
v -0.019014 1.448165 -1.379634
v -0.102399 1.374103 -1.308164
v -0.170375 1.369537 -1.240079
v -0.214744 1.393594 -1.190881
v -0.214744 1.435018 -1.183592
v -0.170375 1.474425 -1.221620
v -0.102399 1.493377 -1.287174
v -0.042622 1.483006 -1.349578
v 0.100412 1.381339 -1.101813
v 0.110962 1.400559 -1.109122
v 0.073698 1.367462 -1.077183
v 0.043321 1.365422 -1.046757
v 0.023493 1.376173 -1.024772
v 0.023493 1.394684 -1.021514
v 0.043321 1.412294 -1.038508
v 0.073698 1.420764 -1.067803
v 0.100412 1.416129 -1.095691
v 0.042822 1.459151 -1.186749
v 0.050568 1.444875 -1.197111
v 0.050568 1.416759 -1.202059
v 0.047377 1.407744 -1.200411
v 0.042822 1.399803 -1.197193
v 0.032051 1.465599 -1.171728
v 0.039701 1.463055 -1.177129
v 0.046434 1.458371 -1.182315
v 0.051859 1.451817 -1.186981
v 0.055661 1.443775 -1.190859
v 0.057619 1.434712 -1.193722
v 0.057619 1.425155 -1.195404
v 0.055661 1.415659 -1.195807
v 0.051859 1.406776 -1.194908
v 0.046434 1.399022 -1.192759
v 0.039701 1.392849 -1.189485
v 0.032051 1.388614 -1.185276
v 0.032975 1.465275 -1.169889
v 0.041494 1.462427 -1.173559
v 0.048994 1.457474 -1.177219
v 0.055036 1.450704 -1.180658
v 0.059271 1.442510 -1.183675
v 0.061451 1.433369 -1.186095
v 0.061451 1.423812 -1.187776
v 0.059271 1.414394 -1.188623
v 0.055036 1.405663 -1.188585
v 0.048994 1.398126 -1.187664
v 0.041494 1.392221 -1.185914
v 0.032975 1.388291 -1.183437
v 0.033475 1.464925 -1.167897
v 0.042467 1.461747 -1.169692
v 0.050381 1.456503 -1.171701
v 0.056758 1.449499 -1.173810
v 0.061227 1.441141 -1.175894
v 0.063528 1.431916 -1.177834
v 0.063528 1.422359 -1.179516
v 0.061227 1.413025 -1.180842
v 0.056758 1.404458 -1.181736
v 0.050381 1.397155 -1.182146
v 0.042467 1.391540 -1.182047
v 0.033475 1.387940 -1.181445
v 0.023929 1.386564 -1.180376
v 0.033530 1.464564 -1.165846
v 0.042573 1.461046 -1.165709
v 0.050532 1.455503 -1.166019
v 0.056945 1.448258 -1.166757
v 0.061440 1.439731 -1.167882
v 0.063754 1.430419 -1.169327
v 0.063754 1.420861 -1.171009
v 0.061440 1.411615 -1.172830
v 0.056945 1.403217 -1.174684
v 0.050532 1.396155 -1.176463
v 0.042573 1.390839 -1.178064
v 0.033530 1.387579 -1.179394
v 0.033135 1.464209 -1.163832
v 0.041807 1.460357 -1.161797
v 0.049439 1.454521 -1.160437
v 0.055588 1.447039 -1.159830
v 0.059898 1.438346 -1.160011
v 0.062118 1.428948 -1.160971
v 0.062118 1.419391 -1.162653
v 0.059898 1.410230 -1.164959
v 0.055588 1.401998 -1.167756
v 0.049439 1.395172 -1.170881
v 0.041807 1.390151 -1.174152
v 0.033135 1.387225 -1.177380
v 0.032310 1.463878 -1.161948
v 0.040205 1.459714 -1.158139
v 0.047153 1.453602 -1.155217
v 0.052751 1.445899 -1.153351
v 0.056675 1.437051 -1.152651
v 0.058695 1.427573 -1.153157
v 0.058695 1.418016 -1.154839
v 0.056675 1.408935 -1.157599
v 0.052751 1.400858 -1.161278
v 0.047153 1.394254 -1.165661
v 0.040205 1.389507 -1.170494
v 0.032310 1.386893 -1.175496
v 0.031093 1.463585 -1.160283
v 0.037841 1.459144 -1.154906
v 0.043781 1.452790 -1.150603
v 0.048567 1.444891 -1.147625
v 0.051921 1.435906 -1.146145
v 0.053648 1.426357 -1.146250
v 0.053648 1.416800 -1.147931
v 0.051921 1.407790 -1.151093
v 0.048567 1.399850 -1.155552
v 0.043781 1.393442 -1.161047
v 0.037841 1.388938 -1.167261
v 0.031093 1.386600 -1.173831
v 0.029542 1.463344 -1.158915
v 0.034828 1.458677 -1.152248
v 0.039481 1.452123 -1.146811
v 0.043230 1.444063 -1.142919
v 0.045857 1.434965 -1.140799
v 0.047210 1.425358 -1.140573
v 0.047210 1.415801 -1.142255
v 0.045857 1.406849 -1.145747
v 0.043230 1.399022 -1.150846
v 0.039481 1.392774 -1.157255
v 0.034828 1.388470 -1.164603
v 0.029542 1.386359 -1.172463
v 0.027727 1.463167 -1.157907
v 0.031305 1.458332 -1.150291
v 0.034454 1.451631 -1.144018
v 0.036991 1.443453 -1.139453
v 0.038769 1.434272 -1.136860
v 0.039684 1.424622 -1.136391
v 0.039684 1.415065 -1.138073
v 0.038769 1.406156 -1.141808
v 0.036991 1.398412 -1.147379
v 0.034454 1.392283 -1.154462
v 0.031305 1.388126 -1.162646
v 0.027727 1.386182 -1.171455
v 0.025735 1.463061 -1.157306
v 0.027437 1.458127 -1.149125
v 0.028934 1.451339 -1.142355
v 0.030141 1.443089 -1.137388
v 0.030986 1.433859 -1.134515
v 0.031422 1.424184 -1.133901
v 0.031422 1.414627 -1.135583
v 0.030986 1.405743 -1.139463
v 0.030141 1.398048 -1.145315
v 0.028934 1.391990 -1.152799
v 0.027437 1.387921 -1.161480
v 0.025735 1.386076 -1.170854
v 0.023659 1.463032 -1.157142
v 0.023405 1.458071 -1.148806
v 0.023181 1.451258 -1.141899
v 0.023000 1.442990 -1.136822
v 0.022874 1.433746 -1.133872
v 0.022809 1.424064 -1.133219
v 0.022809 1.414507 -1.134901
v 0.022874 1.405630 -1.138820
v 0.023000 1.397949 -1.144749
v 0.023181 1.391910 -1.152343
v 0.023405 1.387864 -1.161161
v 0.023659 1.386047 -1.170690
v 0.021595 1.463081 -1.157421
v 0.019397 1.458166 -1.149347
v 0.017462 1.451394 -1.142672
v 0.015903 1.443159 -1.137782
v 0.014811 1.433938 -1.134962
v 0.014248 1.424268 -1.134376
v 0.014248 1.414711 -1.136058
v 0.014811 1.405822 -1.139910
v 0.015903 1.398118 -1.145708
v 0.017462 1.392046 -1.153116
v 0.019397 1.387960 -1.161702
v 0.021595 1.386096 -1.170969
v 0.019641 1.463206 -1.158130
v 0.015601 1.458409 -1.150725
v 0.012046 1.451740 -1.144637
v 0.009181 1.443588 -1.140221
v 0.007174 1.434425 -1.137733
v 0.006140 1.424786 -1.137318
v 0.006140 1.415228 -1.139000
v 0.007174 1.406309 -1.142681
v 0.009181 1.398547 -1.148147
v 0.012046 1.392392 -1.155081
v 0.015601 1.388202 -1.163080
v 0.019641 1.386221 -1.171678
v 0.017887 1.463401 -1.159236
v 0.012195 1.458787 -1.152874
v 0.007186 1.452280 -1.147703
v 0.003149 1.444257 -1.144026
v 0.000321 1.435186 -1.142056
v -0.001136 1.425593 -1.141908
v -0.001136 1.416036 -1.143590
v 0.000321 1.407070 -1.147004
v 0.003149 1.399216 -1.151953
v 0.007186 1.392931 -1.158148
v 0.012195 1.388580 -1.165229
v 0.017887 1.386416 -1.172785
v 0.016415 1.463656 -1.160689
v 0.009338 1.459283 -1.155693
v 0.003108 1.452988 -1.151727
v -0.001911 1.445136 -1.149020
v -0.005429 1.436185 -1.147730
v -0.007240 1.426653 -1.147932
v -0.007240 1.417096 -1.149613
v -0.005429 1.408069 -1.152678
v -0.001911 1.400095 -1.156946
v 0.003108 1.393640 -1.162171
v 0.009338 1.389077 -1.168048
v 0.016415 1.386672 -1.174237
v 0.015295 1.463961 -1.162418
v 0.007162 1.459874 -1.159052
v 0.000004 1.453831 -1.156519
v -0.005763 1.446183 -1.154968
v -0.009805 1.437374 -1.154488
v -0.011887 1.427916 -1.155106
v -0.011887 1.418359 -1.156788
v -0.009805 1.409258 -1.159436
v -0.005763 1.401142 -1.162894
v 0.000004 1.394483 -1.166964
v 0.007162 1.389668 -1.171407
v 0.015295 1.386976 -1.175966
v 0.014578 1.464300 -1.164345
v 0.005771 1.460532 -1.162793
v -0.001981 1.454771 -1.161857
v -0.008227 1.447349 -1.161593
v -0.012605 1.438699 -1.162014
v -0.014859 1.429322 -1.163097
v -0.014859 1.419765 -1.164779
v -0.012605 1.410582 -1.166962
v -0.008227 1.402308 -1.169519
v -0.001981 1.395422 -1.172302
v 0.005771 1.390326 -1.175148
v 0.014578 1.387315 -1.177893
v 0.014299 1.464657 -1.166378
v 0.005229 1.461227 -1.166741
v -0.002755 1.455762 -1.167491
v -0.009188 1.448579 -1.168584
v -0.013696 1.440096 -1.169957
v -0.016017 1.430806 -1.171531
v -0.016017 1.421249 -1.173213
v -0.013696 1.411980 -1.174905
v -0.009188 1.403538 -1.176511
v -0.002755 1.396414 -1.177935
v 0.005229 1.391021 -1.179096
v 0.014299 1.387673 -1.179926
v 0.014470 1.465017 -1.168422
v 0.005561 1.461926 -1.170711
v -0.002281 1.456759 -1.173156
v -0.008599 1.449817 -1.175615
v -0.013027 1.441502 -1.177946
v -0.015308 1.432299 -1.180012
v -0.015308 1.422742 -1.181694
v -0.013027 1.413386 -1.182894
v -0.008599 1.404776 -1.183542
v -0.002281 1.397411 -1.183600
v 0.005561 1.391719 -1.183066
v 0.014470 1.388033 -1.181970
v 0.015083 1.465362 -1.170383
v 0.006752 1.462596 -1.174518
v -0.000581 1.457715 -1.178589
v -0.006490 1.451003 -1.182358
v -0.010631 1.442850 -1.185606
v -0.012763 1.433730 -1.188145
v -0.012763 1.424173 -1.189827
v -0.010631 1.414734 -1.190554
v -0.006490 1.405962 -1.190284
v -0.000581 1.398367 -1.189033
v 0.006752 1.392390 -1.186874
v 0.015083 1.388378 -1.183931
v 0.023929 1.465853 -1.166423
v 0.016110 1.465676 -1.172168
v 0.008746 1.463206 -1.177984
v 0.002264 1.458586 -1.183535
v -0.002958 1.452083 -1.188496
v -0.006619 1.444077 -1.192580
v -0.008504 1.435033 -1.195549
v -0.008504 1.425476 -1.197231
v -0.006619 1.415961 -1.197528
v -0.002958 1.407042 -1.196422
v 0.002264 1.399237 -1.193979
v 0.008746 1.393000 -1.190340
v 0.016110 1.388692 -1.185716
v 0.017503 1.465945 -1.173694
v 0.011450 1.463727 -1.180947
v 0.006123 1.459329 -1.187762
v 0.001830 1.453007 -1.193743
v -0.001178 1.445127 -1.198541
v -0.002727 1.436147 -1.201878
v -0.002727 1.426590 -1.203560
v -0.001178 1.417011 -1.203489
v 0.001830 1.407966 -1.201669
v 0.006123 1.399981 -1.198207
v 0.011450 1.393521 -1.193303
v 0.017503 1.388960 -1.187242
v 0.019196 1.466155 -1.174889
v 0.014738 1.464136 -1.183269
v 0.010814 1.459912 -1.191074
v 0.007653 1.453730 -1.197853
v 0.005437 1.445948 -1.203211
v 0.004296 1.437020 -1.206836
v 0.004296 1.427462 -1.208518
v 0.005437 1.417832 -1.208159
v 0.007653 1.408689 -1.205780
v 0.010814 1.400564 -1.201519
v 0.014738 1.393929 -1.195624
v 0.019196 1.389171 -1.188437
v 0.021110 1.466298 -1.175698
v 0.018455 1.464412 -1.184839
v 0.016119 1.460307 -1.193316
v 0.014236 1.454220 -1.200635
v 0.012916 1.446505 -1.206371
v 0.012237 1.437610 -1.210191
v 0.012237 1.428053 -1.211873
v 0.012916 1.418388 -1.211319
v 0.014236 1.409179 -1.208561
v 0.016119 1.400959 -1.203760
v 0.018455 1.394206 -1.197194
v 0.021110 1.389313 -1.189246
v 0.023157 1.466365 -1.176082
v 0.022429 1.464544 -1.185586
v 0.021788 1.460494 -1.194382
v 0.021272 1.454452 -1.201958
v 0.020911 1.446769 -1.207874
v 0.020724 1.437891 -1.211787
v 0.020724 1.428334 -1.213469
v 0.020911 1.418653 -1.212822
v 0.021272 1.409411 -1.209884
v 0.021788 1.401146 -1.204826
v 0.022429 1.394337 -1.197941
v 0.023157 1.389381 -1.189631
v 0.025239 1.466355 -1.176025
v 0.026472 1.464524 -1.185475
v 0.027558 1.460466 -1.194222
v 0.028433 1.454418 -1.201760
v 0.029046 1.446730 -1.207649
v 0.029362 1.437849 -1.211548
v 0.029362 1.428292 -1.213230
v 0.029046 1.418613 -1.212597
v 0.028433 1.409377 -1.209686
v 0.027558 1.401118 -1.204667
v 0.026472 1.394318 -1.197830
v 0.025239 1.389371 -1.189573
v 0.027260 1.466268 -1.175528
v 0.030397 1.464354 -1.184509
v 0.033158 1.460224 -1.192845
v 0.035383 1.454117 -1.200051
v 0.036942 1.446388 -1.205707
v 0.037745 1.437486 -1.209487
v 0.037745 1.427929 -1.211169
v 0.036942 1.418272 -1.210655
v 0.035383 1.409076 -1.207977
v 0.033158 1.400876 -1.203289
v 0.030397 1.394148 -1.196864
v 0.027260 1.389283 -1.189076
v 0.029125 1.466107 -1.174615
v 0.034019 1.464042 -1.182736
v 0.038327 1.459779 -1.190314
v 0.041798 1.453564 -1.196910
v 0.044230 1.445760 -1.202139
v 0.045483 1.436819 -1.205698
v 0.045483 1.427262 -1.207380
v 0.044230 1.417644 -1.207087
v 0.041798 1.408523 -1.204836
v 0.038327 1.400430 -1.200759
v 0.034019 1.393836 -1.195091
v 0.029125 1.389122 -1.188163
v 0.030747 1.465880 -1.173328
v 0.037169 1.463602 -1.180237
v 0.047377 1.452785 -1.192485
v 0.052212 1.435880 -1.200360
v 0.052212 1.426323 -1.202042
v 0.037169 1.393396 -1.192592
v 0.030747 1.388896 -1.186876
vn -0.0000 0.9849 0.1733
vn -0.0000 -0.9849 -0.1733
vn 0.6127 0.1370 -0.7783
vn 0.9271 0.0650 -0.3691
vn 0.2809 0.1663 -0.9452
vn -0.9885 -0.0262 0.1488
vn 0.3445 0.1627 -0.9246
vn -0.5747 0.1418 -0.8060
vn 0.5110 0.1490 -0.8466
vn 0.7815 0.1081 -0.6145
vn 0.1982 -0.1699 0.9653
vn -0.6358 -0.1338 0.7601
vn -0.9570 -0.0503 0.2859
vn -0.6690 -0.1288 0.7320
vn -0.2983 -0.1654 0.9400
vn -0.7233 -0.1197 0.6801
vn -0.5002 0.1501 -0.8528
vn -0.8576 0.0891 -0.5065
vn 0.1749 0.9846 -0.0040
vn 0.2083 0.9774 0.0371
vn 0.5844 -0.4546 -0.6722
vn 0.6625 -0.2320 -0.7122
vn 0.7892 -0.2593 -0.5567
vn 0.6961 -0.4787 -0.5351
vn 0.3335 0.9264 -0.1749
vn 0.3973 0.9126 -0.0967
vn 0.4726 -0.6514 -0.5936
vn 0.5630 -0.6709 -0.4827
vn 0.4726 0.8149 -0.3355
vn 0.5630 0.7954 -0.2246
vn 0.3335 -0.8110 -0.4807
vn 0.3973 -0.8248 -0.4024
vn 0.5844 0.6568 -0.4766
vn 0.6961 0.6326 -0.3395
vn 0.1749 -0.9241 -0.3399
vn 0.2083 -0.9313 -0.2988
vn 0.6625 0.4612 -0.5903
vn 0.7892 0.4338 -0.4348
vn 0.7027 0.2393 -0.6700
vn 0.8371 0.2103 -0.5051
vn 0.7027 0.0038 -0.7115
vn 0.8371 -0.0252 -0.5465
vn 0.4424 0.8968 -0.0067
vn 0.6270 0.7729 -0.0972
vn 0.6270 -0.6933 -0.3552
vn 0.4424 -0.8406 -0.3125
vn 0.7753 0.6049 -0.1819
vn 0.2320 -0.9396 -0.2517
vn 0.8789 0.4024 -0.2561
vn 0.9323 0.1769 -0.3156
vn 0.9323 -0.0586 -0.3570
vn 0.8789 -0.2908 -0.3781
vn 0.2320 0.9691 0.0842
vn 0.7753 -0.5065 -0.3775
vn 0.2449 -0.9486 -0.2006
vn 0.9276 0.3683 -0.0626
vn 0.9839 0.1408 -0.1104
vn 0.9839 -0.0947 -0.1518
vn 0.9276 -0.3248 -0.1846
vn 0.2449 0.9601 0.1353
vn 0.8182 -0.5365 -0.2068
vn 0.4669 0.8796 0.0907
vn 0.6617 -0.7176 -0.2172
vn 0.6617 0.7487 0.0409
vn 0.4669 -0.8577 -0.2151
vn 0.8182 0.5749 -0.0112
vn 0.9895 -0.1319 0.0596
vn 0.9329 -0.3599 0.0147
vn 0.2463 0.9508 0.1879
vn 0.8228 -0.5674 -0.0310
vn 0.4696 0.8620 0.1910
vn 0.6655 -0.7426 -0.0750
vn 0.6655 0.7236 0.1830
vn 0.4696 -0.8754 -0.1148
vn 0.8228 0.5439 0.1646
vn 0.2463 -0.9578 -0.1480
vn 0.9329 0.3332 0.1367
vn 0.9895 0.1036 0.1010
vn 0.6381 -0.7672 0.0646
vn 0.4503 -0.8927 -0.0162
vn 0.6381 0.6991 0.3227
vn 0.7890 0.5135 0.3372
vn 0.2362 -0.9669 -0.0963
vn 0.8945 0.2988 0.3324
vn 0.9488 0.0671 0.3086
vn 0.9488 -0.1684 0.2672
vn 0.8945 -0.3943 0.2104
vn 0.2362 0.9417 0.2396
vn 0.7890 -0.5978 0.1416
vn 0.4503 0.8446 0.2895
vn 0.8144 0.2666 0.5155
vn 0.8638 0.0329 0.5028
vn 0.8638 -0.2026 0.4613
vn 0.8144 -0.4265 0.3935
vn 0.2150 0.9332 0.2879
vn 0.7183 -0.6262 0.3031
vn 0.4099 0.8284 0.3817
vn 0.5809 -0.7902 0.1952
vn 0.5809 0.6761 0.4532
vn 0.4099 -0.9089 0.0759
vn 0.7183 0.4851 0.4987
vn 0.2150 -0.9754 -0.0480
vn 0.1838 0.9257 0.3306
vn 0.6961 -0.4550 0.5553
vn 0.6140 -0.6513 0.4458
vn 0.3504 0.8141 0.4631
vn 0.4966 -0.8105 0.3106
vn 0.4966 0.6558 0.5686
vn 0.3504 -0.9233 0.1573
vn 0.6140 0.4600 0.6414
vn 0.1838 -0.9830 -0.0052
vn 0.6961 0.2381 0.6773
vn 0.7384 0.0027 0.6744
vn 0.7384 -0.2328 0.6329
vn 0.3890 -0.8272 0.4055
vn 0.2745 -0.9351 0.2243
vn 0.3890 0.6391 0.6635
vn 0.4810 0.4394 0.7587
vn 0.1440 -0.9891 0.0299
vn 0.5454 0.2147 0.8102
vn 0.5784 -0.0221 0.8154
vn 0.5784 -0.2576 0.7740
vn 0.5454 -0.4784 0.6883
vn 0.1440 0.9195 0.3657
vn 0.4810 -0.6720 0.5631
vn 0.2745 0.8023 0.5300
vn 0.3914 -0.0404 0.9193
vn 0.3914 -0.2759 0.8779
vn 0.3691 -0.4957 0.7862
vn 0.0974 0.9150 0.3916
vn 0.3255 -0.6872 0.6495
vn 0.1858 0.7936 0.5793
vn 0.2633 -0.8395 0.4753
vn 0.2633 0.6268 0.7334
vn 0.1858 -0.9437 0.2736
vn 0.3255 0.4242 0.8450
vn 0.0974 -0.9937 0.0557
vn 0.3691 0.1975 0.9082
vn 0.1755 -0.5059 0.8445
vn 0.1548 -0.6962 0.7009
vn 0.0463 0.9122 0.4070
vn 0.0883 0.7885 0.6087
vn 0.1252 -0.8468 0.5169
vn 0.1252 0.6195 0.7750
vn 0.0883 -0.9489 0.3030
vn 0.1548 0.4151 0.8965
vn 0.0463 -0.9964 0.0711
vn 0.1755 0.1872 0.9665
vn 0.1862 -0.0513 0.9812
vn 0.1862 -0.2868 0.9397
vn -0.0187 0.6175 0.7864
vn -0.0231 0.4126 0.9106
vn -0.0132 -0.9503 0.3110
vn -0.0069 -0.9971 0.0753
vn -0.0262 0.1844 0.9825
vn -0.0278 -0.0543 0.9981
vn -0.0278 -0.2898 0.9567
vn -0.0262 -0.5087 0.8605
vn -0.0069 0.9115 0.4112
vn -0.0231 -0.6987 0.7150
vn -0.0132 0.7871 0.6167
vn -0.0187 -0.8488 0.5283
vn -0.2405 -0.0492 0.9694
vn -0.2405 -0.2847 0.9280
vn -0.2268 -0.5040 0.8334
vn -0.0599 0.9128 0.4041
vn -0.2000 -0.6945 0.6911
vn -0.1142 0.7895 0.6031
vn -0.1618 -0.8454 0.5090
vn -0.1618 0.6209 0.7670
vn -0.1142 -0.9479 0.2974
vn -0.2000 0.4168 0.8867
vn -0.0599 -0.9959 0.0682
vn -0.2268 0.1892 0.9554
vn -0.1100 0.9160 0.3859
vn -0.2098 0.7956 0.5684
vn -0.3675 -0.6838 0.6303
vn -0.2973 -0.8368 0.4598
vn -0.2973 0.6295 0.7179
vn -0.2098 -0.9418 0.2627
vn -0.3675 0.4275 0.8259
vn -0.1100 -0.9927 0.0500
vn -0.4167 0.2013 0.8865
vn -0.4420 -0.0363 0.8963
vn -0.4420 -0.2718 0.8548
vn -0.4167 -0.4918 0.7645
vn -0.2956 -0.9323 0.2085
vn -0.1550 -0.9877 0.0216
vn -0.5179 0.4442 0.7311
vn -0.5871 0.2202 0.7790
vn -0.6228 -0.0163 0.7822
vn -0.6228 -0.2518 0.7408
vn -0.5871 -0.4729 0.6570
vn -0.1550 0.9210 0.3575
vn -0.5179 -0.6671 0.5355
vn -0.2956 0.8051 0.5143
vn -0.4188 -0.8233 0.3831
vn -0.4188 0.6430 0.6412
vn -0.7744 0.0101 0.6326
vn -0.7744 -0.2254 0.5911
vn -0.7301 -0.4481 0.5159
vn -0.1928 0.9275 0.3202
vn -0.6440 -0.6452 0.4110
vn -0.3675 0.8176 0.4433
vn -0.5208 -0.8056 0.2825
vn -0.5208 0.6607 0.5405
vn -0.3675 -0.9198 0.1375
vn -0.6440 0.4661 0.6066
vn -0.1928 -0.9811 -0.0156
vn -0.7301 0.2450 0.6379
vn -0.7400 -0.6191 0.2628
vn -0.5985 -0.7845 0.1626
vn -0.4223 0.8325 0.3587
vn -0.5985 0.6818 0.4206
vn -0.4223 -0.9049 0.0529
vn -0.7400 0.4922 0.4584
vn -0.2215 -0.9733 -0.0600
vn -0.8390 0.2746 0.4698
vn -0.8899 0.0414 0.4543
vn -0.8899 -0.1941 0.4129
vn -0.8390 -0.4185 0.3478
vn -0.2215 0.9353 0.2759
vn -0.8014 0.5213 0.2933
vn -0.9086 0.3076 0.2826
vn -0.2399 -0.9646 -0.1094
vn -0.9637 0.0764 0.2558
vn -0.9637 -0.1591 0.2143
vn -0.9086 -0.3856 0.1606
vn -0.2399 0.9440 0.2265
vn -0.8014 -0.5901 0.0977
vn -0.4574 0.8491 0.2644
vn -0.6481 -0.7610 0.0291
vn -0.6481 0.7053 0.2871
vn -0.4574 -0.8883 -0.0413
vn -0.9925 -0.1222 0.0048
vn -0.9357 -0.3508 -0.0369
vn -0.2470 0.9532 0.1743
vn -0.8253 -0.5594 -0.0766
vn -0.4710 0.8666 0.1650
vn -0.6675 -0.7362 -0.1118
vn -0.6675 0.7301 0.1462
vn -0.4710 -0.8708 -0.1408
vn -0.8253 0.5519 0.1190
vn -0.2470 -0.9554 -0.1616
vn -0.9357 0.3423 0.0851
vn -0.9925 0.1133 0.0463
vn -0.8107 -0.5286 -0.2518
vn -0.6556 -0.7112 -0.2536
vn -0.4627 0.8842 0.0650
vn -0.6556 0.7551 0.0045
vn -0.4627 -0.8532 -0.2408
vn -0.8107 0.5828 -0.0562
vn -0.2426 -0.9462 -0.2140
vn -0.9191 0.3773 -0.1136
vn -0.9749 0.1503 -0.1645
vn -0.9749 -0.0852 -0.2059
vn -0.9191 -0.3158 -0.2356
vn -0.2426 0.9624 0.1219
vn -0.2269 -0.9374 -0.2643
vn -0.8595 0.4108 -0.3041
vn -0.9116 0.1859 -0.3665
vn -0.9116 -0.0496 -0.4080
vn -0.8595 -0.2823 -0.4261
vn -0.2269 0.9713 0.0716
vn -0.7581 -0.4990 -0.4198
vn -0.4327 0.9010 -0.0309
vn -0.6131 -0.6873 -0.3895
vn -0.6131 0.7790 -0.1314
vn -0.4327 -0.8363 -0.3367
vn -0.7581 0.6124 -0.2242
vn -0.8058 -0.0172 -0.5919
vn -0.7597 -0.2518 -0.5995
vn -0.2006 0.9793 0.0258
vn -0.6701 -0.4721 -0.5728
vn -0.3824 0.9164 -0.1182
vn -0.5419 -0.6655 -0.5132
vn -0.5419 0.8007 -0.2551
vn -0.3824 -0.8210 -0.4240
vn -0.6701 0.6393 -0.3772
vn -0.2006 -0.9293 -0.3101
vn -0.7597 0.4413 -0.4775
vn -0.8058 0.2183 -0.5505
vn -0.3143 0.9295 -0.1928
vn -0.4454 0.8194 -0.3609
vn -0.4454 -0.6469 -0.6189
vn -0.3143 -0.8078 -0.4986
vn -0.5508 0.6623 -0.5080
vn -0.1648 -0.9224 -0.3493
vn -0.6244 0.4674 -0.6258
vn -0.6623 0.2459 -0.7077
vn -0.6623 0.0104 -0.7492
vn -0.6244 -0.2257 -0.7478
vn -0.1648 0.9862 -0.0134
vn -0.5508 -0.4491 -0.7036
vn -0.1214 -0.9170 -0.3799
vn -0.4599 0.4879 -0.7419
vn -0.4878 0.2676 -0.8309
vn -0.4878 0.0321 -0.8724
vn -0.4599 -0.2053 -0.8639
vn -0.1214 0.9916 -0.0440
vn -0.4057 -0.4310 -0.8060
vn -0.2315 0.9398 -0.2513
vn -0.3281 -0.6323 -0.7018
vn -0.3281 0.8339 -0.4438
vn -0.2315 -0.7976 -0.5571
vn -0.4056 0.6803 -0.6104
vn -0.0723 0.9953 -0.0648
vn -0.2739 -0.1914 -0.9425
vn -0.2416 -0.4188 -0.8753
vn -0.1379 0.9468 -0.2909
vn -0.1954 -0.6225 -0.7579
vn -0.1954 0.8438 -0.4998
vn -0.1379 -0.7906 -0.5966
vn -0.2416 0.6925 -0.6798
vn -0.0723 -0.9134 -0.4007
vn -0.2739 0.5017 -0.8205
vn -0.2905 0.2823 -0.9143
vn -0.2905 0.0468 -0.9557
vn -0.0536 -0.6178 -0.7845
vn -0.0378 -0.7873 -0.6154
vn -0.0536 0.8485 -0.5265
vn -0.0662 0.6983 -0.7127
vn -0.0198 -0.9116 -0.4105
vn -0.0751 0.5083 -0.8579
vn -0.0796 0.2893 -0.9539
vn -0.0796 0.0538 -0.9954
vn -0.0751 -0.1848 -0.9799
vn -0.0198 0.9970 -0.0746
vn -0.0662 -0.4130 -0.9083
vn -0.0378 0.9501 -0.3097
vn 0.1273 0.5073 -0.8523
vn 0.1350 0.2882 -0.9480
vn 0.1350 0.0527 -0.9894
vn 0.1273 -0.1858 -0.9743
vn 0.0336 0.9968 -0.0732
vn 0.1122 -0.4139 -0.9034
vn 0.0641 0.9496 -0.3069
vn 0.0908 -0.6185 -0.7805
vn 0.0908 0.8478 -0.5225
vn 0.0641 -0.7878 -0.6126
vn 0.1122 0.6974 -0.7078
vn 0.0336 -0.9119 -0.4091
vn 0.3236 -0.1943 -0.9260
vn 0.2855 -0.4214 -0.8608
vn 0.0854 0.9945 -0.0604
vn 0.1629 0.9453 -0.2826
vn 0.2309 -0.6246 -0.7461
vn 0.2309 0.8417 -0.4880
vn 0.1629 -0.7921 -0.5883
vn 0.2855 0.6900 -0.6652
vn 0.0854 -0.9141 -0.3963
vn 0.3236 0.4988 -0.8040
vn 0.3433 0.2792 -0.8968
vn 0.3433 0.0437 -0.9382
vn 0.3602 0.8306 -0.4247
vn 0.4453 0.6762 -0.5869
vn 0.2541 -0.7999 -0.5436
vn 0.1333 -0.9183 -0.3729
vn 0.5049 0.4832 -0.7153
vn 0.5355 0.2626 -0.8027
vn 0.5355 0.0272 -0.8441
vn 0.5049 -0.2099 -0.8373
vn 0.1333 0.9904 -0.0370
vn 0.4453 -0.4352 -0.7825
vn 0.2541 0.9375 -0.2379
vn 0.3602 -0.6357 -0.6828
vn 0.4438 -0.6904 -0.5713
vn 0.1181 -0.9506 -0.2869
vn -0.0365 -0.9899 -0.1372
vn -0.2333 -0.9702 0.0657
vn -0.7078 -0.1224 0.6957
vn -0.2333 0.8894 0.3930
vn -0.0365 0.9772 0.2090
vn 0.0946 -0.9233 -0.3722
vn 0.1181 0.9915 0.0548
vn 0.4438 0.8439 -0.3013
vn -0.0067 0.9840 0.1783
vn -0.6813 0.1664 -0.7128
vn 0.0281 0.9926 0.1177
vn -0.1120 0.9181 0.3803
vn -0.4676 -0.1532 0.8706
vn -0.1292 -0.9877 0.0876
vn 0.4658 -0.7644 -0.4457
vn 0.0701 -0.9629 -0.2608
vn -0.0067 -0.9857 -0.1683
vn 0.4658 0.8707 -0.1580
vn 0.1430 -0.9205 -0.3636
vn 0.4215 0.7800 -0.4625
vn 0.0946 0.9949 -0.0346
vn -0.0936 0.9805 0.1728
vn -0.3294 0.8528 0.4052
vn -0.7487 -0.1149 0.6529
vn -0.3294 -0.9399 0.0897
vn 0.4215 -0.5753 -0.7010
vn -0.0936 -0.9806 -0.1723
vn 0.6293 -0.5531 -0.5460
vn 0.4883 0.7357 -0.4693
vn -0.3489 0.8239 0.4467
vn -0.0754 -0.9871 -0.1415
vn -0.0754 0.9761 0.2040
vn -0.3489 -0.9269 0.1386
vn 0.4883 -0.5313 -0.6923
vn 0.1430 0.9893 -0.0275
vn -0.7466 -0.1153 0.6552
vn 0.0217 0.9542 0.2984
vn 0.2198 0.9743 0.0486
vn -0.6496 -0.1318 0.7487
vn 0.2198 -0.9324 -0.2869
vn 0.6293 0.7062 -0.3244
vn -0.2854 0.8122 0.5087
vn -0.0181 -0.9962 -0.0849
vn -0.0181 0.9654 0.2603
vn -0.2854 -0.9371 0.2009
vn 0.7064 -0.1227 0.6971
vn -0.2389 -0.9399 0.2441
vn 0.7076 -0.5548 -0.4376
vn 0.2704 0.9575 0.0999
vn -0.5731 -0.1420 0.8071
vn 0.2704 -0.9341 -0.2330
vn 0.7076 0.6709 -0.2219
vn -0.2389 0.8001 0.5503
vn 0.0217 -0.9987 -0.0453
vn -0.3281 0.8339 -0.4437
vn -0.4057 0.6803 -0.6104
vn 0.2309 -0.6245 -0.7461
vt 0.698666 0.094351
vt 0.684203 0.068639
vt 0.691217 0.051550
vt 0.704394 0.065840
vt 0.709506 0.050542
vt 0.759308 0.057258
vt 0.802821 0.040244
vt 0.807357 0.073804
vt 0.782691 0.137153
vt 0.785163 0.179274
vt 0.806896 0.210898
vt 0.807357 0.241889
vt 0.704955 0.327620
vt 0.681955 0.226104
vt 0.685438 0.200999
vt 0.697146 0.197578
vt 0.916048 0.094351
vt 0.917568 0.197578
vt 0.929276 0.200999
vt 0.932758 0.226104
vt 0.909759 0.327620
vt 0.807818 0.210898
vt 0.829551 0.179274
vt 0.832023 0.137153
vt 0.811893 0.040244
vt 0.855406 0.057258
vt 0.905208 0.050542
vt 0.910320 0.065840
vt 0.923497 0.051550
vt 0.930511 0.068639
vt 0.935776 0.140151
vt 0.935776 0.040244
vt 0.938794 0.040244
vt 0.938794 0.140151
vt 0.935776 0.168564
vt 0.938794 0.168564
vt 0.935776 0.183497
vt 0.938794 0.183497
vt 0.938794 0.147680
vt 0.938794 0.133923
vt 0.941812 0.133923
vt 0.941812 0.147680
vt 0.938794 0.161324
vt 0.938794 0.147680
vt 0.941812 0.147680
vt 0.941812 0.161324
vt 0.938794 0.173450
vt 0.941812 0.173450
vt 0.935776 0.311128
vt 0.935776 0.287571
vt 0.938794 0.287571
vt 0.938794 0.311128
vt 0.932758 0.331270
vt 0.932758 0.241551
vt 0.935776 0.241551
vt 0.935776 0.331270
vt 0.932758 0.210603
vt 0.935776 0.210603
vt 0.932758 0.179864
vt 0.935776 0.179864
vt 0.932758 0.137874
vt 0.935776 0.137874
vt 0.932758 0.073598
vt 0.935776 0.073598
vt 0.932759 0.040244
vt 0.935776 0.040244
vt 0.938794 0.088108
vt 0.941812 0.088108
vt 0.941812 0.040244
vt 0.544438 0.841403
vt 0.538748 0.866788
vt 0.533058 0.841403
vt 0.544438 0.638321
vt 0.544438 0.663706
vt 0.533058 0.663706
vt 0.533058 0.638321
vt 0.544438 0.816018
vt 0.533058 0.816018
vt 0.544438 0.612936
vt 0.533058 0.612936
vt 0.544438 0.790633
vt 0.533058 0.790633
vt 0.544438 0.587551
vt 0.533058 0.587551
vt 0.544438 0.765247
vt 0.533058 0.765247
vt 0.544438 0.562165
vt 0.533058 0.562165
vt 0.544438 0.739862
vt 0.533058 0.739862
vt 0.538748 0.536780
vt 0.544438 0.714477
vt 0.533058 0.714477
vt 0.544438 0.689092
vt 0.533058 0.689092
vt 0.521679 0.816018
vt 0.521679 0.790633
vt 0.521679 0.612936
vt 0.521679 0.587551
vt 0.521679 0.765247
vt 0.521679 0.562165
vt 0.521679 0.739862
vt 0.527369 0.536780
vt 0.521679 0.714477
vt 0.521679 0.689092
vt 0.521679 0.663706
vt 0.527369 0.866788
vt 0.521679 0.841403
vt 0.521679 0.638321
vt 0.515989 0.536780
vt 0.510299 0.562165
vt 0.510299 0.739862
vt 0.510299 0.714477
vt 0.510299 0.689092
vt 0.510299 0.663706
vt 0.515989 0.866788
vt 0.510299 0.841403
vt 0.510299 0.638321
vt 0.510299 0.816018
vt 0.510299 0.612936
vt 0.510299 0.790633
vt 0.510299 0.587551
vt 0.510299 0.765247
vt 0.498920 0.689092
vt 0.498920 0.663706
vt 0.504609 0.866788
vt 0.498920 0.841403
vt 0.498920 0.638321
vt 0.498920 0.816018
vt 0.498920 0.612936
vt 0.498920 0.790633
vt 0.498920 0.587551
vt 0.498920 0.765247
vt 0.498920 0.562165
vt 0.498920 0.739862
vt 0.504609 0.536780
vt 0.498920 0.714477
vt 0.487540 0.612936
vt 0.487540 0.587551
vt 0.487540 0.790633
vt 0.487540 0.765247
vt 0.487540 0.562165
vt 0.487540 0.739862
vt 0.493230 0.536780
vt 0.487540 0.714477
vt 0.487540 0.689092
vt 0.487540 0.663706
vt 0.493230 0.866788
vt 0.487540 0.841403
vt 0.487540 0.638321
vt 0.487540 0.816018
vt 0.476160 0.739862
vt 0.476160 0.714477
vt 0.476160 0.689092
vt 0.476160 0.663706
vt 0.481850 0.866788
vt 0.476160 0.841403
vt 0.476160 0.638321
vt 0.476160 0.816018
vt 0.476160 0.612936
vt 0.476160 0.790633
vt 0.476160 0.587551
vt 0.476160 0.765247
vt 0.476160 0.562165
vt 0.481850 0.536780
vt 0.470471 0.866788
vt 0.464781 0.841403
vt 0.464781 0.663706
vt 0.464781 0.638321
vt 0.464781 0.816018
vt 0.464781 0.612936
vt 0.464781 0.790633
vt 0.464781 0.587551
vt 0.464781 0.765247
vt 0.464781 0.562165
vt 0.464781 0.739862
vt 0.470471 0.536780
vt 0.464781 0.714477
vt 0.464781 0.689092
vt 0.453401 0.612936
vt 0.453401 0.587551
vt 0.453401 0.790633
vt 0.453401 0.765247
vt 0.453401 0.562165
vt 0.453401 0.739862
vt 0.459091 0.536780
vt 0.453401 0.714477
vt 0.453401 0.689092
vt 0.453401 0.663706
vt 0.459091 0.866788
vt 0.453401 0.841403
vt 0.453401 0.638321
vt 0.453401 0.816018
vt 0.442022 0.714477
vt 0.442022 0.689092
vt 0.442022 0.663706
vt 0.447711 0.866788
vt 0.442022 0.841403
vt 0.442022 0.638321
vt 0.442022 0.816018
vt 0.442022 0.612936
vt 0.442022 0.790633
vt 0.442022 0.587551
vt 0.442022 0.765247
vt 0.442022 0.562165
vt 0.442022 0.739862
vt 0.447711 0.536780
vt 0.430642 0.663706
vt 0.430642 0.638321
vt 0.430642 0.841403
vt 0.430642 0.816018
vt 0.430642 0.612936
vt 0.430642 0.790633
vt 0.430642 0.587551
vt 0.430642 0.765247
vt 0.430642 0.562165
vt 0.430642 0.739862
vt 0.436332 0.536780
vt 0.430642 0.714477
vt 0.430642 0.689092
vt 0.436332 0.866788
vt 0.419262 0.790633
vt 0.419262 0.765247
vt 0.419262 0.587551
vt 0.419262 0.562165
vt 0.419262 0.739862
vt 0.424952 0.536780
vt 0.419262 0.714477
vt 0.419262 0.689092
vt 0.419262 0.663706
vt 0.424952 0.866788
vt 0.419262 0.841403
vt 0.419262 0.638321
vt 0.419262 0.816018
vt 0.419262 0.612936
vt 0.407883 0.714477
vt 0.407883 0.689092
vt 0.407883 0.663706
vt 0.413573 0.866788
vt 0.407883 0.841403
vt 0.407883 0.638321
vt 0.407883 0.816018
vt 0.407883 0.612936
vt 0.407883 0.790633
vt 0.407883 0.587551
vt 0.407883 0.765247
vt 0.407883 0.562165
vt 0.407883 0.739862
vt 0.413573 0.536780
vt 0.396503 0.841403
vt 0.396503 0.816018
vt 0.396503 0.638321
vt 0.396503 0.612936
vt 0.396503 0.790633
vt 0.396503 0.587551
vt 0.396503 0.765247
vt 0.396503 0.562165
vt 0.396503 0.739862
vt 0.402193 0.536780
vt 0.396503 0.714477
vt 0.396503 0.689092
vt 0.396503 0.663706
vt 0.402193 0.866788
vt 0.385124 0.587551
vt 0.385124 0.562165
vt 0.385124 0.765247
vt 0.385124 0.739862
vt 0.390813 0.536780
vt 0.385124 0.714477
vt 0.385124 0.689092
vt 0.385124 0.663706
vt 0.390813 0.866788
vt 0.385124 0.841403
vt 0.385124 0.638321
vt 0.385124 0.816018
vt 0.385124 0.612936
vt 0.385124 0.790633
vt 0.373744 0.714477
vt 0.373744 0.689092
vt 0.373744 0.663706
vt 0.379434 0.866788
vt 0.373744 0.841403
vt 0.373744 0.638321
vt 0.373744 0.816018
vt 0.373744 0.612936
vt 0.373744 0.790633
vt 0.373744 0.587551
vt 0.373744 0.765247
vt 0.373744 0.562165
vt 0.373744 0.739862
vt 0.379434 0.536780
vt 0.362364 0.638321
vt 0.362364 0.612936
vt 0.362364 0.816018
vt 0.362364 0.790633
vt 0.362364 0.587551
vt 0.362364 0.765247
vt 0.362364 0.562165
vt 0.362364 0.739862
vt 0.368054 0.536780
vt 0.362364 0.714477
vt 0.362364 0.689092
vt 0.362364 0.663706
vt 0.368054 0.866788
vt 0.362364 0.841403
vt 0.350985 0.765247
vt 0.350985 0.739862
vt 0.356675 0.536780
vt 0.350985 0.562165
vt 0.350985 0.714477
vt 0.350985 0.689092
vt 0.350985 0.663706
vt 0.356675 0.866788
vt 0.350985 0.841403
vt 0.350985 0.638321
vt 0.350985 0.816018
vt 0.350985 0.612936
vt 0.350985 0.790633
vt 0.350985 0.587551
vt 0.339605 0.689092
vt 0.339605 0.663706
vt 0.345295 0.866788
vt 0.339605 0.841403
vt 0.339605 0.638321
vt 0.339605 0.816018
vt 0.339605 0.612936
vt 0.339605 0.790633
vt 0.339605 0.587551
vt 0.339605 0.765247
vt 0.339605 0.562165
vt 0.339605 0.739862
vt 0.345295 0.536780
vt 0.339605 0.714477
vt 0.328226 0.638321
vt 0.328226 0.612936
vt 0.328226 0.816018
vt 0.328226 0.790633
vt 0.328226 0.587551
vt 0.328226 0.765247
vt 0.328226 0.562165
vt 0.328226 0.739862
vt 0.333915 0.536780
vt 0.328226 0.714477
vt 0.328226 0.689092
vt 0.328226 0.663706
vt 0.333915 0.866788
vt 0.328226 0.841403
vt 0.322536 0.536780
vt 0.316846 0.562165
vt 0.316846 0.739862
vt 0.316846 0.714477
vt 0.316846 0.689092
vt 0.316846 0.663706
vt 0.322536 0.866788
vt 0.316846 0.841403
vt 0.316846 0.638321
vt 0.316846 0.816018
vt 0.316846 0.612936
vt 0.316846 0.790633
vt 0.316846 0.587551
vt 0.316846 0.765247
vt 0.305466 0.689092
vt 0.305466 0.663706
vt 0.311156 0.866788
vt 0.305466 0.841403
vt 0.305466 0.638321
vt 0.305466 0.816018
vt 0.305466 0.612936
vt 0.305466 0.790633
vt 0.305466 0.587551
vt 0.305466 0.765247
vt 0.305466 0.562165
vt 0.305466 0.739862
vt 0.311156 0.536780
vt 0.305466 0.714477
vt 0.635475 0.790633
vt 0.635475 0.816018
vt 0.624095 0.816018
vt 0.624095 0.790633
vt 0.635475 0.587551
vt 0.635475 0.612936
vt 0.624095 0.612936
vt 0.624095 0.587551
vt 0.635475 0.765247
vt 0.624095 0.765247
vt 0.635475 0.562165
vt 0.624095 0.562165
vt 0.635475 0.739862
vt 0.624095 0.739862
vt 0.629785 0.536780
vt 0.635475 0.714477
vt 0.624095 0.714477
vt 0.635475 0.689092
vt 0.624095 0.689092
vt 0.635475 0.663706
vt 0.624095 0.663706
vt 0.635475 0.841403
vt 0.629785 0.866788
vt 0.624095 0.841403
vt 0.635475 0.638321
vt 0.624095 0.638321
vt 0.618405 0.536780
vt 0.612716 0.562165
vt 0.612716 0.739862
vt 0.612716 0.714477
vt 0.612716 0.689092
vt 0.612716 0.663706
vt 0.618405 0.866788
vt 0.612716 0.841403
vt 0.612716 0.638321
vt 0.612716 0.816018
vt 0.612716 0.612936
vt 0.612716 0.790633
vt 0.612716 0.587551
vt 0.612716 0.765247
vt 0.607026 0.866788
vt 0.601336 0.841403
vt 0.601336 0.663706
vt 0.601336 0.638321
vt 0.601336 0.816018
vt 0.601336 0.612936
vt 0.601336 0.790633
vt 0.601336 0.587551
vt 0.601336 0.765247
vt 0.601336 0.562165
vt 0.601336 0.739862
vt 0.607026 0.536780
vt 0.601336 0.714477
vt 0.601336 0.689092
vt 0.589956 0.612936
vt 0.589956 0.587551
vt 0.589956 0.790633
vt 0.589956 0.765247
vt 0.589956 0.562165
vt 0.589956 0.739862
vt 0.595646 0.536780
vt 0.589956 0.714477
vt 0.589956 0.689092
vt 0.589956 0.663706
vt 0.595646 0.866788
vt 0.589956 0.841403
vt 0.589956 0.638321
vt 0.589956 0.816018
vt 0.578577 0.739862
vt 0.578577 0.714477
vt 0.578577 0.689092
vt 0.578577 0.663706
vt 0.584267 0.866788
vt 0.578577 0.841403
vt 0.578577 0.638321
vt 0.578577 0.816018
vt 0.578577 0.612936
vt 0.578577 0.790633
vt 0.578577 0.587551
vt 0.578577 0.765247
vt 0.578577 0.562165
vt 0.584267 0.536780
vt 0.567197 0.663706
vt 0.567197 0.638321
vt 0.567197 0.841403
vt 0.567197 0.816018
vt 0.567197 0.612936
vt 0.567197 0.790633
vt 0.567197 0.587551
vt 0.567197 0.765247
vt 0.567197 0.562165
vt 0.567197 0.739862
vt 0.572887 0.536780
vt 0.567197 0.714477
vt 0.567197 0.689092
vt 0.572887 0.866788
vt 0.555818 0.790633
vt 0.555818 0.765247
vt 0.555818 0.587551
vt 0.555818 0.562165
vt 0.555818 0.739862
vt 0.561507 0.536780
vt 0.555818 0.714477
vt 0.555818 0.689092
vt 0.555818 0.663706
vt 0.561507 0.866788
vt 0.555818 0.841403
vt 0.555818 0.638321
vt 0.555818 0.816018
vt 0.555818 0.612936
vt 0.550128 0.866788
vt 0.550128 0.536780
vt 0.373365 0.370008
vt 0.371802 0.353292
vt 0.379953 0.353129
vt 0.381515 0.369845
vt 0.043646 0.370071
vt 0.043681 0.353343
vt 0.060364 0.353358
vt 0.060328 0.370086
vt 0.077913 0.353346
vt 0.077877 0.370075
vt 0.088116 0.353314
vt 0.088080 0.370042
vt 0.820932 0.212622
vt 0.820454 0.206925
vt 0.824707 0.206890
vt 0.825185 0.212587
vt 0.780415 0.212607
vt 0.780321 0.206906
vt 0.784784 0.206906
vt 0.784878 0.212608
vt 0.167972 0.370089
vt 0.167696 0.353361
vt 0.185913 0.353330
vt 0.186189 0.370058
vt 0.027052 0.233731
vt 0.054835 0.233770
vt 0.200727 0.353281
vt 0.201003 0.370009
vt 0.360097 0.370120
vt 0.358535 0.353404
vt 0.220556 0.460395
vt 0.176464 0.433927
vt 0.867641 0.098993
vt 0.873856 0.100410
vt 0.870015 0.104163
vt 0.875923 0.108077
vt 0.870808 0.110740
vt 0.864174 0.110740
vt 0.861143 0.108444
vt 0.862513 0.104163
vt 0.861390 0.100410
vt 0.145459 0.460551
vt 0.154876 0.370087
vt 0.122641 0.460570
vt 0.828970 0.243473
vt 0.822332 0.243527
vt 0.122641 0.460447
vt 0.100040 0.460500
vt 0.035635 0.370037
vt 0.027390 0.460500
vt 0.011334 0.460447
vt 0.068866 0.433930
vt 0.391741 0.460444
vt 0.369571 0.460604
vt 0.022008 0.172409
vt 0.053581 0.172453
vt 0.340492 0.234098
vt 0.370200 0.233811
vt 0.197243 0.233713
vt 0.220556 0.233620
vt 0.167458 0.233759
vt 0.154600 0.353359
vt 0.145140 0.233735
vt 0.814086 0.166220
vt 0.824237 0.166138
vt 0.272354 0.353415
vt 0.262786 0.353387
vt 0.230842 0.233997
vt 0.253672 0.233983
vt 0.391611 0.233440
vt 0.083035 0.233746
vt 0.391741 0.172130
vt 0.367411 0.172550
vt 0.353804 0.097435
vt 0.372159 0.097118
vt 0.333651 0.172876
vt 0.306258 0.233383
vt 0.283457 0.233740
vt 0.280347 0.172470
vt 0.306258 0.172064
vt 0.085627 0.172426
vt 0.165534 0.172441
vt 0.199381 0.172390
vt 0.220556 0.172761
vt 0.246500 0.172746
vt 0.316387 0.234167
vt 0.306258 0.172955
vt 0.811642 0.145350
vt 0.823178 0.145256
vt 0.190293 0.097265
vt 0.164761 0.097304
vt 0.165323 0.036746
vt 0.176733 0.036729
vt 0.307673 0.097741
vt 0.328337 0.097681
vt 0.810910 0.119737
vt 0.819612 0.119666
vt 0.034156 0.097276
vt 0.057974 0.097310
vt 0.269886 0.097386
vt 0.289433 0.097080
vt 0.082149 0.097289
vt 0.224781 0.097606
vt 0.244353 0.097594
vt 0.869673 0.114018
vt 0.865842 0.114228
vt 0.862473 0.113623
vt 0.861143 0.112484
vt 0.862473 0.111346
vt 0.865842 0.110740
vt 0.869673 0.110951
vt 0.872174 0.111879
vt 0.872174 0.113090
vt 0.237584 0.036964
vt 0.246330 0.036958
vt 0.337273 0.036870
vt 0.345476 0.036728
vt 0.316658 0.037007
vt 0.325892 0.036980
vt 0.811584 0.099071
vt 0.815473 0.099039
vt 0.053880 0.036728
vt 0.064524 0.036743
vt 0.257740 0.036865
vt 0.266476 0.036728
vt 0.075327 0.036734
s 0
usemtl Herring
f 5/1/1 2/2/1 3/3/1 4/4/1 1/5/1 16/6/1 15/7/1 14/8/1 13/9/1 12/10/1 11/11/1 10/12/1 9/13/1 8/14/1 7/15/1 6/16/1
f 21/17/2 22/18/2 23/19/2 24/20/2 25/21/2 26/12/2 27/22/2 28/23/2 29/24/2 30/8/2 31/25/2 32/26/2 17/27/2 20/28/2 19/29/2 18/30/2
f 5/31/3 6/32/3 22/33/3 21/34/3
f 2/35/4 5/31/4 21/34/4 18/36/4
f 3/37/5 2/35/5 18/36/5 19/38/5
f 4/39/6 3/40/6 19/41/6 20/42/6
f 1/43/7 4/44/7 20/45/7 17/46/7
f 6/47/8 7/43/8 23/46/8 22/48/8
f 7/49/9 8/50/9 24/51/9 23/52/9
f 8/50/10 9/37/10 25/38/10 24/51/10
f 9/53/11 10/54/11 26/55/11 25/56/11
f 10/54/12 11/57/12 27/58/12 26/55/12
f 11/57/13 12/59/13 28/60/13 27/58/13
f 12/59/14 13/61/14 29/62/14 28/60/14
f 13/61/15 14/63/15 30/64/15 29/62/15
f 14/63/16 15/65/16 31/66/16 30/64/16
f 15/40/17 16/67/17 32/68/17 31/41/17
f 16/67/18 1/33/18 17/69/18 32/68/18
s 1
f 376/70/19 279/71/1 38/72/20
f 36/73/21 35/74/22 45/75/23 46/76/24
f 377/77/25 376/70/19 38/72/20 39/78/26
f 37/79/27 36/73/21 46/76/24 47/80/28
f 33/81/29 377/77/25 39/78/26 40/82/30
f 381/83/31 37/79/27 47/80/28 48/84/32
f 378/85/33 33/81/29 40/82/30 41/86/34
f 382/87/35 381/83/31 48/84/32 49/88/36
f 34/89/37 378/85/33 41/86/34 42/90/38
f 74/91/2 382/87/35 49/88/36
f 379/92/39 34/89/37 42/90/38 43/93/40
f 380/94/41 379/92/39 43/93/40 44/95/42
f 35/74/22 380/94/41 44/95/42 45/75/23
f 40/82/30 39/78/26 51/96/43 52/97/44
f 48/84/32 47/80/28 59/98/45 60/99/46
f 41/86/34 40/82/30 52/97/44 53/100/47
f 49/88/36 48/84/32 60/99/46 61/101/48
f 42/90/38 41/86/34 53/100/47 54/102/49
f 74/103/2 49/88/36 61/101/48
f 43/93/40 42/90/38 54/102/49 55/104/50
f 44/95/42 43/93/40 55/104/50 56/105/51
f 45/75/23 44/95/42 56/105/51 57/106/52
f 38/72/20 279/107/1 50/108/53
f 46/76/24 45/75/23 57/106/52 58/109/54
f 39/78/26 38/72/20 50/108/53 51/96/43
f 47/80/28 46/76/24 58/109/54 59/98/45
f 74/110/2 61/101/48 73/111/55
f 55/104/50 54/102/49 66/112/56 67/113/57
f 56/105/51 55/104/50 67/113/57 68/114/58
f 57/106/52 56/105/51 68/114/58 69/115/59
f 50/108/53 279/116/1 62/117/60
f 58/109/54 57/106/52 69/115/59 70/118/61
f 51/96/43 50/108/53 62/117/60 63/119/62
f 59/98/45 58/109/54 70/118/61 71/120/63
f 52/97/44 51/96/43 63/119/62 64/121/64
f 60/99/46 59/98/45 71/120/63 72/122/65
f 53/100/47 52/97/44 64/121/64 65/123/66
f 61/101/48 60/99/46 72/122/65 73/111/55
f 54/102/49 53/100/47 65/123/66 66/112/56
f 69/115/59 68/114/58 81/124/67 82/125/68
f 62/117/60 279/126/1 75/127/69
f 70/118/61 69/115/59 82/125/68 83/128/70
f 63/119/62 62/117/60 75/127/69 76/129/71
f 71/120/63 70/118/61 83/128/70 84/130/72
f 64/121/64 63/119/62 76/129/71 77/131/73
f 72/122/65 71/120/63 84/130/72 85/132/74
f 65/123/66 64/121/64 77/131/73 78/133/75
f 73/111/55 72/122/65 85/132/74 86/134/76
f 66/112/56 65/123/66 78/133/75 79/135/77
f 74/136/2 73/111/55 86/134/76
f 67/113/57 66/112/56 79/135/77 80/137/78
f 68/114/58 67/113/57 80/137/78 81/124/67
f 85/132/74 84/130/72 96/138/79 97/139/80
f 78/133/75 77/131/73 89/140/81 90/141/82
f 86/134/76 85/132/74 97/139/80 98/142/83
f 79/135/77 78/133/75 90/141/82 91/143/84
f 74/144/2 86/134/76 98/142/83
f 80/137/78 79/135/77 91/143/84 92/145/85
f 81/124/67 80/137/78 92/145/85 93/146/86
f 82/125/68 81/124/67 93/146/86 94/147/87
f 75/127/69 279/148/1 87/149/88
f 83/128/70 82/125/68 94/147/87 95/150/89
f 76/129/71 75/127/69 87/149/88 88/151/90
f 84/130/72 83/128/70 95/150/89 96/138/79
f 77/131/73 76/129/71 88/151/90 89/140/81
f 92/145/85 91/143/84 103/152/91 104/153/92
f 93/146/86 92/145/85 104/153/92 105/154/93
f 94/147/87 93/146/86 105/154/93 106/155/94
f 87/149/88 279/156/1 99/157/95
f 95/150/89 94/147/87 106/155/94 107/158/96
f 88/151/90 87/149/88 99/157/95 100/159/97
f 96/138/79 95/150/89 107/158/96 108/160/98
f 89/140/81 88/151/90 100/159/97 101/161/99
f 97/139/80 96/138/79 108/160/98 109/162/100
f 90/141/82 89/140/81 101/161/99 102/163/101
f 98/142/83 97/139/80 109/162/100 110/164/102
f 91/143/84 90/141/82 102/163/101 103/152/91
f 74/165/2 98/142/83 110/164/102
f 99/157/95 279/166/1 111/167/103
f 107/158/96 106/155/94 118/168/104 119/169/105
f 100/159/97 99/157/95 111/167/103 112/170/106
f 108/160/98 107/158/96 119/169/105 120/171/107
f 101/161/99 100/159/97 112/170/106 113/172/108
f 109/162/100 108/160/98 120/171/107 121/173/109
f 102/163/101 101/161/99 113/172/108 114/174/110
f 110/164/102 109/162/100 121/173/109 122/175/111
f 103/152/91 102/163/101 114/174/110 115/176/112
f 74/177/2 110/164/102 122/175/111
f 104/153/92 103/152/91 115/176/112 116/178/113
f 105/154/93 104/153/92 116/178/113 117/179/114
f 106/155/94 105/154/93 117/179/114 118/168/104
f 121/173/109 120/171/107 132/180/115 133/181/116
f 114/174/110 113/172/108 125/182/117 126/183/118
f 122/175/111 121/173/109 133/181/116 134/184/119
f 115/176/112 114/174/110 126/183/118 127/185/120
f 74/186/2 122/175/111 134/184/119
f 116/178/113 115/176/112 127/185/120 128/187/121
f 117/179/114 116/178/113 128/187/121 129/188/122
f 118/168/104 117/179/114 129/188/122 130/189/123
f 111/167/103 279/190/1 123/191/124
f 119/169/105 118/168/104 130/189/123 131/192/125
f 112/170/106 111/167/103 123/191/124 124/193/126
f 120/171/107 119/169/105 131/192/125 132/180/115
f 113/172/108 112/170/106 124/193/126 125/182/117
f 129/188/122 128/187/121 140/194/127 141/195/128
f 130/189/123 129/188/122 141/195/128 142/196/129
f 123/191/124 279/197/1 135/198/130
f 131/192/125 130/189/123 142/196/129 143/199/131
f 124/193/126 123/191/124 135/198/130 136/200/132
f 132/180/115 131/192/125 143/199/131 144/201/133
f 125/182/117 124/193/126 136/200/132 137/202/134
f 133/181/116 132/180/115 144/201/133 145/203/135
f 126/183/118 125/182/117 137/202/134 138/204/136
f 134/184/119 133/181/116 145/203/135 146/205/137
f 127/185/120 126/183/118 138/204/136 139/206/138
f 74/207/2 134/184/119 146/205/137
f 128/187/121 127/185/120 139/206/138 140/194/127
f 143/199/131 142/196/129 154/208/139 155/209/140
f 136/200/132 135/198/130 147/210/141 148/211/142
f 144/201/133 143/199/131 155/209/140 156/212/143
f 137/202/134 136/200/132 148/211/142 149/213/144
f 145/203/135 144/201/133 156/212/143 157/214/145
f 138/204/136 137/202/134 149/213/144 150/215/146
f 146/205/137 145/203/135 157/214/145 158/216/147
f 139/206/138 138/204/136 150/215/146 151/217/148
f 74/218/2 146/205/137 158/216/147
f 140/194/127 139/206/138 151/217/148 152/219/149
f 141/195/128 140/194/127 152/219/149 153/220/150
f 142/196/129 141/195/128 153/220/150 154/208/139
f 135/198/130 279/221/1 147/210/141
f 150/215/146 149/213/144 161/222/151 162/223/152
f 158/216/147 157/214/145 169/224/153 170/225/154
f 151/217/148 150/215/146 162/223/152 163/226/155
f 74/227/2 158/216/147 170/225/154
f 152/219/149 151/217/148 163/226/155 164/228/156
f 153/220/150 152/219/149 164/228/156 165/229/157
f 154/208/139 153/220/150 165/229/157 166/230/158
f 147/210/141 279/231/1 159/232/159
f 155/209/140 154/208/139 166/230/158 167/233/160
f 148/211/142 147/210/141 159/232/159 160/234/161
f 156/212/143 155/209/140 167/233/160 168/235/162
f 149/213/144 148/211/142 160/234/161 161/222/151
f 157/214/145 156/212/143 168/235/162 169/224/153
f 165/229/157 164/228/156 176/236/163 177/237/164
f 166/230/158 165/229/157 177/237/164 178/238/165
f 159/232/159 279/239/1 171/240/166
f 167/233/160 166/230/158 178/238/165 179/241/167
f 160/234/161 159/232/159 171/240/166 172/242/168
f 168/235/162 167/233/160 179/241/167 180/243/169
f 161/222/151 160/234/161 172/242/168 173/244/170
f 169/224/153 168/235/162 180/243/169 181/245/171
f 162/223/152 161/222/151 173/244/170 174/246/172
f 170/225/154 169/224/153 181/245/171 182/247/173
f 163/226/155 162/223/152 174/246/172 175/248/174
f 74/249/2 170/225/154 182/247/173
f 164/228/156 163/226/155 175/248/174 176/236/163
f 172/242/168 171/240/166 183/250/175 184/251/176
f 180/243/169 179/241/167 191/252/177 192/253/178
f 173/244/170 172/242/168 184/251/176 185/254/179
f 181/245/171 180/243/169 192/253/178 193/255/180
f 174/246/172 173/244/170 185/254/179 186/256/181
f 182/247/173 181/245/171 193/255/180 194/257/182
f 175/248/174 174/246/172 186/256/181 187/258/183
f 74/259/2 182/247/173 194/257/182
f 176/236/163 175/248/174 187/258/183 188/260/184
f 177/237/164 176/236/163 188/260/184 189/261/185
f 178/238/165 177/237/164 189/261/185 190/262/186
f 171/240/166 279/263/1 183/250/175
f 179/241/167 178/238/165 190/262/186 191/252/177
f 194/257/182 193/255/180 205/264/187 206/265/188
f 187/258/183 186/256/181 198/266/189 199/267/190
f 74/268/2 194/257/182 206/265/188
f 188/260/184 187/258/183 199/267/190 200/269/191
f 189/261/185 188/260/184 200/269/191 201/270/192
f 190/262/186 189/261/185 201/270/192 202/271/193
f 183/250/175 279/272/1 195/273/194
f 191/252/177 190/262/186 202/271/193 203/274/195
f 184/251/176 183/250/175 195/273/194 196/275/196
f 192/253/178 191/252/177 203/274/195 204/276/197
f 185/254/179 184/251/176 196/275/196 197/277/198
f 193/255/180 192/253/178 204/276/197 205/264/187
f 186/256/181 185/254/179 197/277/198 198/266/189
f 201/270/192 200/269/191 212/278/199 213/279/200
f 202/271/193 201/270/192 213/279/200 214/280/201
f 195/273/194 279/281/1 207/282/202
f 203/274/195 202/271/193 214/280/201 215/283/203
f 196/275/196 195/273/194 207/282/202 208/284/204
f 204/276/197 203/274/195 215/283/203 216/285/205
f 197/277/198 196/275/196 208/284/204 209/286/206
f 205/264/187 204/276/197 216/285/205 217/287/207
f 198/266/189 197/277/198 209/286/206 210/288/208
f 206/265/188 205/264/187 217/287/207 218/289/209
f 199/267/190 198/266/189 210/288/208 211/290/210
f 74/291/2 206/265/188 218/289/209
f 200/269/191 199/267/190 211/290/210 212/278/199
f 216/285/205 215/283/203 227/292/211 228/293/212
f 209/286/206 208/284/204 220/294/213 221/295/214
f 217/287/207 216/285/205 228/293/212 229/296/215
f 210/288/208 209/286/206 221/295/214 222/297/216
f 218/289/209 217/287/207 229/296/215 230/298/217
f 211/290/210 210/288/208 222/297/216 223/299/218
f 74/300/2 218/289/209 230/298/217
f 212/278/199 211/290/210 223/299/218 224/301/219
f 213/279/200 212/278/199 224/301/219 225/302/220
f 214/280/201 213/279/200 225/302/220 226/303/221
f 207/282/202 279/304/1 219/305/222
f 215/283/203 214/280/201 226/303/221 227/292/211
f 208/284/204 207/282/202 219/305/222 220/294/213
f 223/299/218 222/297/216 234/306/223 235/307/224
f 74/308/2 230/298/217 242/309/225
f 224/301/219 223/299/218 235/307/224 236/310/226
f 225/302/220 224/301/219 236/310/226 237/311/227
f 226/303/221 225/302/220 237/311/227 238/312/228
f 219/305/222 279/313/1 231/314/229
f 227/292/211 226/303/221 238/312/228 239/315/230
f 220/294/213 219/305/222 231/314/229 232/316/231
f 228/293/212 227/292/211 239/315/230 240/317/232
f 221/295/214 220/294/213 232/316/231 233/318/233
f 229/296/215 228/293/212 240/317/232 241/319/234
f 222/297/216 221/295/214 233/318/233 234/306/223
f 230/298/217 229/296/215 241/319/234 242/309/225
f 238/312/228 237/311/227 249/320/235 250/321/236
f 231/314/229 279/322/1 243/323/237
f 239/315/230 238/312/228 250/321/236 251/324/238
f 232/316/231 231/314/229 243/323/237 244/325/239
f 240/317/232 239/315/230 251/324/238 252/326/240
f 233/318/233 232/316/231 244/325/239 245/327/241
f 241/319/234 240/317/232 252/326/240 253/328/242
f 234/306/223 233/318/233 245/327/241 246/329/243
f 242/309/225 241/319/234 253/328/242 254/330/244
f 235/307/224 234/306/223 246/329/243 247/331/245
f 74/332/2 242/309/225 254/330/244
f 236/310/226 235/307/224 247/331/245 248/333/246
f 237/311/227 236/310/226 248/333/246 249/320/235
f 252/326/240 251/324/238 263/334/247 264/335/248
f 245/327/241 244/325/239 256/336/249 257/337/250
f 253/328/242 252/326/240 264/335/248 265/338/251
f 246/329/243 245/327/241 257/337/250 258/339/252
f 254/330/244 253/328/242 265/338/251 266/340/253
f 247/331/245 246/329/243 258/339/252 259/341/254
f 74/342/2 254/330/244 266/340/253
f 248/333/246 247/331/245 259/341/254 260/343/255
f 249/320/235 248/333/246 260/343/255 261/344/256
f 250/321/236 249/320/235 261/344/256 262/345/257
f 243/323/237 279/346/1 255/347/258
f 251/324/238 250/321/236 262/345/257 263/334/247
f 244/325/239 243/323/237 255/347/258 256/336/249
f 74/348/2 266/340/253 278/349/259
f 260/343/255 259/341/254 271/350/260 272/351/261
f 261/344/256 260/343/255 272/351/261 273/352/262
f 262/345/257 261/344/256 273/352/262 274/353/263
f 255/347/258 279/354/1 267/355/264
f 263/334/247 262/345/257 274/353/263 275/356/265
f 256/336/249 255/347/258 267/355/264 268/357/266
f 264/335/248 263/334/247 275/356/265 276/358/267
f 257/337/250 256/336/249 268/357/266 269/359/268
f 265/338/251 264/335/248 276/358/267 277/360/269
f 258/339/252 257/337/250 269/359/268 270/361/270
f 266/340/253 265/338/251 277/360/269 278/349/259
f 259/341/254 258/339/252 270/361/270 271/350/260
f 274/353/263 273/352/262 286/362/271 287/363/272
f 267/355/264 279/364/1 280/365/273
f 275/356/265 274/353/263 287/363/272 288/366/274
f 268/357/266 267/355/264 280/365/273 281/367/275
f 276/358/267 275/356/265 288/366/274 289/368/276
f 269/359/268 268/357/266 281/367/275 282/369/277
f 277/360/269 276/358/267 289/368/276 290/370/278
f 270/361/270 269/359/268 282/369/277 283/371/279
f 278/349/259 277/360/269 290/370/278 291/372/280
f 271/350/260 270/361/270 283/371/279 284/373/281
f 74/374/2 278/349/259 291/372/280
f 272/351/261 271/350/260 284/373/281 285/375/282
f 273/352/262 272/351/261 285/375/282 286/362/271
f 282/376/277 281/377/275 293/378/283 294/379/284
f 290/380/278 289/381/276 301/382/285 302/383/286
f 283/384/279 282/376/277 294/379/284 295/385/287
f 291/386/280 290/380/278 302/383/286 303/387/288
f 284/388/281 283/384/279 295/385/287 296/389/289
f 74/390/2 291/386/280 303/387/288
f 285/391/282 284/388/281 296/389/289 297/392/290
f 286/393/271 285/391/282 297/392/290 298/394/291
f 287/395/272 286/393/271 298/394/291 299/396/292
f 280/397/273 279/398/1 292/399/293
f 288/400/274 287/395/272 299/396/292 300/401/294
f 281/377/275 280/397/273 292/399/293 293/378/283
f 289/381/276 288/400/274 300/401/294 301/382/285
f 74/402/2 303/387/288 315/403/295
f 297/392/290 296/389/289 308/404/296 309/405/297
f 298/394/291 297/392/290 309/405/297 310/406/298
f 299/396/292 298/394/291 310/406/298 311/407/299
f 292/399/293 279/408/1 304/409/300
f 300/401/294 299/396/292 311/407/299 312/410/301
f 293/378/283 292/399/293 304/409/300 305/411/302
f 301/382/285 300/401/294 312/410/301 313/412/303
f 294/379/284 293/378/283 305/411/302 306/413/304
f 302/383/286 301/382/285 313/412/303 314/414/305
f 295/385/287 294/379/284 306/413/304 307/415/306
f 303/387/288 302/383/286 314/414/305 315/403/295
f 296/389/289 295/385/287 307/415/306 308/404/296
f 304/409/300 279/416/1 316/417/307
f 312/410/301 311/407/299 323/418/308 324/419/309
f 305/411/302 304/409/300 316/417/307 317/420/310
f 313/412/303 312/410/301 324/419/309 325/421/311
f 306/413/304 305/411/302 317/420/310 318/422/312
f 314/414/305 313/412/303 325/421/311 326/423/313
f 307/415/306 306/413/304 318/422/312 319/424/314
f 315/403/295 314/414/305 326/423/313 327/425/315
f 308/404/296 307/415/306 319/424/314 320/426/316
f 74/427/2 315/403/295 327/425/315
f 309/405/297 308/404/296 320/426/316 321/428/317
f 310/406/298 309/405/297 321/428/317 322/429/318
f 311/407/299 310/406/298 322/429/318 323/418/308
f 326/423/313 325/421/311 337/430/319 338/431/320
f 319/424/314 318/422/312 330/432/321 331/433/322
f 327/425/315 326/423/313 338/431/320 339/434/323
f 320/426/316 319/424/314 331/433/322 332/435/324
f 74/436/2 327/425/315 339/434/323
f 321/428/317 320/426/316 332/435/324 333/437/325
f 322/429/318 321/428/317 333/437/325 334/438/326
f 323/418/308 322/429/318 334/438/326 335/439/327
f 316/417/307 279/440/1 328/441/328
f 324/419/309 323/418/308 335/439/327 336/442/329
f 317/420/310 316/417/307 328/441/328 329/443/330
f 325/421/311 324/419/309 336/442/329 337/430/319
f 318/422/312 317/420/310 329/443/330 330/432/321
f 333/437/325 332/435/324 344/444/331 345/445/332
f 334/438/326 333/437/325 345/445/332 346/446/333
f 335/439/327 334/438/326 346/446/333 347/447/334
f 328/441/328 279/448/1 340/449/335
f 336/442/329 335/439/327 347/447/334 348/450/336
f 329/443/330 328/441/328 340/449/335 341/451/337
f 337/430/319 336/442/329 348/450/336 349/452/338
f 330/432/321 329/443/330 341/451/337 342/453/339
f 338/431/320 337/430/319 349/452/338 350/454/340
f 331/433/322 330/432/321 342/453/339 343/455/341
f 339/434/323 338/431/320 350/454/340 351/456/342
f 332/435/324 331/433/322 343/455/341 344/444/331
f 74/457/2 339/434/323 351/456/342
f 348/450/336 347/447/334 359/458/343 360/459/344
f 341/451/337 340/449/335 352/460/345 353/461/346
f 349/452/338 348/450/336 360/459/344 361/462/347
f 342/453/339 341/451/337 353/461/346 354/463/348
f 350/454/340 349/452/338 361/462/347 362/464/349
f 343/455/341 342/453/339 354/463/348 355/465/350
f 351/456/342 350/454/340 362/464/349 363/466/351
f 344/444/331 343/455/341 355/465/350 356/467/352
f 74/468/2 351/456/342 363/466/351
f 345/445/332 344/444/331 356/467/352 357/469/353
f 346/446/333 345/445/332 357/469/353 358/470/354
f 347/447/334 346/446/333 358/470/354 359/458/343
f 340/449/335 279/471/1 352/460/345
f 355/465/350 354/463/348 366/472/355 367/473/356
f 363/466/351 362/464/349 374/474/357 375/475/358
f 356/467/352 355/465/350 367/473/356 368/476/359
f 74/477/2 363/466/351 375/475/358
f 357/469/353 356/467/352 368/476/359 369/478/360
f 358/470/354 357/469/353 369/478/360 370/479/361
f 359/458/343 358/470/354 370/479/361 371/480/362
f 352/460/345 279/481/1 364/482/363
f 360/459/344 359/458/343 371/480/362 372/483/364
f 353/461/346 352/460/345 364/482/363 365/484/365
f 361/462/347 360/459/344 372/483/364 373/485/366
f 354/463/348 353/461/346 365/484/365 366/472/355
f 362/464/349 361/462/347 373/485/366 374/474/357
f 370/479/361 369/478/360 379/92/39 380/94/41
f 371/480/362 370/479/361 380/94/41 35/74/22
f 364/482/363 279/486/1 376/70/19
f 372/483/364 371/480/362 35/74/22 36/73/21
f 365/484/365 364/482/363 376/70/19 377/77/25
f 373/485/366 372/483/364 36/73/21 37/79/27
f 366/472/355 365/484/365 377/77/25 33/81/29
f 374/474/357 373/485/366 37/79/27 381/83/31
f 367/473/356 366/472/355 33/81/29 378/85/33
f 375/475/358 374/474/357 381/83/31 382/87/35
f 368/476/359 367/473/356 378/85/33 34/89/37
f 74/487/2 375/475/358 382/87/35
f 369/478/360 368/476/359 34/89/37 379/92/39
s 0
f 383/488/367 384/489/367 386/490/367 385/491/367
f 385/492/368 386/493/368 388/494/368 387/495/368
f 387/495/369 388/494/369 390/496/369 389/497/369
f 389/497/370 390/496/370 392/498/370 391/499/370
f 391/500/371 392/501/371 394/502/371 393/503/371
f 393/504/372 394/505/372 396/506/372 395/507/372
f 395/508/373 396/509/373 398/510/373 397/511/373
f 388/494/374 386/493/374 410/512/374 412/513/374
f 397/511/375 398/510/375 400/514/375 399/515/375
f 399/516/376 400/517/376 384/489/376 383/488/376
f 397/511/377 399/515/377 409/518/377 408/519/377
f 401/520/378 402/521/378 403/522/378 404/523/378 405/524/378 406/525/378 407/526/378 408/527/378 409/528/378
f 395/508/379 397/511/379 408/519/379 407/529/379
f 393/530/380 395/508/380 407/529/380 406/531/380
f 391/500/381 393/503/381 406/532/381 405/533/381
f 389/497/382 391/499/382 405/534/382 404/535/382
f 383/536/383 385/492/383 402/537/383 401/538/383
f 387/495/384 389/497/384 404/535/384 403/539/384
f 385/492/385 387/495/385 403/539/385 402/537/385
f 399/516/386 383/488/386 401/540/386 409/541/386
f 412/513/387 410/512/387 419/542/387 421/543/387
f 384/489/388 400/517/388 418/544/388 411/545/388
f 400/514/389 398/510/389 417/546/389 418/547/389
f 398/510/390 396/509/390 416/548/390 417/546/390
f 396/509/391 394/549/391 415/550/391 416/548/391
f 394/502/392 392/501/392 414/551/392 415/552/392
f 392/553/393 390/554/393 413/555/393 414/556/393
f 386/490/394 384/489/394 411/545/394 410/557/394
f 390/496/395 388/494/395 412/513/395 413/558/395
f 419/559/396 420/560/396 429/561/396 428/562/396
f 411/545/397 418/544/397 427/563/397 420/560/397
f 416/564/398 415/565/398 424/566/398 425/567/398
f 413/558/399 412/513/399 421/543/399 422/568/399
f 417/546/400 416/548/400 425/569/400 426/570/400
f 414/556/401 413/555/401 422/571/401 423/572/401
f 410/557/402 411/545/402 420/560/402 419/559/402
f 418/544/403 417/573/403 426/574/403 427/563/403
f 415/552/404 414/551/404 423/575/404 424/576/404
f 435/577/405 434/578/405 443/579/405 444/580/405
f 427/563/406 426/574/406 435/581/406 436/582/406
f 424/576/407 423/575/407 432/583/407 433/584/407
f 421/543/408 419/542/408 428/585/408 430/586/408
f 420/560/409 427/563/409 436/582/409 429/561/409
f 425/567/410 424/566/410 433/587/410 434/588/410
f 422/568/411 421/543/411 430/586/411 431/589/411
f 426/570/412 425/569/412 434/578/412 435/577/412
f 423/572/413 422/571/413 431/590/413 432/591/413
f 437/592/414 438/593/414 445/594/414 444/595/414 443/596/414 442/597/414 441/598/414 440/599/414 439/600/414
f 432/591/415 431/590/415 440/601/415 441/602/415
f 428/562/416 429/561/416 438/603/416 437/604/416
f 436/582/417 435/581/417 444/605/417 445/606/417
f 433/584/418 432/583/418 441/607/418 442/608/418
f 430/586/419 428/585/419 437/609/419 439/610/419
f 429/561/420 436/582/420 445/606/420 438/603/420
f 434/588/421 433/587/421 442/611/421 443/612/421
f 431/589/422 430/586/422 439/610/422 440/613/422
s 1
f 789/70/19 692/71/1 451/72/20
f 449/73/21 448/74/22 458/75/23 459/76/24
f 790/77/25 789/70/19 451/72/20 452/78/26
f 450/79/27 449/73/21 459/76/24 460/80/28
f 446/81/29 790/77/25 452/78/26 453/82/30
f 794/83/31 450/79/27 460/80/28 461/84/32
f 791/85/33 446/81/29 453/82/30 454/86/34
f 795/87/35 794/83/31 461/84/32 462/88/36
f 447/89/37 791/85/33 454/86/34 455/90/38
f 487/91/2 795/87/35 462/88/36
f 792/92/39 447/89/37 455/90/38 456/93/40
f 793/94/41 792/92/39 456/93/40 457/95/42
f 448/74/22 793/94/41 457/95/42 458/75/23
f 453/82/30 452/78/26 464/96/43 465/97/44
f 461/84/32 460/80/28 472/98/45 473/99/46
f 454/86/34 453/82/30 465/97/44 466/100/47
f 462/88/36 461/84/32 473/99/46 474/101/48
f 455/90/38 454/86/34 466/100/47 467/102/49
f 487/103/2 462/88/36 474/101/48
f 456/93/40 455/90/38 467/102/49 468/104/50
f 457/95/42 456/93/40 468/104/50 469/105/51
f 458/75/23 457/95/42 469/105/51 470/106/52
f 451/72/20 692/107/1 463/108/53
f 459/76/24 458/75/23 470/106/52 471/109/54
f 452/78/26 451/72/20 463/108/53 464/96/43
f 460/80/28 459/76/24 471/109/54 472/98/45
f 487/110/2 474/101/48 486/111/55
f 468/104/50 467/102/49 479/112/56 480/113/57
f 469/105/51 468/104/50 480/113/57 481/114/58
f 470/106/52 469/105/51 481/114/58 482/115/59
f 463/108/53 692/116/1 475/117/60
f 471/109/54 470/106/52 482/115/59 483/118/61
f 464/96/43 463/108/53 475/117/60 476/119/62
f 472/98/45 471/109/54 483/118/61 484/120/63
f 465/97/44 464/96/43 476/119/62 477/121/64
f 473/99/46 472/98/45 484/120/63 485/122/65
f 466/100/47 465/97/44 477/121/64 478/123/66
f 474/101/48 473/99/46 485/122/65 486/111/55
f 467/102/49 466/100/47 478/123/66 479/112/56
f 482/115/59 481/114/58 494/124/67 495/125/68
f 475/117/60 692/126/1 488/127/69
f 483/118/61 482/115/59 495/125/68 496/128/70
f 476/119/62 475/117/60 488/127/69 489/129/71
f 484/120/63 483/118/61 496/128/70 497/130/72
f 477/121/64 476/119/62 489/129/71 490/131/73
f 485/122/65 484/120/63 497/130/72 498/132/74
f 478/123/66 477/121/64 490/131/73 491/133/75
f 486/111/55 485/122/65 498/132/74 499/134/76
f 479/112/56 478/123/66 491/133/75 492/135/77
f 487/136/2 486/111/55 499/134/76
f 480/113/57 479/112/56 492/135/77 493/137/78
f 481/114/58 480/113/57 493/137/78 494/124/67
f 498/132/74 497/130/72 509/138/79 510/139/80
f 491/133/75 490/131/73 502/140/81 503/141/82
f 499/134/76 498/132/74 510/139/80 511/142/83
f 492/135/77 491/133/75 503/141/82 504/143/84
f 487/144/2 499/134/76 511/142/83
f 493/137/78 492/135/77 504/143/84 505/145/85
f 494/124/67 493/137/78 505/145/85 506/146/86
f 495/125/68 494/124/67 506/146/86 507/147/87
f 488/127/69 692/148/1 500/149/88
f 496/128/70 495/125/68 507/147/87 508/150/89
f 489/129/71 488/127/69 500/149/88 501/151/90
f 497/130/72 496/128/70 508/150/89 509/138/79
f 490/131/73 489/129/71 501/151/90 502/140/81
f 505/145/85 504/143/84 516/152/91 517/153/92
f 506/146/86 505/145/85 517/153/92 518/154/93
f 507/147/87 506/146/86 518/154/93 519/155/94
f 500/149/88 692/156/1 512/157/95
f 508/150/89 507/147/87 519/155/94 520/158/96
f 501/151/90 500/149/88 512/157/95 513/159/97
f 509/138/79 508/150/89 520/158/96 521/160/98
f 502/140/81 501/151/90 513/159/97 514/161/99
f 510/139/80 509/138/79 521/160/98 522/162/100
f 503/141/82 502/140/81 514/161/99 515/163/101
f 511/142/83 510/139/80 522/162/100 523/164/102
f 504/143/84 503/141/82 515/163/101 516/152/91
f 487/165/2 511/142/83 523/164/102
f 512/157/95 692/166/1 524/167/103
f 520/158/96 519/155/94 531/168/104 532/169/105
f 513/159/97 512/157/95 524/167/103 525/170/106
f 521/160/98 520/158/96 532/169/105 533/171/107
f 514/161/99 513/159/97 525/170/106 526/172/108
f 522/162/100 521/160/98 533/171/107 534/173/109
f 515/163/101 514/161/99 526/172/108 527/174/110
f 523/164/102 522/162/100 534/173/109 535/175/111
f 516/152/91 515/163/101 527/174/110 528/176/112
f 487/177/2 523/164/102 535/175/111
f 517/153/92 516/152/91 528/176/112 529/178/113
f 518/154/93 517/153/92 529/178/113 530/179/114
f 519/155/94 518/154/93 530/179/114 531/168/104
f 534/173/109 533/171/107 545/180/115 546/181/116
f 527/174/110 526/172/108 538/182/117 539/183/118
f 535/175/111 534/173/109 546/181/116 547/184/119
f 528/176/112 527/174/110 539/183/118 540/185/120
f 487/186/2 535/175/111 547/184/119
f 529/178/113 528/176/112 540/185/120 541/187/121
f 530/179/114 529/178/113 541/187/121 542/188/122
f 531/168/104 530/179/114 542/188/122 543/189/123
f 524/167/103 692/190/1 536/191/124
f 532/169/105 531/168/104 543/189/123 544/192/125
f 525/170/106 524/167/103 536/191/124 537/193/126
f 533/171/107 532/169/105 544/192/125 545/180/115
f 526/172/108 525/170/106 537/193/126 538/182/117
f 542/188/122 541/187/121 553/194/127 554/195/128
f 543/189/123 542/188/122 554/195/128 555/196/129
f 536/191/124 692/197/1 548/198/130
f 544/192/125 543/189/123 555/196/129 556/199/131
f 537/193/126 536/191/124 548/198/130 549/200/132
f 545/180/115 544/192/125 556/199/131 557/201/133
f 538/182/117 537/193/126 549/200/132 550/202/134
f 546/181/116 545/180/115 557/201/133 558/203/135
f 539/183/118 538/182/117 550/202/134 551/204/136
f 547/184/119 546/181/116 558/203/135 559/205/137
f 540/185/120 539/183/118 551/204/136 552/206/138
f 487/207/2 547/184/119 559/205/137
f 541/187/121 540/185/120 552/206/138 553/194/127
f 556/199/131 555/196/129 567/208/139 568/209/140
f 549/200/132 548/198/130 560/210/141 561/211/142
f 557/201/133 556/199/131 568/209/140 569/212/143
f 550/202/134 549/200/132 561/211/142 562/213/144
f 558/203/135 557/201/133 569/212/143 570/214/145
f 551/204/136 550/202/134 562/213/144 563/215/146
f 559/205/137 558/203/135 570/214/145 571/216/147
f 552/206/138 551/204/136 563/215/146 564/217/148
f 487/218/2 559/205/137 571/216/147
f 553/194/127 552/206/138 564/217/148 565/219/149
f 554/195/128 553/194/127 565/219/149 566/220/150
f 555/196/129 554/195/128 566/220/150 567/208/139
f 548/198/130 692/221/1 560/210/141
f 563/215/146 562/213/144 574/222/151 575/223/152
f 571/216/147 570/214/145 582/224/153 583/225/154
f 564/217/148 563/215/146 575/223/152 576/226/155
f 487/227/2 571/216/147 583/225/154
f 565/219/149 564/217/148 576/226/155 577/228/156
f 566/220/150 565/219/149 577/228/156 578/229/157
f 567/208/139 566/220/150 578/229/157 579/230/158
f 560/210/141 692/231/1 572/232/159
f 568/209/140 567/208/139 579/230/158 580/233/160
f 561/211/142 560/210/141 572/232/159 573/234/161
f 569/212/143 568/209/140 580/233/160 581/235/162
f 562/213/144 561/211/142 573/234/161 574/222/151
f 570/214/145 569/212/143 581/235/162 582/224/153
f 578/229/157 577/228/156 589/236/163 590/237/164
f 579/230/158 578/229/157 590/237/164 591/238/165
f 572/232/159 692/239/1 584/240/166
f 580/233/160 579/230/158 591/238/165 592/241/167
f 573/234/161 572/232/159 584/240/166 585/242/168
f 581/235/162 580/233/160 592/241/167 593/243/169
f 574/222/151 573/234/161 585/242/168 586/244/170
f 582/224/153 581/235/162 593/243/169 594/245/171
f 575/223/152 574/222/151 586/244/170 587/246/172
f 583/225/154 582/224/153 594/245/171 595/247/173
f 576/226/155 575/223/152 587/246/172 588/248/174
f 487/249/2 583/225/154 595/247/173
f 577/228/156 576/226/155 588/248/174 589/236/163
f 585/242/168 584/240/166 596/250/175 597/251/176
f 593/243/169 592/241/167 604/252/177 605/253/178
f 586/244/170 585/242/168 597/251/176 598/254/179
f 594/245/171 593/243/169 605/253/178 606/255/180
f 587/246/172 586/244/170 598/254/179 599/256/181
f 595/247/173 594/245/171 606/255/180 607/257/182
f 588/248/174 587/246/172 599/256/181 600/258/183
f 487/259/2 595/247/173 607/257/182
f 589/236/163 588/248/174 600/258/183 601/260/184
f 590/237/164 589/236/163 601/260/184 602/261/185
f 591/238/165 590/237/164 602/261/185 603/262/186
f 584/240/166 692/263/1 596/250/175
f 592/241/167 591/238/165 603/262/186 604/252/177
f 607/257/182 606/255/180 618/264/187 619/265/188
f 600/258/183 599/256/181 611/266/189 612/267/190
f 487/268/2 607/257/182 619/265/188
f 601/260/184 600/258/183 612/267/190 613/269/191
f 602/261/185 601/260/184 613/269/191 614/270/192
f 603/262/186 602/261/185 614/270/192 615/271/193
f 596/250/175 692/272/1 608/273/194
f 604/252/177 603/262/186 615/271/193 616/274/195
f 597/251/176 596/250/175 608/273/194 609/275/196
f 605/253/178 604/252/177 616/274/195 617/276/197
f 598/254/179 597/251/176 609/275/196 610/277/198
f 606/255/180 605/253/178 617/276/197 618/264/187
f 599/256/181 598/254/179 610/277/198 611/266/189
f 614/270/192 613/269/191 625/278/199 626/279/200
f 615/271/193 614/270/192 626/279/200 627/280/201
f 608/273/194 692/281/1 620/282/202
f 616/274/195 615/271/193 627/280/201 628/283/203
f 609/275/196 608/273/194 620/282/202 621/284/204
f 617/276/197 616/274/195 628/283/203 629/285/205
f 610/277/198 609/275/196 621/284/204 622/286/206
f 618/264/187 617/276/197 629/285/205 630/287/207
f 611/266/189 610/277/198 622/286/206 623/288/208
f 619/265/188 618/264/187 630/287/207 631/289/209
f 612/267/190 611/266/189 623/288/208 624/290/210
f 487/291/2 619/265/188 631/289/209
f 613/269/191 612/267/190 624/290/210 625/278/199
f 629/285/205 628/283/203 640/292/211 641/293/212
f 622/286/206 621/284/204 633/294/213 634/295/214
f 630/287/207 629/285/205 641/293/212 642/296/215
f 623/288/208 622/286/206 634/295/214 635/297/216
f 631/289/209 630/287/207 642/296/215 643/298/217
f 624/290/210 623/288/208 635/297/216 636/299/218
f 487/300/2 631/289/209 643/298/217
f 625/278/199 624/290/210 636/299/218 637/301/219
f 626/279/200 625/278/199 637/301/219 638/302/220
f 627/280/201 626/279/200 638/302/220 639/303/221
f 620/282/202 692/304/1 632/305/222
f 628/283/203 627/280/201 639/303/221 640/292/211
f 621/284/204 620/282/202 632/305/222 633/294/213
f 636/299/218 635/297/216 647/306/223 648/307/224
f 487/308/2 643/298/217 655/309/225
f 637/301/219 636/299/218 648/307/224 649/310/226
f 638/302/220 637/301/219 649/310/226 650/311/227
f 639/303/221 638/302/220 650/311/227 651/312/228
f 632/305/222 692/313/1 644/314/229
f 640/292/211 639/303/221 651/312/228 652/315/230
f 633/294/213 632/305/222 644/314/229 645/316/231
f 641/293/212 640/292/211 652/315/230 653/317/232
f 634/295/214 633/294/213 645/316/231 646/318/233
f 642/296/215 641/293/212 653/317/232 654/319/234
f 635/297/216 634/295/214 646/318/233 647/306/223
f 643/298/217 642/296/215 654/319/234 655/309/225
f 651/312/228 650/311/227 662/320/235 663/321/236
f 644/314/229 692/322/1 656/323/237
f 652/315/230 651/312/228 663/321/236 664/324/238
f 645/316/231 644/314/229 656/323/237 657/325/239
f 653/317/232 652/315/230 664/324/238 665/326/240
f 646/318/233 645/316/231 657/325/239 658/327/241
f 654/319/234 653/317/232 665/326/240 666/328/242
f 647/306/223 646/318/233 658/327/241 659/329/243
f 655/309/225 654/319/234 666/328/242 667/330/244
f 648/307/224 647/306/223 659/329/243 660/331/245
f 487/332/2 655/309/225 667/330/244
f 649/310/226 648/307/224 660/331/245 661/333/246
f 650/311/227 649/310/226 661/333/246 662/320/235
f 665/326/240 664/324/238 676/334/247 677/335/248
f 658/327/241 657/325/239 669/336/249 670/337/250
f 666/328/242 665/326/240 677/335/248 678/338/251
f 659/329/243 658/327/241 670/337/250 671/339/252
f 667/330/244 666/328/242 678/338/251 679/340/253
f 660/331/245 659/329/243 671/339/252 672/341/254
f 487/342/2 667/330/244 679/340/253
f 661/333/246 660/331/245 672/341/254 673/343/255
f 662/320/235 661/333/246 673/343/255 674/344/256
f 663/321/236 662/320/235 674/344/256 675/345/257
f 656/323/237 692/346/1 668/347/258
f 664/324/238 663/321/236 675/345/257 676/334/247
f 657/325/239 656/323/237 668/347/258 669/336/249
f 487/348/2 679/340/253 691/349/259
f 673/343/255 672/341/254 684/350/260 685/351/261
f 674/344/256 673/343/255 685/351/261 686/352/262
f 675/345/257 674/344/256 686/352/262 687/353/263
f 668/347/258 692/354/1 680/355/264
f 676/334/247 675/345/257 687/353/263 688/356/265
f 669/336/249 668/347/258 680/355/264 681/357/266
f 677/335/248 676/334/247 688/356/265 689/358/267
f 670/337/250 669/336/249 681/357/266 682/359/268
f 678/338/251 677/335/248 689/358/267 690/360/269
f 671/339/252 670/337/250 682/359/268 683/361/270
f 679/340/253 678/338/251 690/360/269 691/349/259
f 672/341/254 671/339/252 683/361/270 684/350/260
f 687/353/263 686/352/262 699/362/271 700/363/272
f 680/355/264 692/364/1 693/365/273
f 688/356/265 687/353/263 700/363/272 701/366/274
f 681/357/266 680/355/264 693/365/273 694/367/275
f 689/358/267 688/356/265 701/366/274 702/368/276
f 682/359/268 681/357/266 694/367/275 695/369/277
f 690/360/269 689/358/267 702/368/276 703/370/278
f 683/361/270 682/359/268 695/369/277 696/371/279
f 691/349/259 690/360/269 703/370/278 704/372/280
f 684/350/260 683/361/270 696/371/279 697/373/281
f 487/374/2 691/349/259 704/372/280
f 685/351/261 684/350/260 697/373/281 698/375/282
f 686/352/262 685/351/261 698/375/282 699/362/271
f 695/376/277 694/377/275 706/378/283 707/379/284
f 703/380/278 702/381/276 714/382/285 715/383/286
f 696/384/279 695/376/277 707/379/284 708/385/287
f 704/386/280 703/380/278 715/383/286 716/387/288
f 697/388/281 696/384/279 708/385/287 709/389/289
f 487/390/2 704/386/280 716/387/288
f 698/391/282 697/388/281 709/389/289 710/392/290
f 699/393/271 698/391/282 710/392/290 711/394/291
f 700/395/272 699/393/271 711/394/291 712/396/292
f 693/397/273 692/398/1 705/399/293
f 701/400/274 700/395/272 712/396/292 713/401/294
f 694/377/275 693/397/273 705/399/293 706/378/283
f 702/381/276 701/400/274 713/401/294 714/382/285
f 487/402/2 716/387/288 728/403/295
f 710/392/290 709/389/289 721/404/296 722/405/297
f 711/394/291 710/392/290 722/405/297 723/406/298
f 712/396/292 711/394/291 723/406/298 724/407/299
f 705/399/293 692/408/1 717/409/300
f 713/401/294 712/396/292 724/407/299 725/410/301
f 706/378/283 705/399/293 717/409/300 718/411/302
f 714/382/285 713/401/294 725/410/301 726/412/303
f 707/379/284 706/378/283 718/411/302 719/413/423
f 715/383/286 714/382/285 726/412/303 727/414/305
f 708/385/287 707/379/284 719/413/423 720/415/424
f 716/387/288 715/383/286 727/414/305 728/403/295
f 709/389/289 708/385/287 720/415/424 721/404/296
f 717/409/300 692/416/1 729/417/307
f 725/410/301 724/407/299 736/418/308 737/419/309
f 718/411/302 717/409/300 729/417/307 730/420/310
f 726/412/303 725/410/301 737/419/309 738/421/311
f 719/413/423 718/411/302 730/420/310 731/422/312
f 727/414/305 726/412/303 738/421/311 739/423/313
f 720/415/424 719/413/423 731/422/312 732/424/314
f 728/403/295 727/414/305 739/423/313 740/425/315
f 721/404/296 720/415/424 732/424/314 733/426/316
f 487/427/2 728/403/295 740/425/315
f 722/405/297 721/404/296 733/426/316 734/428/317
f 723/406/298 722/405/297 734/428/317 735/429/318
f 724/407/299 723/406/298 735/429/318 736/418/308
f 739/423/313 738/421/311 750/430/319 751/431/320
f 732/424/314 731/422/312 743/432/321 744/433/322
f 740/425/315 739/423/313 751/431/320 752/434/323
f 733/426/316 732/424/314 744/433/322 745/435/324
f 487/436/2 740/425/315 752/434/323
f 734/428/317 733/426/316 745/435/324 746/437/325
f 735/429/318 734/428/317 746/437/325 747/438/326
f 736/418/308 735/429/318 747/438/326 748/439/327
f 729/417/307 692/440/1 741/441/328
f 737/419/309 736/418/308 748/439/327 749/442/329
f 730/420/310 729/417/307 741/441/328 742/443/330
f 738/421/311 737/419/309 749/442/329 750/430/319
f 731/422/312 730/420/310 742/443/330 743/432/321
f 746/437/325 745/435/324 757/444/331 758/445/332
f 747/438/326 746/437/325 758/445/332 759/446/333
f 748/439/327 747/438/326 759/446/333 760/447/334
f 741/441/328 692/448/1 753/449/335
f 749/442/329 748/439/327 760/447/334 761/450/336
f 742/443/330 741/441/328 753/449/335 754/451/337
f 750/430/319 749/442/329 761/450/336 762/452/338
f 743/432/321 742/443/330 754/451/337 755/453/339
f 751/431/320 750/430/319 762/452/338 763/454/340
f 744/433/322 743/432/321 755/453/339 756/455/341
f 752/434/323 751/431/320 763/454/340 764/456/342
f 745/435/324 744/433/322 756/455/341 757/444/331
f 487/457/2 752/434/323 764/456/342
f 761/450/336 760/447/334 772/458/343 773/459/344
f 754/451/337 753/449/335 765/460/345 766/461/346
f 762/452/338 761/450/336 773/459/344 774/462/425
f 755/453/339 754/451/337 766/461/346 767/463/348
f 763/454/340 762/452/338 774/462/425 775/464/349
f 756/455/341 755/453/339 767/463/348 768/465/350
f 764/456/342 763/454/340 775/464/349 776/466/351
f 757/444/331 756/455/341 768/465/350 769/467/352
f 487/468/2 764/456/342 776/466/351
f 758/445/332 757/444/331 769/467/352 770/469/353
f 759/446/333 758/445/332 770/469/353 771/470/354
f 760/447/334 759/446/333 771/470/354 772/458/343
f 753/449/335 692/471/1 765/460/345
f 768/465/350 767/463/348 779/472/355 780/473/356
f 776/466/351 775/464/349 787/474/357 788/475/358
f 769/467/352 768/465/350 780/473/356 781/476/359
f 487/477/2 776/466/351 788/475/358
f 770/469/353 769/467/352 781/476/359 782/478/360
f 771/470/354 770/469/353 782/478/360 783/479/361
f 772/458/343 771/470/354 783/479/361 784/480/362
f 765/460/345 692/481/1 777/482/363
f 773/459/344 772/458/343 784/480/362 785/483/364
f 766/461/346 765/460/345 777/482/363 778/484/365
f 774/462/425 773/459/344 785/483/364 786/485/366
f 767/463/348 766/461/346 778/484/365 779/472/355
f 775/464/349 774/462/425 786/485/366 787/474/357
f 783/479/361 782/478/360 792/92/39 793/94/41
f 784/480/362 783/479/361 793/94/41 448/74/22
f 777/482/363 692/486/1 789/70/19
f 785/483/364 784/480/362 448/74/22 449/73/21
f 778/484/365 777/482/363 789/70/19 790/77/25
f 786/485/366 785/483/364 449/73/21 450/79/27
f 779/472/355 778/484/365 790/77/25 446/81/29
f 787/474/357 786/485/366 450/79/27 794/83/31
f 780/473/356 779/472/355 446/81/29 791/85/33
f 788/475/358 787/474/357 794/83/31 795/87/35
f 781/476/359 780/473/356 791/85/33 447/89/37
f 487/487/2 788/475/358 795/87/35
f 782/478/360 781/476/359 447/89/37 792/92/39
o Shop
v -2.503975 0.721904 0.476524
v 3.059677 0.590037 0.163653
v -2.468102 -1.402917 -2.800921
v 3.187079 -1.397348 -2.846225
v -2.486238 -0.420572 -2.800817
v -2.503337 0.564847 -2.803900
v -2.523335 1.555689 -2.821300
v -2.507880 1.534132 -1.845214
v -2.507714 1.523704 -0.860694
v -2.522264 1.543653 0.127008
v -1.709408 0.634843 0.344629
v -0.902678 0.593084 0.203803
v -0.079997 0.587997 0.178452
v 0.742449 0.584087 0.176441
v 1.565221 0.581587 0.194305
v 2.379688 0.601949 0.307719
v 3.191141 1.565392 0.150075
v 3.192564 1.560897 -0.845810
v 3.197765 1.559621 -1.833603
v 3.205417 1.565518 -2.827192
v 3.205537 0.573359 -2.905792
v 3.206601 -0.415446 -2.893601
v 2.391615 -1.389166 -3.051340
v 1.575482 -1.381823 -3.146618
v 0.753443 -1.383898 -3.140548
v -0.068092 -1.386512 -3.118565
v -0.889878 -1.384949 -3.120708
v -1.704878 -1.394580 -3.024015
v -1.706299 1.581977 0.116132
v -1.717802 1.435142 -0.857366
v -1.715375 1.440411 -1.844726
v -1.703413 1.558801 -2.811273
v -1.706264 0.569823 -2.894776
v -1.706706 -0.415449 -2.941189
v -0.890418 1.566793 0.109523
v -0.895589 1.399032 -0.858964
v -0.893474 1.406920 -1.840205
v -0.886109 1.559276 -2.803517
v -0.887074 0.568515 -2.890156
v -0.887719 -0.412347 -2.985051
v -0.073409 1.565644 0.107943
v -0.073359 1.394186 -0.858392
v -0.071287 1.397914 -1.838697
v -0.068194 1.559919 -2.803246
v -0.067960 0.569140 -2.897400
v -0.067580 -0.412415 -2.991879
v 0.744773 1.562187 0.108778
v 0.748476 1.396909 -0.857598
v 0.750760 1.398093 -1.837860
v 0.750125 1.560019 -2.802940
v 0.750866 0.570742 -2.910451
v 0.752162 -0.409190 -3.019375
v 1.561643 1.560545 0.109678
v 1.570502 1.402696 -0.856359
v 1.573283 1.403676 -1.837340
v 1.567971 1.559992 -2.803157
v 1.569797 0.571261 -2.908784
v 1.572314 -0.407696 -3.021995
v 2.376099 1.559662 0.113729
v 2.392920 1.428346 -0.851483
v 2.396058 1.438103 -1.838414
v 2.385629 1.559804 -2.806716
v 2.388218 0.569776 -2.873824
v 2.388969 -0.411791 -2.956593
v -2.459635 1.211586 0.483702
v 2.764633 0.645738 0.443626
v 3.201656 -0.907849 -2.881601
v -2.115386 -1.395658 -3.011134
v -2.477282 -0.912186 -2.800406
v -2.494698 0.071823 -2.801529
v -2.513827 1.058100 -2.811386
v -2.519415 1.621457 -2.331222
v -2.504776 1.524305 -1.352873
v -2.516795 1.521965 -0.367960
v -2.116479 0.688328 0.344716
v -1.313246 0.599071 0.238123
v -0.491350 0.590195 0.185577
v 0.331235 0.585878 0.176128
v 1.153781 0.582343 0.180938
v 1.975820 0.583749 0.227904
v 3.125610 1.076052 0.169616
v 3.197543 1.574466 -0.350777
v 3.193132 1.559700 -1.339800
v 3.203391 1.567900 -2.328322
v 3.201100 1.069734 -2.910018
v 3.207616 0.078348 -2.900500
v 2.792603 -1.395019 -2.960768
v 1.985520 -1.384137 -3.115750
v 1.164361 -1.382129 -3.151204
v 0.342723 -1.385720 -3.126512
v -0.478964 -1.385831 -3.119986
v -1.299799 -1.387656 -3.092059
v -1.705638 -0.905941 -2.977554
v -1.716265 1.093979 0.175786
v -1.709558 1.534567 -0.374619
v -1.717142 1.426390 -1.351030
v -1.705538 1.572414 -2.320123
v -1.704645 1.063813 -2.878170
v -1.706991 0.076596 -2.914483
v -0.888541 -0.899686 -3.048536
v -0.896729 1.083578 0.203738
v -0.892350 1.549897 -0.387980
v -0.896846 1.350741 -1.350002
v -0.887944 1.569577 -2.307401
v -0.886712 1.061255 -2.853040
v -0.887326 0.077197 -2.933014
v -0.067681 -0.900533 -3.050796
v -0.076493 1.078617 0.192985
v -0.073381 1.551436 -0.389529
v -0.072927 1.340049 -1.348772
v -0.069057 1.559374 -2.306272
v -0.068140 1.062096 -2.858703
v -0.067737 0.077584 -2.941410
v 0.752875 -0.897246 -3.078192
v 0.743834 1.074722 0.190037
v 0.746070 1.555495 -0.389006
v 0.750284 1.341171 -1.347820
v 0.750456 1.558468 -2.305760
v 0.750346 1.062916 -2.863669
v 0.751480 0.080105 -2.963125
v 1.573877 -0.895158 -3.084735
v 1.564250 1.071944 0.178221
v 1.565060 1.557436 -0.386870
v 1.574229 1.351184 -1.346911
v 1.569967 1.558463 -2.306770
v 1.568825 1.063138 -2.862334
v 1.570946 0.080997 -2.962305
v 2.390250 -0.900709 -3.005849
v 2.385106 1.073262 0.177577
v 2.383002 1.558851 -0.376639
v 2.396392 1.416084 -1.344973
v 2.388809 1.563446 -2.314749
v 2.387391 1.062279 -2.841903
v 2.388544 0.078366 -2.912030
v -2.115348 1.598254 0.133410
v -2.101138 1.582899 -0.858337
v -2.100698 1.582463 -1.843944
v -2.112331 1.568606 -2.834373
v -2.114057 0.572687 -2.931215
v -2.115323 -0.413610 -2.975863
v -1.298459 1.569763 0.109593
v -1.306912 1.407146 -0.858484
v -1.304567 1.417427 -1.841855
v -1.294858 1.559060 -2.803874
v -1.296722 0.567905 -2.879349
v -1.297546 -0.413292 -2.969766
v -0.482260 1.566727 0.107656
v -0.484429 1.394903 -0.858776
v -0.482370 1.400820 -1.839281
v -0.477278 1.559719 -2.803454
v -0.477435 0.568498 -2.890881
v -0.477620 -0.412905 -2.985055
v 0.335713 1.563855 0.108412
v 0.337588 1.395201 -0.857975
v 0.339736 1.397553 -1.838243
v 0.340978 1.559976 -2.803048
v 0.341459 0.569898 -2.904027
v 0.342313 -0.411001 -3.004944
v 1.153473 1.561039 0.109196
v 1.159416 1.398978 -0.857137
v 1.161912 1.399748 -1.837533
v 1.159149 1.560027 -2.802977
v 1.160314 0.571385 -2.913977
v 1.162211 -0.407928 -3.026600
v 1.968968 1.559640 0.112805
v 1.981694 1.411071 -0.854746
v 1.984874 1.413041 -1.837488
v 1.976660 1.559991 -2.803902
v 1.979392 0.571358 -2.902603
v 1.982283 -0.407855 -3.009681
v 2.782122 1.575769 0.143888
v 2.782679 1.559119 -0.848473
v 2.787866 1.560508 -1.836091
v 2.794359 1.565444 -2.828105
v 2.797998 0.570396 -2.864493
v 2.796992 -0.414073 -2.914860
v 2.797880 0.077616 -2.888357
v 2.796958 1.064117 -2.841606
v 2.794898 1.601659 -2.328785
v 2.782818 1.559179 -1.342288
v 2.789218 1.558809 -0.355235
v 2.757270 1.127210 0.346119
v 1.980725 0.081149 -2.953924
v 1.978158 1.063080 -2.858322
v 1.979437 1.558867 -2.309294
v 1.986509 1.368801 -1.346215
v 1.974104 1.558514 -0.383240
v 1.974448 1.072022 0.181465
v 1.161200 0.081042 -2.968287
v 1.159583 1.063221 -2.864937
v 1.160266 1.558533 -2.305968
v 1.162075 1.344080 -1.347400
v 1.155680 1.556869 -0.388360
v 1.154006 1.072977 0.185684
v 0.341876 0.078750 -2.952305
v 0.341106 1.062486 -2.861166
v 0.340640 1.558938 -2.305879
v 0.338694 1.339929 -1.348263
v 0.336340 1.553675 -0.389357
v 0.333663 1.076455 0.190069
v -0.477461 0.076956 -2.933898
v -0.477380 1.061430 -2.853755
v -0.478581 1.562820 -2.306656
v -0.484757 1.342765 -1.349370
v -0.482989 1.550178 -0.389359
v -0.486759 1.080826 0.193766
v -1.297067 0.076479 -2.920207
v -1.296112 1.060596 -2.845245
v -1.297149 1.574157 -2.310415
v -1.308838 1.370245 -1.350590
v -1.301367 1.546753 -0.384787
v -1.307130 1.088649 0.211498
v -2.114716 0.078946 -2.955257
v -2.113792 1.068079 -2.902961
v -2.111591 1.591670 -2.336402
v -2.098026 1.582941 -1.351340
v -2.113156 1.588944 -0.365491
v -2.062603 1.175643 0.382315
v 1.983985 -0.896207 -3.064746
v 1.163314 -0.895674 -3.087552
v 0.342646 -0.899224 -3.062723
v -0.478129 -0.900619 -3.047001
v -1.298423 -0.901205 -3.028370
v -2.115706 -0.905102 -2.994496
v 2.795566 -0.904889 -2.940858
vn 0.2120 -0.0192 -0.9771
vn 0.0049 0.0643 -0.9979
vn -0.0596 0.1384 -0.9886
vn -0.0028 0.1434 -0.9897
vn -0.0362 0.1284 -0.9911
vn 0.0088 0.1280 -0.9917
vn 0.1505 0.0977 -0.9838
vn 0.3070 0.3183 0.8969
vn 0.2465 0.9636 -0.1032
vn 0.3631 0.9317 0.0125
vn 0.0374 0.9986 -0.0370
vn 0.0751 0.0450 -0.9962
vn 0.0922 0.0478 -0.9946
vn 0.0113 0.1991 0.9799
vn 0.0045 0.9558 -0.2939
vn 0.0360 0.9938 0.1049
vn 0.0054 0.9997 -0.0256
vn -0.0228 0.0721 -0.9971
vn -0.0343 0.1032 -0.9941
vn 0.0013 0.1732 0.9849
vn -0.0005 0.9488 -0.3160
vn 0.0066 0.9930 0.1175
vn 0.0040 1.0000 -0.0026
vn -0.0141 0.0767 -0.9970
vn -0.0175 0.1031 -0.9945
vn 0.0003 0.1648 0.9863
vn -0.0038 0.9473 -0.3205
vn -0.0023 0.9932 0.1161
vn 0.0005 1.0000 0.0026
vn -0.0110 0.0906 -0.9958
vn -0.0310 0.1105 -0.9934
vn 0.0087 0.1469 0.9891
vn -0.0041 0.9487 -0.3161
vn -0.0134 0.9939 0.1096
vn 0.0001 1.0000 0.0030
vn 0.0095 0.0966 -0.9953
vn 0.0128 0.1199 -0.9927
vn 0.0034 0.1348 0.9909
vn -0.0172 0.9592 -0.2821
vn -0.0876 0.9939 0.0671
vn -0.0054 1.0000 -0.0025
vn 0.0552 0.0772 -0.9955
vn 0.1161 0.1015 -0.9880
vn 0.2249 0.2036 0.9529
vn -0.0212 0.9997 -0.0132
vn 0.0004 1.0000 0.0013
vn 0.0411 0.9984 -0.0385
vn -0.1341 0.0179 -0.9908
vn 0.0111 0.0199 -0.9997
vn 0.0798 0.0719 -0.9942
vn 0.0402 0.0629 -0.9972
vn -0.0653 0.0186 -0.9977
vn 0.0116 0.0555 -0.9984
vn -0.0262 0.0486 -0.9985
vn -0.0828 0.0960 -0.9919
vn -0.0554 0.9977 -0.0399
vn -0.1923 0.9672 0.1662
vn 0.0421 0.9978 0.0505
vn -0.3229 0.9462 0.0208
vn -0.3326 0.9430 -0.0129
vn -0.0028 1.0000 -0.0012
vn -0.1567 0.9788 -0.1322
vn -0.0186 0.9997 -0.0182
vn -0.0064 0.9999 -0.0080
vn -0.2609 0.2683 0.9273
vn -0.3881 0.2134 0.8966
vn 0.5710 0.0430 0.8198
vn 0.0251 0.1173 -0.9928
vn 0.0176 0.1064 -0.9942
vn 0.0863 0.0906 -0.9921
vn 0.0124 0.0919 -0.9957
vn 0.0040 0.1136 -0.9935
vn 0.0167 0.0898 -0.9958
vn -0.0005 1.0000 0.0027
vn -0.0103 0.9525 0.3043
vn -0.0326 0.9608 0.2752
vn -0.0326 0.9946 0.0981
vn -0.0311 0.9950 -0.0953
vn -0.0780 0.9954 -0.0558
vn -0.0090 0.9520 -0.3059
vn -0.0002 1.0000 -0.0043
vn -0.0004 1.0000 -0.0020
vn -0.0076 0.1391 0.9902
vn -0.0449 0.0636 0.9970
vn -0.0956 0.1805 0.9789
vn -0.0153 0.1163 -0.9931
vn -0.0108 0.1084 -0.9940
vn 0.0136 0.1093 -0.9939
vn -0.0059 0.0969 -0.9953
vn -0.0016 0.1225 -0.9925
vn 0.0030 0.1210 -0.9926
vn -0.0001 1.0000 0.0031
vn -0.0020 0.9465 0.3226
vn -0.0042 0.9484 0.3171
vn -0.0056 0.9935 0.1141
vn -0.0059 0.9937 -0.1122
vn -0.0129 0.9941 -0.1079
vn -0.0035 0.9474 -0.3199
vn -0.0003 0.9999 -0.0109
vn -0.0001 1.0000 -0.0073
vn 0.0053 0.1596 0.9872
vn -0.0003 -0.0187 0.9998
vn -0.0072 0.0116 0.9999
vn -0.0294 0.1046 -0.9941
vn -0.0215 0.0935 -0.9954
vn -0.0212 0.1022 -0.9945
vn -0.0112 0.0825 -0.9965
vn -0.0028 0.1134 -0.9935
vn -0.0030 0.1186 -0.9929
vn 0.0005 1.0000 0.0016
vn 0.0006 0.9453 0.3263
vn -0.0003 0.9456 0.3252
vn 0.0004 0.9931 0.1170
vn -0.0010 0.9938 -0.1109
vn -0.0035 0.9936 -0.1125
vn -0.0035 0.9477 -0.3192
vn -0.0005 0.9997 -0.0245
vn -0.0002 0.9999 -0.0169
vn 0.0038 0.1686 0.9857
vn 0.0062 -0.0290 0.9996
vn -0.0005 -0.0280 0.9996
vn -0.0010 0.1048 -0.9945
vn -0.0019 0.0870 -0.9962
vn -0.0172 0.0882 -0.9960
vn -0.0018 0.0751 -0.9972
vn -0.0009 0.0997 -0.9950
vn -0.0059 0.1056 -0.9944
vn 0.0077 0.9999 -0.0135
vn 0.0141 0.9445 0.3282
vn 0.0069 0.9450 0.3270
vn 0.0168 0.9931 0.1158
vn 0.0147 0.9947 -0.1018
vn 0.0043 0.9942 -0.1077
vn 0.0040 0.9509 -0.3096
vn -0.0004 0.9994 -0.0336
vn -0.0002 0.9995 -0.0309
vn 0.0149 0.1828 0.9830
vn 0.0343 -0.0086 0.9994
vn 0.0095 -0.0232 0.9997
vn -0.0419 0.0774 -0.9961
vn 0.0120 0.0614 -0.9980
vn -0.0288 0.0849 -0.9960
vn 0.0592 0.0511 -0.9969
vn 0.0494 0.1081 -0.9929
vn -0.0092 0.0909 -0.9958
vn -0.0018 0.9996 -0.0292
vn 0.0203 0.9560 0.2928
vn 0.0156 0.9462 0.3232
vn 0.0957 0.9935 0.0623
vn 0.1020 0.9937 -0.0462
vn 0.0334 0.9957 -0.0864
vn 0.0154 0.9700 -0.2426
vn -0.0014 0.9975 -0.0713
vn -0.0004 0.9992 -0.0402
vn -0.0317 0.1649 0.9858
vn 0.0960 0.2009 0.9749
vn 0.0515 0.0266 0.9983
vn -0.4013 0.0153 -0.9158
vn -0.3434 0.0178 -0.9390
vn 0.0944 0.0440 -0.9946
vn -0.2676 0.0175 -0.9634
vn -0.1293 0.0572 -0.9900
vn 0.0602 0.1344 -0.9891
vn 0.0185 0.9958 -0.0896
vn -0.0222 0.9949 0.0987
vn 0.1951 0.9705 0.1414
vn -0.1303 0.9914 0.0102
vn -0.1434 0.9897 -0.0002
vn 0.3699 0.9290 -0.0068
vn -0.1538 0.9881 -0.0076
vn -0.1479 0.9885 -0.0320
vn 0.0846 0.9948 -0.0571
vn 0.0766 0.6311 0.7719
vn 0.2783 -0.0719 0.9578
vn 0.2823 0.1180 0.9521
vn 0.0620 0.1150 -0.9914
vn 0.0393 0.1199 -0.9920
vn 0.1368 0.1056 -0.9850
vn -0.0247 0.1283 -0.9914
vn -0.0205 0.1218 -0.9923
vn 0.0089 0.1258 -0.9920
vn -0.0243 0.1340 -0.9907
vn -0.0306 0.1186 -0.9925
vn -0.0367 0.1185 -0.9923
vn 0.0030 0.1479 -0.9890
vn 0.0021 0.1276 -0.9918
vn -0.0129 0.1229 -0.9923
vn -0.1455 0.1111 -0.9831
vn -0.0971 0.0961 -0.9906
vn -0.0432 0.1242 -0.9913
vn -0.4927 0.0104 -0.8701
vn -0.4502 0.0126 -0.8928
vn 0.0630 0.0559 -0.9964
vn 0.1898 0.0652 -0.9797
vn 0.1303 0.0759 -0.9886
vn 0.0983 0.0135 -0.9951
vt 0.562317 0.639827
vt 0.573220 0.639827
vt 0.573220 0.650729
vt 0.562317 0.650729
vt 0.431482 0.639827
vt 0.442385 0.639827
vt 0.442385 0.650729
vt 0.431482 0.650729
vt 0.453288 0.639827
vt 0.464191 0.639827
vt 0.464191 0.650729
vt 0.453288 0.650729
vt 0.475094 0.639827
vt 0.485997 0.639827
vt 0.485997 0.650729
vt 0.475094 0.650729
vt 0.496900 0.639827
vt 0.507802 0.639827
vt 0.507802 0.650729
vt 0.496900 0.650729
vt 0.518705 0.639827
vt 0.529608 0.639827
vt 0.529608 0.650729
vt 0.518705 0.650729
vt 0.540511 0.639827
vt 0.551414 0.639827
vt 0.551414 0.650729
vt 0.540511 0.650729
vt 0.431482 0.508992
vt 0.442385 0.508992
vt 0.442385 0.519895
vt 0.431482 0.519895
vt 0.431482 0.530798
vt 0.442385 0.530798
vt 0.442385 0.541701
vt 0.431482 0.541701
vt 0.431482 0.552604
vt 0.442385 0.552604
vt 0.442385 0.563507
vt 0.431482 0.563507
vt 0.431482 0.574409
vt 0.442385 0.574409
vt 0.442385 0.585312
vt 0.431482 0.585312
vt 0.431482 0.596215
vt 0.442385 0.596215
vt 0.442385 0.607118
vt 0.431482 0.607118
vt 0.431482 0.618021
vt 0.442385 0.618021
vt 0.442385 0.628924
vt 0.431482 0.628924
vt 0.453288 0.508992
vt 0.464191 0.508992
vt 0.464191 0.519895
vt 0.453288 0.519895
vt 0.453288 0.530798
vt 0.464191 0.530798
vt 0.464191 0.541701
vt 0.453288 0.541701
vt 0.453288 0.552604
vt 0.464191 0.552604
vt 0.464191 0.563507
vt 0.453288 0.563507
vt 0.453288 0.574409
vt 0.464191 0.574409
vt 0.464191 0.585312
vt 0.453288 0.585312
vt 0.453288 0.596215
vt 0.464191 0.596215
vt 0.464191 0.607118
vt 0.453288 0.607118
vt 0.453288 0.618021
vt 0.464191 0.618021
vt 0.464191 0.628924
vt 0.453288 0.628924
vt 0.475094 0.508992
vt 0.485997 0.508992
vt 0.485997 0.519895
vt 0.475094 0.519895
vt 0.475094 0.530798
vt 0.485997 0.530798
vt 0.485997 0.541701
vt 0.475094 0.541701
vt 0.475094 0.552604
vt 0.485997 0.552604
vt 0.485997 0.563507
vt 0.475094 0.563507
vt 0.475094 0.574409
vt 0.485997 0.574409
vt 0.485997 0.585312
vt 0.475094 0.585312
vt 0.475094 0.596215
vt 0.485997 0.596215
vt 0.485997 0.607118
vt 0.475094 0.607118
vt 0.475094 0.618021
vt 0.485997 0.618021
vt 0.485997 0.628924
vt 0.475094 0.628924
vt 0.496900 0.508992
vt 0.507802 0.508992
vt 0.507802 0.519895
vt 0.496900 0.519895
vt 0.496900 0.530798
vt 0.507802 0.530798
vt 0.507802 0.541701
vt 0.496900 0.541701
vt 0.496900 0.552604
vt 0.507802 0.552604
vt 0.507802 0.563507
vt 0.496900 0.563507
vt 0.496900 0.574409
vt 0.507802 0.574409
vt 0.507802 0.585312
vt 0.496900 0.585312
vt 0.496900 0.596215
vt 0.507802 0.596215
vt 0.507802 0.607118
vt 0.496900 0.607118
vt 0.496900 0.618021
vt 0.507802 0.618021
vt 0.507802 0.628924
vt 0.496900 0.628924
vt 0.518705 0.508992
vt 0.529608 0.508992
vt 0.529608 0.519895
vt 0.518705 0.519895
vt 0.518705 0.530798
vt 0.529608 0.530798
vt 0.529608 0.541701
vt 0.518705 0.541701
vt 0.518705 0.552604
vt 0.529608 0.552604
vt 0.529608 0.563507
vt 0.518705 0.563507
vt 0.518705 0.574409
vt 0.529608 0.574409
vt 0.529608 0.585312
vt 0.518705 0.585312
vt 0.518705 0.596215
vt 0.529608 0.596215
vt 0.529608 0.607118
vt 0.518705 0.607118
vt 0.518705 0.618021
vt 0.529608 0.618021
vt 0.529608 0.628924
vt 0.518705 0.628924
vt 0.540511 0.508992
vt 0.551414 0.508992
vt 0.551414 0.519895
vt 0.540511 0.519895
vt 0.540511 0.530798
vt 0.551414 0.530798
vt 0.551414 0.541701
vt 0.540511 0.541701
vt 0.540511 0.552604
vt 0.551414 0.552604
vt 0.551414 0.563507
vt 0.540511 0.563507
vt 0.540511 0.574409
vt 0.551414 0.574409
vt 0.551414 0.585312
vt 0.540511 0.585312
vt 0.540511 0.596215
vt 0.551414 0.596215
vt 0.551414 0.607118
vt 0.540511 0.607118
vt 0.540511 0.618021
vt 0.551414 0.618021
vt 0.551414 0.628924
vt 0.540511 0.628924
vt 0.562317 0.508992
vt 0.573220 0.508992
vt 0.573220 0.519895
vt 0.562317 0.519895
vt 0.562317 0.530798
vt 0.573220 0.530798
vt 0.573220 0.541701
vt 0.562317 0.541701
vt 0.562317 0.552604
vt 0.573220 0.552604
vt 0.573220 0.563507
vt 0.562317 0.563507
vt 0.562317 0.574409
vt 0.573220 0.574409
vt 0.573220 0.585312
vt 0.562317 0.585312
vt 0.562317 0.596215
vt 0.573220 0.596215
vt 0.573220 0.607118
vt 0.562317 0.607118
vt 0.562317 0.618021
vt 0.573220 0.618021
vt 0.573220 0.628924
vt 0.562317 0.628924
vt 0.551414 0.498089
vt 0.562317 0.498089
vt 0.573220 0.498089
vt 0.529608 0.498089
vt 0.540511 0.498089
vt 0.507802 0.498089
vt 0.518705 0.498089
vt 0.485997 0.498089
vt 0.496900 0.498089
vt 0.464191 0.498089
vt 0.475094 0.498089
vt 0.442385 0.498089
vt 0.453288 0.498089
vt 0.420580 0.618021
vt 0.420580 0.628924
vt 0.420580 0.607118
vt 0.420580 0.596215
vt 0.420580 0.585312
vt 0.420580 0.574409
vt 0.420580 0.563507
vt 0.420580 0.552604
vt 0.420580 0.541701
vt 0.420580 0.530798
vt 0.420580 0.519895
vt 0.420580 0.508992
vt 0.420580 0.498089
vt 0.431482 0.498089
vt 0.420580 0.639827
vt 0.420580 0.650729
s 0
usemtl Shop
f 1020/614/426 862/615/426 799/616/426 882/617/426
f 1019/618/427 888/619/427 823/620/427 863/621/427
f 1018/622/428 895/623/428 822/624/428 887/625/428
f 1017/626/429 902/627/429 821/628/429 886/629/429
f 1016/630/430 909/631/430 820/632/430 885/633/430
f 1015/634/431 916/635/431 819/636/431 884/637/431
f 1014/638/432 923/639/432 818/640/432 883/641/432
f 1013/642/433 889/643/433 824/644/433 930/645/433
f 1012/646/434 890/647/434 825/648/434 931/649/434
f 1011/650/435 891/651/435 826/652/435 932/653/435
f 1010/654/436 892/655/436 827/656/436 933/657/436
f 1009/658/437 893/659/437 828/660/437 934/661/437
f 1008/662/438 894/663/438 829/664/438 935/665/438
f 1007/666/439 896/667/439 830/668/439 936/669/439
f 1006/670/440 897/671/440 831/672/440 937/673/440
f 1005/674/441 898/675/441 832/676/441 938/677/441
f 1004/678/442 899/679/442 833/680/442 939/681/442
f 1003/682/443 900/683/443 834/684/443 940/685/443
f 1002/686/444 901/687/444 835/688/444 941/689/444
f 1001/690/445 903/691/445 836/692/445 942/693/445
f 1000/694/446 904/695/446 837/696/446 943/697/446
f 999/698/447 905/699/447 838/700/447 944/701/447
f 998/702/448 906/703/448 839/704/448 945/705/448
f 997/706/449 907/707/449 840/708/449 946/709/449
f 996/710/450 908/711/450 841/712/450 947/713/450
f 995/714/451 910/715/451 842/716/451 948/717/451
f 994/718/452 911/719/452 843/720/452 949/721/452
f 993/722/453 912/723/453 844/724/453 950/725/453
f 992/726/454 913/727/454 845/728/454 951/729/454
f 991/730/455 914/731/455 846/732/455 952/733/455
f 990/734/456 915/735/456 847/736/456 953/737/456
f 989/738/457 917/739/457 848/740/457 954/741/457
f 988/742/458 918/743/458 849/744/458 955/745/458
f 987/746/459 919/747/459 850/748/459 956/749/459
f 986/750/460 920/751/460 851/752/460 957/753/460
f 985/754/461 921/755/461 852/756/461 958/757/461
f 984/758/462 922/759/462 853/760/462 959/761/462
f 983/762/463 924/763/463 854/764/463 960/765/463
f 982/766/464 925/767/464 855/768/464 961/769/464
f 981/770/465 926/771/465 856/772/465 962/773/465
f 980/774/466 927/775/466 857/776/466 963/777/466
f 979/778/467 928/779/467 858/780/467 964/781/467
f 978/782/468 929/783/468 859/784/468 965/785/468
f 977/786/469 876/787/469 812/788/469 966/789/469
f 976/790/470 877/791/470 813/792/470 967/793/470
f 975/794/471 878/795/471 814/796/471 968/797/471
f 974/798/472 879/799/472 815/800/472 969/801/472
f 973/802/473 880/803/473 816/804/473 970/805/473
f 972/806/474 881/807/474 817/808/474 971/809/474
f 929/783/475 972/806/475 971/809/475 859/784/475
f 858/780/476 970/805/476 972/806/476 929/783/476
f 970/805/477 816/804/477 881/807/477 972/806/477
f 928/779/478 973/802/478 970/805/478 858/780/478
f 857/776/479 969/801/479 973/802/479 928/779/479
f 969/801/480 815/800/480 880/803/480 973/802/480
f 927/775/481 974/798/481 969/801/481 857/776/481
f 856/772/482 968/797/482 974/798/482 927/775/482
f 968/797/483 814/796/483 879/799/483 974/798/483
f 926/771/484 975/794/484 968/797/484 856/772/484
f 855/768/485 967/793/485 975/794/485 926/771/485
f 967/793/486 813/792/486 878/795/486 975/794/486
f 925/767/487 976/790/487 967/793/487 855/768/487
f 854/764/488 966/789/488 976/790/488 925/767/488
f 966/789/489 812/788/489 877/791/489 976/790/489
f 924/763/490 977/786/490 966/789/490 854/764/490
f 811/810/491 861/811/491 977/786/491 924/763/491
f 861/811/492 797/812/492 876/787/492 977/786/492
f 922/759/493 978/782/493 965/785/493 853/760/493
f 852/756/494 964/781/494 978/782/494 922/759/494
f 964/781/495 858/780/495 929/783/495 978/782/495
f 921/755/496 979/778/496 964/781/496 852/756/496
f 851/752/497 963/777/497 979/778/497 921/755/497
f 963/777/498 857/776/498 928/779/498 979/778/498
f 920/751/499 980/774/499 963/777/499 851/752/499
f 850/748/500 962/773/500 980/774/500 920/751/500
f 962/773/501 856/772/501 927/775/501 980/774/501
f 919/747/502 981/770/502 962/773/502 850/748/502
f 849/744/503 961/769/503 981/770/503 919/747/503
f 961/769/504 855/768/504 926/771/504 981/770/504
f 918/743/505 982/766/505 961/769/505 849/744/505
f 848/740/506 960/765/506 982/766/506 918/743/506
f 960/765/507 854/764/507 925/767/507 982/766/507
f 917/739/508 983/762/508 960/765/508 848/740/508
f 810/813/509 875/814/509 983/762/509 917/739/509
f 875/814/510 811/810/510 924/763/510 983/762/510
f 915/735/511 984/758/511 959/761/511 847/736/511
f 846/732/512 958/757/512 984/758/512 915/735/512
f 958/757/513 852/756/513 922/759/513 984/758/513
f 914/731/514 985/754/514 958/757/514 846/732/514
f 845/728/515 957/753/515 985/754/515 914/731/515
f 957/753/516 851/752/516 921/755/516 985/754/516
f 913/727/517 986/750/517 957/753/517 845/728/517
f 844/724/518 956/749/518 986/750/518 913/727/518
f 956/749/519 850/748/519 920/751/519 986/750/519
f 912/723/520 987/746/520 956/749/520 844/724/520
f 843/720/521 955/745/521 987/746/521 912/723/521
f 955/745/522 849/744/522 919/747/522 987/746/522
f 911/719/523 988/742/523 955/745/523 843/720/523
f 842/716/524 954/741/524 988/742/524 911/719/524
f 954/741/525 848/740/525 918/743/525 988/742/525
f 910/715/526 989/738/526 954/741/526 842/716/526
f 809/815/527 874/816/527 989/738/527 910/715/527
f 874/816/528 810/813/528 917/739/528 989/738/528
f 908/711/529 990/734/529 953/737/529 841/712/529
f 840/708/530 952/733/530 990/734/530 908/711/530
f 952/733/531 846/732/531 915/735/531 990/734/531
f 907/707/532 991/730/532 952/733/532 840/708/532
f 839/704/533 951/729/533 991/730/533 907/707/533
f 951/729/534 845/728/534 914/731/534 991/730/534
f 906/703/535 992/726/535 951/729/535 839/704/535
f 838/700/536 950/725/536 992/726/536 906/703/536
f 950/725/537 844/724/537 913/727/537 992/726/537
f 905/699/538 993/722/538 950/725/538 838/700/538
f 837/696/539 949/721/539 993/722/539 905/699/539
f 949/721/540 843/720/540 912/723/540 993/722/540
f 904/695/541 994/718/541 949/721/541 837/696/541
f 836/692/542 948/717/542 994/718/542 904/695/542
f 948/717/543 842/716/543 911/719/543 994/718/543
f 903/691/544 995/714/544 948/717/544 836/692/544
f 808/817/545 873/818/545 995/714/545 903/691/545
f 873/818/546 809/815/546 910/715/546 995/714/546
f 901/687/547 996/710/547 947/713/547 835/688/547
f 834/684/548 946/709/548 996/710/548 901/687/548
f 946/709/549 840/708/549 908/711/549 996/710/549
f 900/683/550 997/706/550 946/709/550 834/684/550
f 833/680/551 945/705/551 997/706/551 900/683/551
f 945/705/552 839/704/552 907/707/552 997/706/552
f 899/679/553 998/702/553 945/705/553 833/680/553
f 832/676/554 944/701/554 998/702/554 899/679/554
f 944/701/555 838/700/555 906/703/555 998/702/555
f 898/675/556 999/698/556 944/701/556 832/676/556
f 831/672/557 943/697/557 999/698/557 898/675/557
f 943/697/558 837/696/558 905/699/558 999/698/558
f 897/671/559 1000/694/559 943/697/559 831/672/559
f 830/668/560 942/693/560 1000/694/560 897/671/560
f 942/693/561 836/692/561 904/695/561 1000/694/561
f 896/667/562 1001/690/562 942/693/562 830/668/562
f 807/819/563 872/820/563 1001/690/563 896/667/563
f 872/820/564 808/817/564 903/691/564 1001/690/564
f 894/663/565 1002/686/565 941/689/565 829/664/565
f 828/660/566 940/685/566 1002/686/566 894/663/566
f 940/685/567 834/684/567 901/687/567 1002/686/567
f 893/659/568 1003/682/568 940/685/568 828/660/568
f 827/656/569 939/681/569 1003/682/569 893/659/569
f 939/681/570 833/680/570 900/683/570 1003/682/570
f 892/655/571 1004/678/571 939/681/571 827/656/571
f 826/652/572 938/677/572 1004/678/572 892/655/572
f 938/677/573 832/676/573 899/679/573 1004/678/573
f 891/651/574 1005/674/574 938/677/574 826/652/574
f 825/648/575 937/673/575 1005/674/575 891/651/575
f 937/673/576 831/672/576 898/675/576 1005/674/576
f 890/647/577 1006/670/577 937/673/577 825/648/577
f 824/644/578 936/669/578 1006/670/578 890/647/578
f 936/669/579 830/668/579 897/671/579 1006/670/579
f 889/643/580 1007/666/580 936/669/580 824/644/580
f 806/821/581 871/822/581 1007/666/581 889/643/581
f 871/822/582 807/819/582 896/667/582 1007/666/582
f 865/823/583 1008/662/583 935/665/583 800/824/583
f 801/825/584 934/661/584 1008/662/584 865/823/584
f 934/661/585 828/660/585 894/663/585 1008/662/585
f 866/826/586 1009/658/586 934/661/586 801/825/586
f 802/827/587 933/657/587 1009/658/587 866/826/587
f 933/657/588 827/656/588 893/659/588 1009/658/588
f 867/828/589 1010/654/589 933/657/589 802/827/589
f 803/829/590 932/653/590 1010/654/590 867/828/590
f 932/653/591 826/652/591 892/655/591 1010/654/591
f 868/830/592 1011/650/592 932/653/592 803/829/592
f 804/831/593 931/649/593 1011/650/593 868/830/593
f 931/649/594 825/648/594 891/651/594 1011/650/594
f 869/832/595 1012/646/595 931/649/595 804/831/595
f 805/833/596 930/645/596 1012/646/596 869/832/596
f 930/645/597 824/644/597 890/647/597 1012/646/597
f 860/834/598 1013/642/598 930/645/598 805/833/598
f 796/835/599 870/836/599 1013/642/599 860/834/599
f 870/836/600 806/821/600 889/643/600 1013/642/600
f 916/635/601 1014/638/601 883/641/601 819/636/601
f 853/760/602 965/785/602 1014/638/602 916/635/602
f 965/785/603 859/784/603 923/639/603 1014/638/603
f 909/631/604 1015/634/604 884/637/604 820/632/604
f 847/736/605 959/761/605 1015/634/605 909/631/605
f 959/761/606 853/760/606 916/635/606 1015/634/606
f 902/627/607 1016/630/607 885/633/607 821/628/607
f 841/712/608 953/737/608 1016/630/608 902/627/608
f 953/737/609 847/736/609 909/631/609 1016/630/609
f 895/623/610 1017/626/610 886/629/610 822/624/610
f 835/688/611 947/713/611 1017/626/611 895/623/611
f 947/713/612 841/712/612 902/627/612 1017/626/612
f 888/619/613 1018/622/613 887/625/613 823/620/613
f 829/664/614 941/689/614 1018/622/614 888/619/614
f 941/689/615 835/688/615 895/623/615 1018/622/615
f 864/837/616 1019/618/616 863/621/616 798/838/616
f 800/824/617 935/665/617 1019/618/617 864/837/617
f 935/665/618 829/664/618 888/619/618 1019/618/618
f 923/639/619 1020/614/619 882/617/619 818/640/619
f 859/784/620 971/809/620 1020/614/620 923/639/620
f 971/809/621 817/808/621 862/615/621 1020/614/621
o Cube.023
v -2.277299 -1.535916 0.128299
v -2.277299 1.535916 0.128299
v -2.277299 -1.535916 -0.128299
v -2.277299 1.535916 -0.128299
v -2.020701 -1.535916 0.128299
v -2.020701 1.535916 0.128299
v -2.020701 -1.535916 -0.128299
v -2.020701 1.535916 -0.128299
v -2.277299 0.824985 0.128299
v -2.277299 1.216028 0.128299
v -2.277299 1.061060 -0.056861
v -2.122307 0.927254 0.128299
v -2.277299 -0.806750 -0.128299
v -2.277299 -1.212491 -0.128299
v -2.135837 -1.087111 -0.128299
v -2.277299 -1.099245 0.016807
v -2.020701 -0.862084 0.128299
v -2.020701 -1.224044 0.128299
v -2.020701 -1.152546 -0.004043
v -2.121129 -1.085563 0.128299
v -2.020701 0.406115 0.128299
v -2.020701 0.034405 0.128299
v -2.020701 0.062714 -0.011145
v -2.091070 0.198017 0.128299
v -2.020701 0.796945 -0.128299
v -2.020701 0.444190 -0.128299
v -2.141711 0.571026 -0.128299
v -2.020701 0.571072 -0.034944
vn -1.0000 -0.0000 -0.0000
vn -0.0000 -0.0000 -1.0000
vn 1.0000 -0.0000 -0.0000
vn -0.0000 -0.0000 1.0000
vn -0.0000 -1.0000 -0.0000
vn -0.0000 1.0000 -0.0000
vn -0.3771 0.5716 0.7287
vn -0.8193 -0.4397 0.3680
vn 0.5277 0.5034 -0.6842
vn 0.5806 -0.3110 -0.7524
vn 0.9157 0.3938 0.0800
vn 0.7437 -0.2515 0.6193
vn 0.7716 0.5596 0.3023
vn 0.6781 -0.3047 0.6688
vn -0.5728 0.6462 -0.5043
vn -0.6610 -0.3335 -0.6722
vt 0.469423 0.864455
vt 0.487829 0.864455
vt 0.489670 0.881736
vt 0.490878 0.864455
vt 0.493372 0.864455
vt 0.493372 0.888403
vt 0.475108 0.888403
vt 0.472828 0.874860
vt 0.471945 0.888403
vt 0.469423 0.888403
vt 0.472922 0.901606
vt 0.493372 0.912352
vt 0.487611 0.912352
vt 0.485850 0.901058
vt 0.484861 0.912352
vt 0.469423 0.912352
vt 0.485850 0.921065
vt 0.493372 0.936301
vt 0.484564 0.936301
vt 0.481887 0.923286
vt 0.481666 0.936301
vt 0.474677 0.936301
vt 0.472412 0.923949
vt 0.471855 0.936301
vt 0.469423 0.936301
vt 0.472934 0.945674
vt 0.482941 0.942869
vt 0.493372 0.960250
vt 0.490878 0.960250
vt 0.488627 0.945784
vt 0.487829 0.960250
vt 0.469423 0.960250
vt 0.445474 0.912352
vt 0.445474 0.936301
vt 0.517321 0.912352
vt 0.517321 0.936301
s 0
usemtl Shop
f 1021/839/622 1029/840/622 1031/841/622 1030/842/622 1022/843/622 1024/844/622 1033/845/622 1036/846/622 1034/847/622 1023/848/622
f 1023/848/623 1034/847/623 1035/849/623 1033/845/623 1024/844/623 1028/850/623 1045/851/623 1047/852/623 1046/853/623 1027/854/623
f 1027/854/624 1046/853/624 1048/855/624 1045/851/624 1028/850/624 1026/856/624 1041/857/624 1043/858/624 1042/859/624 1037/860/624 1039/861/624 1038/862/624 1025/863/624
f 1025/863/625 1038/862/625 1040/864/625 1037/860/625 1042/859/625 1044/865/625 1041/857/625 1026/856/625 1022/866/625 1030/867/625 1032/868/625 1029/869/625 1021/870/625
f 1023/871/626 1027/854/626 1025/863/626 1021/872/626
f 1028/850/627 1024/873/627 1022/874/627 1026/856/627
f 1029/869/628 1032/868/628 1031/841/628
f 1030/867/629 1031/841/629 1032/868/629
f 1046/853/630 1047/852/630 1048/855/630
f 1045/851/631 1048/855/631 1047/852/631
f 1042/859/632 1043/858/632 1044/865/632
f 1041/857/633 1044/865/633 1043/858/633
f 1038/862/634 1039/861/634 1040/864/634
f 1037/860/635 1040/864/635 1039/861/635
f 1034/847/636 1036/846/636 1035/849/636
f 1033/845/637 1035/849/637 1036/846/637
o Cube.022
v 3.135649 -1.535916 -0.128299
v 3.135649 1.535916 -0.128299
v 3.135650 -1.535916 0.128299
v 3.135650 1.535916 0.128299
v 2.879052 -1.535916 -0.128299
v 2.879052 1.535916 -0.128299
v 2.879052 -1.535916 0.128299
v 2.879052 1.535916 0.128299
v 3.135649 0.824985 -0.128299
v 3.135649 1.216028 -0.128299
v 3.135650 1.061060 0.056860
v 2.980657 0.927254 -0.128299
v 3.135650 -0.806750 0.128299
v 3.135650 -1.212491 0.128299
v 2.994188 -1.087111 0.128299
v 3.135650 -1.099245 -0.016807
v 2.879052 -0.862084 -0.128299
v 2.879052 -1.224044 -0.128299
v 2.879052 -1.152546 0.004043
v 2.979479 -1.085563 -0.128299
v 2.879052 0.406115 -0.128299
v 2.879052 0.034405 -0.128299
v 2.879052 0.062714 0.011145
v 2.949420 0.198017 -0.128299
v 2.879052 0.796945 0.128299
v 2.879052 0.444190 0.128299
v 3.000061 0.571026 0.128299
v 2.879052 0.571072 0.034944
vn 1.0000 -0.0000 -0.0000
vn -0.0000 -0.0000 1.0000
vn -1.0000 -0.0000 -0.0000
vn -0.0000 -0.0000 -1.0000
vn -0.0000 -1.0000 -0.0000
vn -0.0000 1.0000 -0.0000
vn 0.3771 0.5716 -0.7287
vn 0.8193 -0.4397 -0.3680
vn -0.5277 0.5034 0.6842
vn -0.5806 -0.3110 0.7524
vn -0.9157 0.3938 -0.0800
vn -0.7437 -0.2515 -0.6193
vn -0.7716 0.5596 -0.3023
vn -0.6781 -0.3047 -0.6688
vn 0.5728 0.6462 0.5043
vn 0.6610 -0.3335 0.6722
vt 0.469423 0.864455
vt 0.487829 0.864455
vt 0.489670 0.881736
vt 0.490878 0.864455
vt 0.493372 0.864455
vt 0.493372 0.888403
vt 0.475108 0.888403
vt 0.472828 0.874860
vt 0.471945 0.888403
vt 0.469423 0.888403
vt 0.472922 0.901606
vt 0.493372 0.912352
vt 0.487611 0.912352
vt 0.485850 0.901058
vt 0.484861 0.912352
vt 0.469423 0.912352
vt 0.485850 0.921065
vt 0.493372 0.936301
vt 0.484564 0.936301
vt 0.481887 0.923286
vt 0.481666 0.936301
vt 0.474677 0.936301
vt 0.472412 0.923949
vt 0.471855 0.936301
vt 0.469423 0.936301
vt 0.472934 0.945674
vt 0.482941 0.942869
vt 0.493372 0.960250
vt 0.490878 0.960250
vt 0.488627 0.945784
vt 0.487829 0.960250
vt 0.469423 0.960250
vt 0.445474 0.912352
vt 0.445474 0.936301
vt 0.517321 0.912352
vt 0.517321 0.936301
s 0
usemtl Shop
f 1049/875/638 1057/876/638 1059/877/638 1058/878/638 1050/879/638 1052/880/638 1061/881/638 1064/882/638 1062/883/638 1051/884/638
f 1051/884/639 1062/883/639 1063/885/639 1061/881/639 1052/880/639 1056/886/639 1073/887/639 1075/888/639 1074/889/639 1055/890/639
f 1055/890/640 1074/889/640 1076/891/640 1073/887/640 1056/886/640 1054/892/640 1069/893/640 1071/894/640 1070/895/640 1065/896/640 1067/897/640 1066/898/640 1053/899/640
f 1053/899/641 1066/898/641 1068/900/641 1065/896/641 1070/895/641 1072/901/641 1069/893/641 1054/892/641 1050/902/641 1058/903/641 1060/904/641 1057/905/641 1049/906/641
f 1051/907/642 1055/890/642 1053/899/642 1049/908/642
f 1056/886/643 1052/909/643 1050/910/643 1054/892/643
f 1057/905/644 1060/904/644 1059/877/644
f 1058/903/645 1059/877/645 1060/904/645
f 1074/889/646 1075/888/646 1076/891/646
f 1073/887/647 1076/891/647 1075/888/647
f 1070/895/648 1071/894/648 1072/901/648
f 1069/893/649 1072/901/649 1071/894/649
f 1066/898/650 1067/897/650 1068/900/650
f 1065/896/651 1068/900/651 1067/897/651
f 1062/883/652 1064/882/652 1063/885/652
f 1061/881/653 1063/885/653 1064/882/653
o Cube.024
v -2.277298 1.535916 -2.544512
v -2.277300 -1.535916 -2.544512
v -2.020700 1.535916 -2.544511
v -2.020703 -1.535916 -2.544511
v -2.277298 1.535916 -2.801109
v -2.277300 -1.535916 -2.801109
v -2.020700 1.535916 -2.801109
v -2.020702 -1.535916 -2.801109
v -2.277300 -0.824985 -2.544512
v -2.277300 -1.216028 -2.544512
v -2.092141 -1.061060 -2.544511
v -2.277300 -0.927254 -2.699504
v -2.020701 0.806750 -2.544511
v -2.020701 1.212491 -2.544511
v -2.020701 1.087111 -2.685973
v -2.165807 1.099245 -2.544511
v -2.277299 0.862084 -2.801109
v -2.277298 1.224044 -2.801109
v -2.144957 1.152546 -2.801109
v -2.277299 1.085563 -2.700681
v -2.277300 -0.406115 -2.801109
v -2.277299 -0.034405 -2.801109
v -2.137856 -0.062714 -2.801109
v -2.277299 -0.198017 -2.730741
v -2.020702 -0.796945 -2.801109
v -2.020702 -0.444191 -2.801109
v -2.020702 -0.571026 -2.680100
v -2.114057 -0.571072 -2.801109
vn -0.0000 -0.0000 1.0000
vn 1.0000 -0.0000 -0.0000
vn -0.0000 -0.0000 -1.0000
vn -1.0000 -0.0000 -0.0000
vn -0.0000 1.0000 -0.0000
vn -0.0000 -1.0000 -0.0000
vn -0.7287 -0.5716 0.3771
vn -0.3680 0.4397 0.8193
vn 0.6842 -0.5034 -0.5277
vn 0.7524 0.3110 -0.5806
vn -0.0800 -0.3938 -0.9157
vn -0.6193 0.2515 -0.7437
vn -0.3023 -0.5596 -0.7716
vn -0.6688 0.3047 -0.6781
vn 0.5043 -0.6462 0.5728
vn 0.6722 0.3335 0.6610
vt 0.469423 0.864455
vt 0.487829 0.864455
vt 0.489670 0.881736
vt 0.490878 0.864455
vt 0.493372 0.864455
vt 0.493372 0.888403
vt 0.475108 0.888403
vt 0.472828 0.874860
vt 0.471945 0.888403
vt 0.469423 0.888403
vt 0.472922 0.901606
vt 0.493372 0.912352
vt 0.487611 0.912352
vt 0.485850 0.901058
vt 0.484861 0.912352
vt 0.469423 0.912352
vt 0.485850 0.921065
vt 0.493372 0.936301
vt 0.484564 0.936301
vt 0.481887 0.923286
vt 0.481666 0.936301
vt 0.474677 0.936301
vt 0.472412 0.923949
vt 0.471855 0.936301
vt 0.469423 0.936301
vt 0.472934 0.945674
vt 0.482941 0.942869
vt 0.493372 0.960250
vt 0.490878 0.960250
vt 0.488627 0.945784
vt 0.487829 0.960250
vt 0.469423 0.960250
vt 0.445474 0.912352
vt 0.445474 0.936301
vt 0.517321 0.912352
vt 0.517321 0.936301
s 0
usemtl Shop
f 1077/911/654 1085/912/654 1087/913/654 1086/914/654 1078/915/654 1080/916/654 1089/917/654 1092/918/654 1090/919/654 1079/920/654
f 1079/920/655 1090/919/655 1091/921/655 1089/917/655 1080/916/655 1084/922/655 1101/923/655 1103/924/655 1102/925/655 1083/926/655
f 1083/926/656 1102/925/656 1104/927/656 1101/923/656 1084/922/656 1082/928/656 1097/929/656 1099/930/656 1098/931/656 1093/932/656 1095/933/656 1094/934/656 1081/935/656
f 1081/935/657 1094/934/657 1096/936/657 1093/932/657 1098/931/657 1100/937/657 1097/929/657 1082/928/657 1078/938/657 1086/939/657 1088/940/657 1085/941/657 1077/942/657
f 1079/943/658 1083/926/658 1081/935/658 1077/944/658
f 1084/922/659 1080/945/659 1078/946/659 1082/928/659
f 1085/941/660 1088/940/660 1087/913/660
f 1086/939/661 1087/913/661 1088/940/661
f 1102/925/662 1103/924/662 1104/927/662
f 1101/923/663 1104/927/663 1103/924/663
f 1098/931/664 1099/930/664 1100/937/664
f 1097/929/665 1100/937/665 1099/930/665
f 1094/934/666 1095/933/666 1096/936/666
f 1093/932/667 1096/936/667 1095/933/667
f 1090/919/668 1092/918/668 1091/921/668
f 1089/917/669 1091/921/669 1092/918/669
o Cube.025
v 3.135650 -1.535916 -2.544511
v 3.135650 1.535916 -2.544511
v 2.879052 -1.535916 -2.544512
v 2.879052 1.535916 -2.544512
v 3.135650 -1.535916 -2.801109
v 3.135650 1.535916 -2.801109
v 2.879052 -1.535916 -2.801109
v 2.879052 1.535916 -2.801109
v 3.135650 0.824985 -2.544511
v 3.135650 1.216028 -2.544511
v 2.950490 1.061060 -2.544511
v 3.135650 0.927254 -2.699504
v 2.879052 -0.806750 -2.544512
v 2.879052 -1.212491 -2.544512
v 2.879052 -1.087111 -2.685973
v 3.024157 -1.099245 -2.544511
v 3.135650 -0.862084 -2.801109
v 3.135650 -1.224044 -2.801109
v 3.003308 -1.152546 -2.801109
v 3.135650 -1.085563 -2.700681
v 3.135650 0.406115 -2.801109
v 3.135650 0.034405 -2.801109
v 2.996206 0.062714 -2.801109
v 3.135650 0.198017 -2.730741
v 2.879052 0.796945 -2.801109
v 2.879052 0.444190 -2.801109
v 2.879052 0.571026 -2.680100
v 2.972407 0.571072 -2.801109
vn -0.0000 -0.0000 1.0000
vn -1.0000 -0.0000 -0.0000
vn -0.0000 -0.0000 -1.0000
vn 1.0000 -0.0000 -0.0000
vn -0.0000 -1.0000 -0.0000
vn -0.0000 1.0000 -0.0000
vn 0.7287 0.5716 0.3771
vn 0.3680 -0.4397 0.8193
vn -0.6842 0.5034 -0.5277
vn -0.7524 -0.3110 -0.5806
vn 0.0800 0.3938 -0.9157
vn 0.6193 -0.2515 -0.7437
vn 0.3023 0.5596 -0.7716
vn 0.6688 -0.3047 -0.6781
vn -0.5043 0.6462 0.5728
vn -0.6722 -0.3335 0.6610
vt 0.469423 0.864455
vt 0.487829 0.864455
vt 0.489670 0.881736
vt 0.490878 0.864455
vt 0.493372 0.864455
vt 0.493372 0.888403
vt 0.475108 0.888403
vt 0.472828 0.874860
vt 0.471945 0.888403
vt 0.469423 0.888403
vt 0.472922 0.901606
vt 0.493372 0.912352
vt 0.487611 0.912352
vt 0.485850 0.901058
vt 0.484861 0.912352
vt 0.469423 0.912352
vt 0.485850 0.921065
vt 0.493372 0.936301
vt 0.484564 0.936301
vt 0.481887 0.923286
vt 0.481666 0.936301
vt 0.474677 0.936301
vt 0.472412 0.923949
vt 0.471855 0.936301
vt 0.469423 0.936301
vt 0.472934 0.945674
vt 0.482941 0.942869
vt 0.493372 0.960250
vt 0.490878 0.960250
vt 0.488627 0.945784
vt 0.487829 0.960250
vt 0.469423 0.960250
vt 0.445474 0.912352
vt 0.445474 0.936301
vt 0.517321 0.912352
vt 0.517321 0.936301
s 0
usemtl Shop
f 1105/947/670 1113/948/670 1115/949/670 1114/950/670 1106/951/670 1108/952/670 1117/953/670 1120/954/670 1118/955/670 1107/956/670
f 1107/956/671 1118/955/671 1119/957/671 1117/953/671 1108/952/671 1112/958/671 1129/959/671 1131/960/671 1130/961/671 1111/962/671
f 1111/962/672 1130/961/672 1132/963/672 1129/959/672 1112/958/672 1110/964/672 1125/965/672 1127/966/672 1126/967/672 1121/968/672 1123/969/672 1122/970/672 1109/971/672
f 1109/971/673 1122/970/673 1124/972/673 1121/968/673 1126/967/673 1128/973/673 1125/965/673 1110/964/673 1106/974/673 1114/975/673 1116/976/673 1113/977/673 1105/978/673
f 1107/979/674 1111/962/674 1109/971/674 1105/980/674
f 1112/958/675 1108/981/675 1106/982/675 1110/964/675
f 1113/977/676 1116/976/676 1115/949/676
f 1114/975/677 1115/949/677 1116/976/677
f 1130/961/678 1131/960/678 1132/963/678
f 1129/959/679 1132/963/679 1131/960/679
f 1126/967/680 1127/966/680 1128/973/680
f 1125/965/681 1128/973/681 1127/966/681
f 1122/970/682 1123/969/682 1124/972/682
f 1121/968/683 1124/972/683 1123/969/683
f 1118/955/684 1120/954/684 1119/957/684
f 1117/953/685 1119/957/685 1120/954/685
o Cube.026
v -1.581925 -1.599311 0.433518
v -1.581925 -0.342253 0.433518
v -1.581925 -1.599311 0.222899
v -1.581925 -0.342253 0.222899
v -1.371305 -1.599311 0.433518
v -1.371305 -0.342253 0.433518
v -1.371305 -1.599311 0.222899
v -1.371305 -0.342253 0.222899
vn -1.0000 -0.0000 -0.0000
vn -0.0000 -0.0000 -1.0000
vn 1.0000 -0.0000 -0.0000
vn -0.0000 -0.0000 1.0000
vn -0.0000 -1.0000 -0.0000
vn -0.0000 1.0000 -0.0000
vt 0.469423 0.864455
vt 0.493372 0.864455
vt 0.493372 0.888403
vt 0.469423 0.888403
vt 0.493372 0.912352
vt 0.469423 0.912352
vt 0.493372 0.936301
vt 0.469423 0.936301
vt 0.493372 0.960250
vt 0.469423 0.960250
vt 0.445474 0.912352
vt 0.445474 0.936301
vt 0.517321 0.912352
vt 0.517321 0.936301
s 0
usemtl Shop
f 1133/983/686 1134/984/686 1136/985/686 1135/986/686
f 1135/986/687 1136/985/687 1140/987/687 1139/988/687
f 1139/988/688 1140/987/688 1138/989/688 1137/990/688
f 1137/990/689 1138/989/689 1134/991/689 1133/992/689
f 1135/993/690 1139/988/690 1137/990/690 1133/994/690
f 1140/987/691 1136/995/691 1134/996/691 1138/989/691
o Cube.030
v -1.372570 -1.213385 0.429029
v 2.303331 -1.213385 0.429029
v -1.372570 -0.966571 0.429029
v 2.303331 -0.966571 0.429029
v -1.372570 -1.213385 0.227388
v 2.303331 -1.213385 0.227388
v -1.372570 -0.966571 0.227388
v 2.303331 -0.966571 0.227388
vn -0.0000 -0.0000 1.0000
vn -0.0000 1.0000 -0.0000
vn -0.0000 -0.0000 -1.0000
vn -0.0000 -1.0000 -0.0000
vn -1.0000 -0.0000 -0.0000
vn 1.0000 -0.0000 -0.0000
vt 0.469423 0.864455
vt 0.493372 0.864455
vt 0.493372 0.888403
vt 0.469423 0.888403
vt 0.493372 0.912352
vt 0.469423 0.912352
vt 0.493372 0.936301
vt 0.469423 0.936301
vt 0.493372 0.960250
vt 0.469423 0.960250
vt 0.445474 0.912352
vt 0.445474 0.936301
vt 0.517321 0.912352
vt 0.517321 0.936301
s 0
usemtl Shop
f 1141/997/692 1142/998/692 1144/999/692 1143/1000/692
f 1143/1000/693 1144/999/693 1148/1001/693 1147/1002/693
f 1147/1002/694 1148/1001/694 1146/1003/694 1145/1004/694
f 1145/1004/695 1146/1003/695 1142/1005/695 1141/1006/695
f 1143/1007/696 1147/1002/696 1145/1004/696 1141/1008/696
f 1148/1001/697 1144/1009/697 1142/1010/697 1146/1003/697
o Cube.032
v -1.834571 -0.365739 0.509464
v -1.834571 -0.224530 0.509464
v -1.834571 -0.365739 -0.999845
v -1.834571 -0.224530 -0.999845
v 2.752191 -0.365739 0.509464
v 2.752191 -0.224530 0.509464
v 2.752191 -0.365739 -0.999845
v 2.752191 -0.224530 -0.999845
vn -1.0000 -0.0000 -0.0000
vn -0.0000 -0.0000 -1.0000
vn 1.0000 -0.0000 -0.0000
vn -0.0000 -0.0000 1.0000
vn -0.0000 -1.0000 -0.0000
vn -0.0000 1.0000 -0.0000
vt 0.143251 0.061720
vt 0.167200 0.061720
vt 0.167200 0.085669
vt 0.143251 0.085669
vt 0.167200 0.109618
vt 0.143251 0.109618
vt 0.167200 0.133567
vt 0.143251 0.133567
vt 0.167200 0.157515
vt 0.143251 0.157515
vt 0.119303 0.109618
vt 0.119303 0.133567
vt 0.191149 0.109618
vt 0.191149 0.133567
s 0
usemtl Shop
f 1149/1011/698 1150/1012/698 1152/1013/698 1151/1014/698
f 1151/1014/699 1152/1013/699 1156/1015/699 1155/1016/699
f 1155/1016/700 1156/1015/700 1154/1017/700 1153/1018/700
f 1153/1018/701 1154/1017/701 1150/1019/701 1149/1020/701
f 1151/1021/702 1155/1016/702 1153/1018/702 1149/1022/702
f 1156/1015/703 1152/1023/703 1150/1024/703 1154/1017/703
o Cube.028
v 2.282226 -1.599311 0.433518
v 2.282226 -0.342253 0.433518
v 2.282226 -1.599311 0.222899
v 2.282226 -0.342253 0.222899
v 2.492845 -1.599311 0.433518
v 2.492845 -0.342253 0.433518
v 2.492845 -1.599311 0.222899
v 2.492845 -0.342253 0.222899
vn -1.0000 -0.0000 -0.0000
vn -0.0000 -0.0000 -1.0000
vn 1.0000 -0.0000 -0.0000
vn -0.0000 -0.0000 1.0000
vn -0.0000 -1.0000 -0.0000
vn -0.0000 1.0000 -0.0000
vt 0.469423 0.864455
vt 0.493372 0.864455
vt 0.493372 0.888403
vt 0.469423 0.888403
vt 0.493372 0.912352
vt 0.469423 0.912352
vt 0.493372 0.936301
vt 0.469423 0.936301
vt 0.493372 0.960250
vt 0.469423 0.960250
vt 0.445474 0.912352
vt 0.445474 0.936301
vt 0.517321 0.912352
vt 0.517321 0.936301
s 0
usemtl Shop
f 1157/1025/704 1158/1026/704 1160/1027/704 1159/1028/704
f 1159/1028/705 1160/1027/705 1164/1029/705 1163/1030/705
f 1163/1030/706 1164/1029/706 1162/1031/706 1161/1032/706
f 1161/1032/707 1162/1031/707 1158/1033/707 1157/1034/707
f 1159/1035/708 1163/1030/708 1161/1032/708 1157/1036/708
f 1164/1029/709 1160/1037/709 1158/1038/709 1162/1031/709
o Cube.027
v -1.372570 -1.213385 -0.704596
v 2.303331 -1.213385 -0.704597
v -1.372570 -0.966571 -0.704596
v 2.303331 -0.966571 -0.704597
v -1.372570 -1.213385 -0.906237
v 2.303331 -1.213385 -0.906237
v -1.372570 -0.966571 -0.906237
v 2.303331 -0.966571 -0.906237
vn -0.0000 -0.0000 1.0000
vn -0.0000 1.0000 -0.0000
vn -0.0000 -0.0000 -1.0000
vn -0.0000 -1.0000 -0.0000
vn -1.0000 -0.0000 -0.0000
vn 1.0000 -0.0000 -0.0000
vt 0.469423 0.864455
vt 0.493372 0.864455
vt 0.493372 0.888403
vt 0.469423 0.888403
vt 0.493372 0.912352
vt 0.469423 0.912352
vt 0.493372 0.936301
vt 0.469423 0.936301
vt 0.493372 0.960250
vt 0.469423 0.960250
vt 0.445474 0.912352
vt 0.445474 0.936301
vt 0.517321 0.912352
vt 0.517321 0.936301
s 0
usemtl Shop
f 1165/1039/710 1166/1040/710 1168/1041/710 1167/1042/710
f 1167/1042/711 1168/1041/711 1172/1043/711 1171/1044/711
f 1171/1044/712 1172/1043/712 1170/1045/712 1169/1046/712
f 1169/1046/713 1170/1045/713 1166/1047/713 1165/1048/713
f 1167/1049/714 1171/1044/714 1169/1046/714 1165/1050/714
f 1172/1043/715 1168/1051/715 1166/1052/715 1170/1045/715
o Cube.029
v 2.282226 -1.599311 -0.700107
v 2.282226 -0.342253 -0.700107
v 2.282226 -1.599311 -0.910727
v 2.282226 -0.342253 -0.910727
v 2.492845 -1.599311 -0.700107
v 2.492845 -0.342253 -0.700107
v 2.492845 -1.599311 -0.910727
v 2.492845 -0.342253 -0.910727
vn -1.0000 -0.0000 -0.0000
vn -0.0000 -0.0000 -1.0000
vn 1.0000 -0.0000 -0.0000
vn -0.0000 -0.0000 1.0000
vn -0.0000 -1.0000 -0.0000
vn -0.0000 1.0000 -0.0000
vt 0.469423 0.864455
vt 0.493372 0.864455
vt 0.493372 0.888403
vt 0.469423 0.888403
vt 0.493372 0.912352
vt 0.469423 0.912352
vt 0.493372 0.936301
vt 0.469423 0.936301
vt 0.493372 0.960250
vt 0.469423 0.960250
vt 0.445474 0.912352
vt 0.445474 0.936301
vt 0.517321 0.912352
vt 0.517321 0.936301
s 0
usemtl Shop
f 1173/1053/716 1174/1054/716 1176/1055/716 1175/1056/716
f 1175/1056/717 1176/1055/717 1180/1057/717 1179/1058/717
f 1179/1058/718 1180/1057/718 1178/1059/718 1177/1060/718
f 1177/1060/719 1178/1059/719 1174/1061/719 1173/1062/719
f 1175/1063/720 1179/1058/720 1177/1060/720 1173/1064/720
f 1180/1057/721 1176/1065/721 1174/1066/721 1178/1059/721
o Cube.031
v -1.581925 -1.599311 -0.700107
v -1.581925 -0.342253 -0.700107
v -1.581925 -1.599311 -0.910727
v -1.581925 -0.342253 -0.910727
v -1.371305 -1.599311 -0.700107
v -1.371305 -0.342253 -0.700107
v -1.371305 -1.599311 -0.910727
v -1.371305 -0.342253 -0.910727
vn -1.0000 -0.0000 -0.0000
vn -0.0000 -0.0000 -1.0000
vn 1.0000 -0.0000 -0.0000
vn -0.0000 -0.0000 1.0000
vn -0.0000 -1.0000 -0.0000
vn -0.0000 1.0000 -0.0000
vt 0.469423 0.864455
vt 0.493372 0.864455
vt 0.493372 0.888403
vt 0.469423 0.888403
vt 0.493372 0.912352
vt 0.469423 0.912352
vt 0.493372 0.936301
vt 0.469423 0.936301
vt 0.493372 0.960250
vt 0.469423 0.960250
vt 0.445474 0.912352
vt 0.445474 0.936301
vt 0.517321 0.912352
vt 0.517321 0.936301
s 0
usemtl Shop
f 1181/1067/722 1182/1068/722 1184/1069/722 1183/1070/722
f 1183/1070/723 1184/1069/723 1188/1071/723 1187/1072/723
f 1187/1072/724 1188/1071/724 1186/1073/724 1185/1074/724
f 1185/1074/725 1186/1073/725 1182/1075/725 1181/1076/725
f 1183/1077/726 1187/1072/726 1185/1074/726 1181/1078/726
f 1188/1071/727 1184/1079/727 1182/1080/727 1186/1073/727
o Cube.033
v -2.001502 1.281411 0.082388
v 2.932262 1.281411 0.082388
v -2.001502 1.528224 0.082388
v 2.932262 1.528224 0.082388
v -2.001502 1.281411 -0.119253
v 2.932262 1.281411 -0.119253
v -2.001502 1.528224 -0.119253
v 2.932262 1.528224 -0.119253
vn -0.0000 -0.0000 1.0000
vn -0.0000 1.0000 -0.0000
vn -0.0000 -0.0000 -1.0000
vn -0.0000 -1.0000 -0.0000
vn -1.0000 -0.0000 -0.0000
vn 1.0000 -0.0000 -0.0000
vt 0.469423 0.864455
vt 0.493372 0.864455
vt 0.493372 0.888403
vt 0.469423 0.888403
vt 0.493372 0.912352
vt 0.469423 0.912352
vt 0.493372 0.936301
vt 0.469423 0.936301
vt 0.493372 0.960250
vt 0.469423 0.960250
vt 0.445474 0.912352
vt 0.445474 0.936301
vt 0.517321 0.912352
vt 0.517321 0.936301
s 0
f 1189/1081/728 1190/1082/728 1192/1083/728 1191/1084/728
f 1191/1084/729 1192/1083/729 1196/1085/729 1195/1086/729
f 1195/1086/730 1196/1085/730 1194/1087/730 1193/1088/730
f 1193/1088/731 1194/1087/731 1190/1089/731 1189/1090/731
f 1191/1091/732 1195/1086/732 1193/1088/732 1189/1092/732
f 1196/1085/733 1192/1093/733 1190/1094/733 1194/1087/733
o Cube.035
v -2.058145 1.281411 0.109312
v -2.058146 1.281411 -2.787998
v -2.058145 1.528224 0.109312
v -2.058146 1.528224 -2.787998
v -2.259786 1.281411 0.109312
v -2.259787 1.281411 -2.787998
v -2.259786 1.528224 0.109312
v -2.259787 1.528224 -2.787998
vn 1.0000 -0.0000 -0.0000
vn -0.0000 1.0000 -0.0000
vn -1.0000 -0.0000 -0.0000
vn -0.0000 -1.0000 -0.0000
vn -0.0000 -0.0000 1.0000
vn -0.0000 -0.0000 -1.0000
vt 0.469423 0.864455
vt 0.493372 0.864455
vt 0.493372 0.888403
vt 0.469423 0.888403
vt 0.493372 0.912352
vt 0.469423 0.912352
vt 0.493372 0.936301
vt 0.469423 0.936301
vt 0.493372 0.960250
vt 0.469423 0.960250
vt 0.445474 0.912352
vt 0.445474 0.936301
vt 0.517321 0.912352
vt 0.517321 0.936301
s 0
usemtl Shop
f 1197/1095/734 1198/1096/734 1200/1097/734 1199/1098/734
f 1199/1098/735 1200/1097/735 1204/1099/735 1203/1100/735
f 1203/1100/736 1204/1099/736 1202/1101/736 1201/1102/736
f 1201/1102/737 1202/1101/737 1198/1103/737 1197/1104/737
f 1199/1105/738 1203/1100/738 1201/1102/738 1197/1106/738
f 1204/1099/739 1200/1107/739 1198/1108/739 1202/1101/739
o Cube.036
v 3.099783 1.281411 0.109312
v 3.099782 1.281411 -2.787998
v 3.099783 1.528224 0.109312
v 3.099782 1.528224 -2.787998
v 2.898142 1.281411 0.109312
v 2.898141 1.281411 -2.787998
v 2.898142 1.528224 0.109312
v 2.898141 1.528224 -2.787998
vn 1.0000 -0.0000 -0.0000
vn -0.0000 1.0000 -0.0000
vn -1.0000 -0.0000 -0.0000
vn -0.0000 -1.0000 -0.0000
vn -0.0000 -0.0000 1.0000
vn -0.0000 -0.0000 -1.0000
vt 0.469423 0.864455
vt 0.493372 0.864455
vt 0.493372 0.888403
vt 0.469423 0.888403
vt 0.493372 0.912352
vt 0.469423 0.912352
vt 0.493372 0.936301
vt 0.469423 0.936301
vt 0.493372 0.960250
vt 0.469423 0.960250
vt 0.445474 0.912352
vt 0.445474 0.936301
vt 0.517321 0.912352
vt 0.517321 0.936301
s 0
usemtl Shop
f 1205/1109/740 1206/1110/740 1208/1111/740 1207/1112/740
f 1207/1112/741 1208/1111/741 1212/1113/741 1211/1114/741
f 1211/1114/742 1212/1113/742 1210/1115/742 1209/1116/742
f 1209/1116/743 1210/1115/743 1206/1117/743 1205/1118/743
f 1207/1119/744 1211/1114/744 1209/1116/744 1205/1120/744
f 1212/1113/745 1208/1121/745 1206/1122/745 1210/1115/745
o Cylinder.006
v -3.154795 -0.143787 -2.457967
v -3.154795 0.819362 -2.457967
v -2.825084 -0.143787 -2.361155
v -2.825084 0.819362 -2.361155
v -2.600055 -0.143787 -2.101456
v -2.600055 0.819362 -2.101456
v -2.551151 -0.143787 -1.761324
v -2.551151 0.819362 -1.761324
v -2.693900 -0.143787 -1.448747
v -2.693900 0.819362 -1.448747
v -2.982980 -0.143787 -1.262966
v -2.982980 0.819362 -1.262966
v -3.326611 -0.143787 -1.262966
v -3.326611 0.819362 -1.262966
v -3.615691 -0.143787 -1.448747
v -3.615691 0.819362 -1.448747
v -3.758440 -0.143787 -1.761324
v -3.758440 0.819362 -1.761324
v -3.709536 -0.143787 -2.101456
v -3.709536 0.819362 -2.101456
v -3.484506 -0.143787 -2.361155
v -3.484506 0.819362 -2.361155
v -3.154795 -0.332212 -2.359730
v -2.878196 -0.332212 -2.278512
v -2.878196 1.007787 -2.278512
v -3.154795 1.007787 -2.359730
v -2.689414 -0.332212 -2.060647
v -2.689414 1.007787 -2.060647
v -2.648388 -0.332212 -1.775304
v -2.648388 1.007787 -1.775304
v -2.768143 -0.332212 -1.513078
v -2.768143 1.007787 -1.513078
v -3.010657 -0.332212 -1.357224
v -3.010657 1.007787 -1.357224
v -3.298934 -0.332212 -1.357224
v -3.298934 1.007787 -1.357224
v -3.541448 -0.332212 -1.513078
v -3.541448 1.007787 -1.513078
v -3.661203 -0.332212 -1.775304
v -3.661203 1.007787 -1.775304
v -3.620177 -0.332212 -2.060647
v -3.620177 1.007787 -2.060647
v -3.431395 -0.332212 -2.278512
v -3.431395 1.007787 -2.278512
v -3.154795 0.097000 -2.457967
v -3.154795 0.337788 -2.457967
v -3.154795 0.578575 -2.457967
v -2.825084 0.578575 -2.361155
v -2.825084 0.337787 -2.361155
v -2.825084 0.097000 -2.361155
v -2.600055 0.578575 -2.101456
v -2.600055 0.337787 -2.101456
v -2.600055 0.097000 -2.101456
v -2.551151 0.578575 -1.761324
v -2.551151 0.337787 -1.761324
v -2.551151 0.097000 -1.761324
v -2.693900 0.578575 -1.448747
v -2.693900 0.337787 -1.448747
v -2.693900 0.097000 -1.448747
v -2.982980 0.578575 -1.262966
v -2.982980 0.337787 -1.262966
v -2.982980 0.097000 -1.262966
v -3.326611 0.578575 -1.262966
v -3.326611 0.337787 -1.262966
v -3.326611 0.097000 -1.262966
v -3.615691 0.578575 -1.448747
v -3.615691 0.337787 -1.448747
v -3.615691 0.097000 -1.448747
v -3.758440 0.578575 -1.761324
v -3.758440 0.337787 -1.761324
v -3.758440 0.097000 -1.761324
v -3.709536 0.578575 -2.101456
v -3.709536 0.337787 -2.101456
v -3.709536 0.097000 -2.101456
v -3.484506 0.578575 -2.361155
v -3.484506 0.337787 -2.361155
v -3.484506 0.097000 -2.361155
v -3.154795 -0.143787 -2.488369
v -2.808648 -0.143787 -2.386731
v -2.808648 0.819362 -2.386731
v -3.154795 0.819362 -2.488369
v -3.154795 0.578575 -2.488369
v -2.808648 0.097000 -2.386731
v -2.572400 -0.143787 -2.114086
v -2.572400 0.819362 -2.114086
v -2.572400 0.097000 -2.114086
v -2.521058 -0.143787 -1.756997
v -2.521058 0.819362 -1.756997
v -2.521058 0.097000 -1.756997
v -2.670924 -0.143787 -1.428837
v -2.670924 0.819362 -1.428837
v -2.670924 0.097000 -1.428837
v -2.974415 -0.143787 -1.233795
v -2.974415 0.819362 -1.233795
v -2.974415 0.097000 -1.233795
v -3.335176 -0.143787 -1.233795
v -3.335176 0.819362 -1.233795
v -3.335176 0.097000 -1.233795
v -3.638667 -0.143787 -1.428837
v -3.638667 0.819362 -1.428837
v -3.638667 0.097000 -1.428837
v -3.788533 -0.143787 -1.756997
v -3.788533 0.819362 -1.756997
v -3.788533 0.097000 -1.756997
v -3.737191 -0.143787 -2.114086
v -3.737191 0.819362 -2.114086
v -3.737191 0.097000 -2.114086
v -3.500943 -0.143787 -2.386731
v -3.500943 0.819362 -2.386731
v -3.500943 0.097000 -2.386731
v -3.154795 0.097000 -2.488369
v -2.808648 0.578575 -2.386731
v -2.572400 0.578575 -2.114086
v -2.521058 0.578575 -1.756997
v -2.670924 0.578575 -1.428837
v -2.974415 0.578575 -1.233795
v -3.335176 0.578575 -1.233795
v -3.638667 0.578575 -1.428837
v -3.788533 0.578575 -1.756997
v -3.737191 0.578575 -2.114086
v -3.500943 0.578575 -2.386731
vn -0.0000 -1.0000 -0.0000
vn -0.0000 1.0000 -0.0000
vn 0.2520 -0.4474 -0.8581
vn -0.8135 -0.4474 0.3715
vn 0.8852 0.4474 -0.1273
vn -0.8135 0.4474 0.3715
vn 0.2520 0.4474 -0.8581
vn -0.0000 -0.4474 0.8943
vn -0.2520 -0.4474 -0.8581
vn -0.0000 0.4474 0.8943
vn -0.2520 0.4474 -0.8581
vn 0.8135 -0.4474 0.3715
vn -0.8852 -0.4474 -0.1273
vn 0.8135 0.4474 0.3715
vn -0.8852 0.4474 -0.1273
vn 0.6759 -0.4474 -0.5857
vn -0.4835 -0.4474 0.7524
vn 0.6759 0.4474 -0.5857
vn -0.4835 0.4474 0.7524
vn 0.4835 -0.4474 0.7524
vn -0.6759 -0.4474 -0.5857
vn 0.4835 0.4474 0.7524
vn -0.6759 0.4474 -0.5857
vn 0.8852 -0.4474 -0.1273
vn -0.2817 -0.0000 -0.9595
vn -0.7557 -0.0000 -0.6549
vn -0.9898 -0.0000 -0.1423
vn -0.9096 -0.0000 0.4154
vn -0.5406 -0.0000 0.8413
vn -0.0000 -0.0000 1.0000
vn 0.5406 -0.0000 0.8413
vn 0.9096 -0.0000 0.4154
vn 0.9898 -0.0000 -0.1423
vn 0.7557 -0.0000 -0.6549
vn 0.2817 -0.0000 -0.9595
vt 0.360536 0.068898
vt 0.451445 0.068898
vt 0.955597 0.212648
vt 0.864688 0.212648
vt 0.137415 0.212648
vt 0.046506 0.212648
vt 0.501051 0.087648
vt 0.591960 0.087648
vt 0.178718 0.193898
vt 0.087809 0.193898
vt 0.724172 0.068898
vt 0.815081 0.068898
vt 0.501051 0.212648
vt 0.410142 0.212648
vt 0.137415 0.087648
vt 0.228324 0.087648
vt 0.996900 0.193898
vt 0.905990 0.193898
vt 1.000000 0.500000
vt 0.909091 0.500000
vt 0.633263 0.193898
vt 0.542354 0.193898
vt 0.269627 0.068898
vt 0.363636 0.500000
vt 0.272727 0.500000
vt 0.461790 0.900087
vt 0.410521 0.915141
vt 0.359253 0.900087
vt 0.324262 0.859705
vt 0.316658 0.806816
vt 0.338854 0.758212
vt 0.383805 0.729324
vt 0.437238 0.729324
vt 0.482188 0.758212
vt 0.504385 0.806816
vt 0.496780 0.859705
vt 0.608081 0.915141
vt 0.659349 0.900087
vt 0.694340 0.859705
vt 0.701945 0.806816
vt 0.679748 0.758212
vt 0.634797 0.729324
vt 0.581365 0.729324
vt 0.536414 0.758212
vt 0.514218 0.806816
vt 0.521822 0.859705
vt 0.556813 0.900087
vt 0.661244 0.755069
vt 0.718300 0.755069
vt 0.375961 0.755069
vt 0.433017 0.755069
vt 0.775357 0.755069
vt 0.832414 0.755069
vt 0.545454 0.500000
vt 0.454545 0.500000
vt 0.090909 0.500000
vt -0.000000 0.500000
vt 0.490074 0.755069
vt 0.547130 0.755069
vt 0.204791 0.755069
vt 0.261847 0.755069
vt 0.727273 0.500000
vt 0.636364 0.500000
vt 0.181818 0.500000
vt 0.604187 0.755069
vt 0.318904 0.755069
vt 0.818182 0.500000
vt 0.955597 0.087648
vt 1.046506 0.087648
vt 0.090909 0.625000
vt 0.090909 0.750000
vt -0.000000 0.750000
vt -0.000000 0.625000
vt 0.090909 0.875000
vt -0.000000 0.875000
vt 0.773778 0.212648
vt 0.181818 0.625000
vt 0.181818 0.750000
vt 0.181818 0.875000
vt 0.682869 0.087648
vt 0.272727 0.625000
vt 0.272727 0.750000
vt 0.272727 0.875000
vt 0.269627 0.193898
vt 0.363636 0.625000
vt 0.363636 0.750000
vt 0.363636 0.875000
vt 0.633263 0.068898
vt 0.454545 0.625000
vt 0.454545 0.750000
vt 0.454545 0.875000
vt 0.319233 0.212648
vt 0.545454 0.625000
vt 0.545454 0.750000
vt 0.545454 0.875000
vt 0.319233 0.087648
vt 0.636364 0.625000
vt 0.636364 0.750000
vt 0.636364 0.875000
vt 0.724172 0.193898
vt 0.727273 0.625000
vt 0.727273 0.750000
vt 0.727273 0.875000
vt 0.178718 0.068898
vt 0.818182 0.625000
vt 0.818182 0.750000
vt 0.818182 0.875000
vt 0.682869 0.212648
vt 0.909091 0.625000
vt 0.909091 0.750000
vt 0.909091 0.875000
vt 0.773778 0.087648
vt 1.000000 0.625000
vt 1.000000 0.750000
vt 1.000000 0.875000
vt 0.996900 0.068898
vt 0.905990 0.068898
vt 0.815081 0.193898
vt 0.542354 0.068898
vt 0.451445 0.193898
vt 0.360536 0.193898
vt 0.087809 0.068898
vt -0.003101 0.193898
vt -0.003101 0.068898
vt 0.046506 0.087648
vt 0.228324 0.212648
vt 0.410142 0.087648
vt 0.591960 0.212648
vt 0.864688 0.087648
vt 1.046506 0.212648
s 0
usemtl Barrel
f 1278/1123/746 1275/1124/746 1329/1124/746 1330/1123/746
f 1262/1125/747 1265/1126/747 1298/1126/747 1295/1125/747
f 1289/1127/747 1257/1128/747 1323/1128/747 1322/1127/747
f 1225/1129/746 1223/1130/746 1305/1130/746 1308/1129/746
f 1232/1131/747 1234/1132/747 1321/1132/747 1318/1131/747
f 1266/1133/746 1263/1134/746 1325/1134/746 1326/1133/746
f 1277/1135/747 1280/1136/747 1313/1136/747 1310/1135/747
f 1233/1137/746 1231/1138/746 1317/1138/746 1320/1137/746
f 1214/1139/747 1216/1140/747 1292/1140/747 1293/1139/747
f 1213/1141/748 1215/1142/748 1236/1142/748 1235/1141/748
f 1222/1143/747 1224/1144/747 1306/1144/747 1303/1143/747
f 1281/1145/746 1278/1123/746 1330/1123/746 1331/1145/746
f 1227/1146/749 1229/1147/749 1251/1147/749 1249/1146/749
f 1237/1148/747 1238/1149/747 1256/1150/747 1254/1151/747 1252/1152/747 1250/1153/747 1248/1154/747 1246/1155/747 1244/1156/747 1242/1157/747 1240/1158/747
f 1235/1159/746 1236/1160/746 1239/1161/746 1241/1162/746 1243/1163/746 1245/1164/746 1247/1165/746 1249/1166/746 1251/1167/746 1253/1168/746 1255/1169/746
f 1220/1170/750 1218/1171/750 1240/1171/750 1242/1170/750
f 1230/1172/751 1228/1173/751 1250/1173/751 1252/1172/751
f 1216/1174/752 1214/1175/752 1238/1175/752 1237/1174/752
f 1223/1176/753 1225/1177/753 1247/1177/753 1245/1176/753
f 1233/1178/754 1213/1179/754 1235/1179/754 1255/1178/754
f 1226/1180/755 1224/1181/755 1246/1181/755 1248/1180/755
f 1214/1182/756 1234/1183/756 1256/1183/756 1238/1182/756
f 1219/1184/757 1221/1185/757 1243/1185/757 1241/1184/757
f 1229/1147/758 1231/1186/758 1253/1186/758 1251/1147/758
f 1222/1187/759 1220/1170/759 1242/1170/759 1244/1187/759
f 1232/1188/760 1230/1172/760 1252/1172/760 1254/1188/760
f 1215/1142/761 1217/1189/761 1239/1189/761 1236/1142/761
f 1225/1177/762 1227/1146/762 1249/1146/762 1247/1177/762
f 1218/1171/763 1216/1174/763 1237/1174/763 1240/1171/763
f 1228/1173/764 1226/1180/764 1248/1180/764 1250/1173/764
f 1221/1185/765 1223/1176/765 1245/1176/765 1243/1185/765
f 1231/1186/766 1233/1178/766 1255/1178/766 1253/1186/766
f 1224/1181/767 1222/1187/767 1244/1187/767 1246/1181/767
f 1234/1183/768 1232/1188/768 1254/1188/768 1256/1183/768
f 1217/1189/769 1219/1184/769 1241/1184/769 1239/1189/769
f 1215/1190/746 1213/1191/746 1290/1191/746 1291/1190/746
f 1289/1192/770 1288/1193/770 1258/1194/770 1257/1195/770
f 1288/1193/770 1287/1196/770 1259/1197/770 1258/1194/770
f 1265/1126/747 1268/1198/747 1301/1198/747 1298/1126/747
f 1286/1199/771 1285/1200/771 1288/1193/771 1289/1192/771
f 1285/1200/771 1284/1201/771 1287/1196/771 1288/1193/771
f 1223/1130/746 1221/1202/746 1302/1202/746 1305/1130/746
f 1283/1203/772 1282/1204/772 1285/1200/772 1286/1199/772
f 1282/1204/772 1281/1205/772 1284/1201/772 1285/1200/772
f 1230/1206/747 1232/1131/747 1318/1131/747 1315/1206/747
f 1280/1207/773 1279/1208/773 1282/1204/773 1283/1203/773
f 1279/1208/773 1278/1209/773 1281/1205/773 1282/1204/773
f 1269/1210/746 1266/1133/746 1326/1133/746 1327/1210/746
f 1277/1211/774 1276/1212/774 1279/1208/774 1280/1207/774
f 1276/1212/774 1275/1213/774 1278/1209/774 1279/1208/774
f 1280/1136/747 1283/1214/747 1316/1214/747 1313/1136/747
f 1274/1215/775 1273/1216/775 1276/1212/775 1277/1211/775
f 1273/1216/775 1272/1217/775 1275/1213/775 1276/1212/775
f 1231/1138/746 1229/1218/746 1314/1218/746 1317/1138/746
f 1271/1219/776 1270/1220/776 1273/1216/776 1274/1215/776
f 1270/1220/776 1269/1221/776 1272/1217/776 1273/1216/776
f 1220/1222/747 1222/1143/747 1303/1143/747 1300/1222/747
f 1268/1223/777 1267/1224/777 1270/1220/777 1271/1219/777
f 1267/1224/777 1266/1225/777 1269/1221/777 1270/1220/777
f 1284/1226/746 1281/1145/746 1331/1145/746 1332/1226/746
f 1265/1227/778 1264/1228/778 1267/1224/778 1268/1223/778
f 1264/1228/778 1263/1229/778 1266/1225/778 1267/1224/778
f 1268/1198/747 1271/1230/747 1304/1230/747 1301/1198/747
f 1262/1231/779 1261/1232/779 1264/1228/779 1265/1227/779
f 1261/1232/779 1260/1233/779 1263/1229/779 1264/1228/779
f 1221/1202/746 1219/1234/746 1299/1234/746 1302/1202/746
f 1257/1235/780 1258/1236/780 1261/1232/780 1262/1231/780
f 1258/1236/780 1259/1237/780 1260/1233/780 1261/1232/780
f 1294/1238/780 1293/1139/780 1292/1140/780 1324/1239/780
f 1324/1239/779 1292/1140/779 1297/1240/779 1325/1134/779
f 1325/1134/778 1297/1240/778 1300/1222/778 1326/1133/778
f 1326/1133/777 1300/1222/777 1303/1143/777 1327/1210/777
f 1327/1210/776 1303/1143/776 1306/1144/776 1328/1241/776
f 1328/1241/775 1306/1144/775 1309/1242/775 1329/1124/775
f 1329/1124/774 1309/1242/774 1312/1243/774 1330/1123/774
f 1330/1123/773 1312/1243/773 1315/1206/773 1331/1145/773
f 1331/1145/772 1315/1206/772 1318/1131/772 1332/1226/772
f 1332/1226/771 1318/1131/771 1321/1132/771 1333/1244/771
f 1333/1244/770 1321/1132/770 1293/1245/770 1294/1246/770
f 1320/1137/770 1322/1127/770 1323/1128/770 1290/1247/770
f 1317/1138/771 1319/1248/771 1322/1127/771 1320/1137/771
f 1314/1218/772 1316/1214/772 1319/1248/772 1317/1138/772
f 1311/1249/773 1313/1136/773 1316/1214/773 1314/1218/773
f 1308/1129/774 1310/1135/774 1313/1136/774 1311/1249/774
f 1305/1130/775 1307/1250/775 1310/1135/775 1308/1129/775
f 1302/1202/776 1304/1230/776 1307/1250/776 1305/1130/776
f 1299/1234/777 1301/1198/777 1304/1230/777 1302/1202/777
f 1296/1251/778 1298/1126/778 1301/1198/778 1299/1234/778
f 1291/1190/779 1295/1125/779 1298/1126/779 1296/1251/779
f 1290/1191/780 1323/1252/780 1295/1125/780 1291/1190/780
f 1224/1144/747 1226/1242/747 1309/1242/747 1306/1144/747
f 1217/1251/746 1215/1190/746 1291/1190/746 1296/1251/746
f 1213/1247/746 1233/1137/746 1320/1137/746 1290/1247/746
f 1274/1250/747 1277/1135/747 1310/1135/747 1307/1250/747
f 1259/1246/746 1287/1244/746 1333/1244/746 1294/1246/746
f 1263/1134/746 1260/1239/746 1324/1239/746 1325/1134/746
f 1216/1140/747 1218/1240/747 1297/1240/747 1292/1140/747
f 1234/1132/747 1214/1245/747 1293/1245/747 1321/1132/747
f 1227/1249/746 1225/1129/746 1308/1129/746 1311/1249/746
f 1286/1248/747 1289/1127/747 1322/1127/747 1319/1248/747
f 1257/1252/747 1262/1125/747 1295/1125/747 1323/1252/747
f 1275/1124/746 1272/1241/746 1328/1241/746 1329/1124/746
f 1226/1242/747 1228/1243/747 1312/1243/747 1309/1242/747
f 1219/1234/746 1217/1251/746 1296/1251/746 1299/1234/746
f 1271/1230/747 1274/1250/747 1307/1250/747 1304/1230/747
f 1287/1244/746 1284/1226/746 1332/1226/746 1333/1244/746
f 1260/1239/746 1259/1238/746 1294/1238/746 1324/1239/746
f 1218/1240/747 1220/1222/747 1300/1222/747 1297/1240/747
f 1229/1218/746 1227/1249/746 1311/1249/746 1314/1218/746
f 1283/1214/747 1286/1248/747 1319/1248/747 1316/1214/747
f 1272/1241/746 1269/1210/746 1327/1210/746 1328/1241/746
f 1228/1243/747 1230/1206/747 1315/1206/747 1312/1243/747
o Cube.039
v 1.440255 -0.242081 -0.632818
v 1.440255 -0.126107 -0.632818
v 1.440255 -0.242081 -0.769499
v 1.440255 -0.126107 -0.769499
v 2.593019 -0.242081 -0.632818
v 2.593019 -0.126107 -0.632818
v 2.593019 -0.242081 -0.769499
v 2.593019 -0.126107 -0.769499
vn -1.0000 -0.0000 -0.0000
vn -0.0000 -0.0000 -1.0000
vn 1.0000 -0.0000 -0.0000
vn -0.0000 -0.0000 1.0000
vn -0.0000 -1.0000 -0.0000
vn -0.0000 1.0000 -0.0000
vt 0.067080 0.264845
vt 0.091028 0.264845
vt 0.091028 0.288794
vt 0.067080 0.288794
vt 0.091028 0.312743
vt 0.067080 0.312743
vt 0.091028 0.336692
vt 0.067080 0.336692
vt 0.091028 0.360640
vt 0.067080 0.360640
vt 0.043131 0.312743
vt 0.043131 0.336692
vt 0.114977 0.312743
vt 0.114977 0.336692
s 0
usemtl Shop
f 1334/1253/781 1335/1254/781 1337/1255/781 1336/1256/781
f 1336/1256/782 1337/1255/782 1341/1257/782 1340/1258/782
f 1340/1258/783 1341/1257/783 1339/1259/783 1338/1260/783
f 1338/1260/784 1339/1259/784 1335/1261/784 1334/1262/784
f 1336/1263/785 1340/1258/785 1338/1260/785 1334/1264/785
f 1341/1257/786 1337/1265/786 1335/1266/786 1339/1259/786
o Cube.040
v 1.440255 -0.242081 0.461668
v 1.440255 -0.126107 0.461668
v 1.440255 -0.242081 0.324987
v 1.440255 -0.126107 0.324987
v 2.593019 -0.242081 0.461668
v 2.593019 -0.126107 0.461668
v 2.593019 -0.242081 0.324987
v 2.593019 -0.126107 0.324987
vn -1.0000 -0.0000 -0.0000
vn -0.0000 -0.0000 -1.0000
vn 1.0000 -0.0000 -0.0000
vn -0.0000 -0.0000 1.0000
vn -0.0000 -1.0000 -0.0000
vn -0.0000 1.0000 -0.0000
vt 0.067080 0.264845
vt 0.091028 0.264845
vt 0.091028 0.288794
vt 0.067080 0.288794
vt 0.091028 0.312743
vt 0.067080 0.312743
vt 0.091028 0.336692
vt 0.067080 0.336692
vt 0.091028 0.360640
vt 0.067080 0.360640
vt 0.043131 0.312743
vt 0.043131 0.336692
vt 0.114977 0.312743
vt 0.114977 0.336692
s 0
usemtl Shop
f 1342/1267/787 1343/1268/787 1345/1269/787 1344/1270/787
f 1344/1270/788 1345/1269/788 1349/1271/788 1348/1272/788
f 1348/1272/789 1349/1271/789 1347/1273/789 1346/1274/789
f 1346/1274/790 1347/1273/790 1343/1275/790 1342/1276/790
f 1344/1277/791 1348/1272/791 1346/1274/791 1342/1278/791
f 1349/1271/792 1345/1279/792 1343/1280/792 1347/1273/792
o Cube.041
v 0.077911 -0.242081 0.461668
v 0.077911 -0.126107 0.461668
v 0.077911 -0.242081 0.324987
v 0.077911 -0.126107 0.324987
v 1.230675 -0.242081 0.461668
v 1.230675 -0.126107 0.461668
v 1.230675 -0.242081 0.324987
v 1.230675 -0.126107 0.324987
vn -1.0000 -0.0000 -0.0000
vn -0.0000 -0.0000 -1.0000
vn 1.0000 -0.0000 -0.0000
vn -0.0000 -0.0000 1.0000
vn -0.0000 -1.0000 -0.0000
vn -0.0000 1.0000 -0.0000
vt 0.067080 0.264845
vt 0.091028 0.264845
vt 0.091028 0.288794
vt 0.067080 0.288794
vt 0.091028 0.312743
vt 0.067080 0.312743
vt 0.091028 0.336692
vt 0.067080 0.336692
vt 0.091028 0.360640
vt 0.067080 0.360640
vt 0.043131 0.312743
vt 0.043131 0.336692
vt 0.114977 0.312743
vt 0.114977 0.336692
s 0
usemtl Shop
f 1350/1281/793 1351/1282/793 1353/1283/793 1352/1284/793
f 1352/1284/794 1353/1283/794 1357/1285/794 1356/1286/794
f 1356/1286/795 1357/1285/795 1355/1287/795 1354/1288/795
f 1354/1288/796 1355/1287/796 1351/1289/796 1350/1290/796
f 1352/1291/797 1356/1286/797 1354/1288/797 1350/1292/797
f 1357/1285/798 1353/1293/798 1351/1294/798 1355/1287/798
o Cube.042
v 0.077911 -0.242081 -0.632818
v 0.077911 -0.126107 -0.632818
v 0.077911 -0.242081 -0.769499
v 0.077911 -0.126107 -0.769499
v 1.230675 -0.242081 -0.632818
v 1.230675 -0.126107 -0.632818
v 1.230675 -0.242081 -0.769499
v 1.230675 -0.126107 -0.769499
vn -1.0000 -0.0000 -0.0000
vn -0.0000 -0.0000 -1.0000
vn 1.0000 -0.0000 -0.0000
vn -0.0000 -0.0000 1.0000
vn -0.0000 -1.0000 -0.0000
vn -0.0000 1.0000 -0.0000
vt 0.067080 0.264845
vt 0.091028 0.264845
vt 0.091028 0.288794
vt 0.067080 0.288794
vt 0.091028 0.312743
vt 0.067080 0.312743
vt 0.091028 0.336692
vt 0.067080 0.336692
vt 0.091028 0.360640
vt 0.067080 0.360640
vt 0.043131 0.312743
vt 0.043131 0.336692
vt 0.114977 0.312743
vt 0.114977 0.336692
s 0
usemtl Shop
f 1358/1295/799 1359/1296/799 1361/1297/799 1360/1298/799
f 1360/1298/800 1361/1297/800 1365/1299/800 1364/1300/800
f 1364/1300/801 1365/1299/801 1363/1301/801 1362/1302/801
f 1362/1302/802 1363/1301/802 1359/1303/802 1358/1304/802
f 1360/1305/803 1364/1300/803 1362/1302/803 1358/1306/803
f 1365/1299/804 1361/1307/804 1359/1308/804 1363/1301/804
o Cube.057
v 1.234535 -0.218848 0.298973
v 1.234535 -0.118117 0.308859
v 1.160389 -0.218848 0.298973
v 1.160389 -0.118117 0.308859
v 1.234535 -0.122996 -0.677736
v 1.234535 -0.022265 -0.667850
v 1.160389 -0.122996 -0.677736
v 1.160389 -0.022265 -0.667850
v 0.190867 -0.127942 -0.627336
v 0.190867 -0.027211 -0.617451
v 0.190867 -0.120700 -0.701128
v 0.190867 -0.019969 -0.691243
v 1.172268 -0.127942 -0.627336
v 1.172268 -0.027211 -0.617451
v 1.172268 -0.120700 -0.701128
v 1.172268 -0.019969 -0.691243
v 0.190867 0.003585 -0.614429
v 0.190867 0.104316 -0.604543
v 0.190867 0.010826 -0.688221
v 0.190867 0.111557 -0.678335
v 1.172268 0.003585 -0.614429
v 1.172268 0.104316 -0.604543
v 1.172268 0.010826 -0.688221
v 1.172268 0.111557 -0.678335
v 0.190867 0.003585 -0.614429
v 0.190867 0.104316 -0.604543
v 0.190867 0.010826 -0.688221
v 0.190867 0.111557 -0.678335
v 1.172268 0.003585 -0.614429
v 1.172268 0.104316 -0.604543
v 1.172268 0.010826 -0.688221
v 1.172268 0.111557 -0.678335
v 0.190867 -0.127942 -0.627336
v 0.190867 -0.027211 -0.617451
v 0.190867 -0.120700 -0.701128
v 0.190867 -0.019969 -0.691243
v 1.172268 -0.127942 -0.627336
v 1.172268 -0.027211 -0.617451
v 1.172268 -0.120700 -0.701128
v 1.172268 -0.019969 -0.691243
v 0.190867 0.126123 -0.602403
v 0.190867 0.226854 -0.592518
v 0.190867 0.133365 -0.676195
v 0.190867 0.234096 -0.666310
v 1.172268 0.126123 -0.602403
v 1.172268 0.226854 -0.592517
v 1.172268 0.133365 -0.676195
v 1.172268 0.234096 -0.666309
v 0.190867 0.033449 0.341927
v 0.190867 0.134180 0.351813
v 0.190867 0.040690 0.268135
v 0.190867 0.141421 0.278021
v 1.172268 0.033449 0.341927
v 1.172268 0.134180 0.351813
v 1.172268 0.040690 0.268135
v 1.172268 0.141421 0.278021
v 0.190867 -0.220616 0.316994
v 0.190867 -0.119885 0.326879
v 0.190867 -0.213374 0.243202
v 0.190867 -0.112643 0.253087
v 1.172268 -0.220616 0.316994
v 1.172268 -0.119885 0.326880
v 1.172268 -0.213374 0.243202
v 1.172268 -0.112643 0.253088
v 0.190867 -0.089090 0.329902
v 0.190867 0.011641 0.339787
v 0.190867 -0.081848 0.256110
v 0.190867 0.018883 0.265995
v 1.172268 -0.089090 0.329902
v 1.172268 0.011641 0.339787
v 1.172268 -0.081848 0.256110
v 1.172268 0.018883 0.265995
v 0.190867 -0.089090 0.329902
v 0.190867 0.011641 0.339787
v 0.190867 -0.081848 0.256110
v 0.190867 0.018883 0.265995
v 1.172268 -0.089090 0.329902
v 1.172268 0.011641 0.339787
v 1.172268 -0.081848 0.256110
v 1.172268 0.018883 0.265995
v 0.192209 -0.087321 0.311881
v 0.192209 0.013410 0.321766
v 0.118063 -0.087321 0.311881
v 0.118063 0.013410 0.321766
v 0.192209 0.008531 -0.664828
v 0.192209 0.109262 -0.654943
v 0.118063 0.008531 -0.664828
v 0.118063 0.109262 -0.654943
v 0.192209 -0.087321 0.311881
v 0.192209 0.013410 0.321766
v 0.118063 -0.087321 0.311881
v 0.118063 0.013410 0.321766
v 0.192209 0.008531 -0.664828
v 0.192209 0.109262 -0.654943
v 0.118063 0.008531 -0.664828
v 0.118063 0.109262 -0.654943
v 0.192209 -0.218848 0.298973
v 0.192209 -0.118117 0.308859
v 0.118063 -0.218848 0.298973
v 0.118063 -0.118117 0.308859
v 0.192209 -0.122996 -0.677736
v 0.192209 -0.022265 -0.667850
v 0.118063 -0.122996 -0.677736
v 0.118063 -0.022265 -0.667850
v 0.192209 0.035217 0.323906
v 0.192209 0.135948 0.333792
v 0.118063 0.035217 0.323906
v 0.118063 0.135948 0.333792
v 0.192209 0.131069 -0.652802
v 0.192209 0.231800 -0.642917
v 0.118063 0.131069 -0.652802
v 0.118063 0.231800 -0.642917
v 1.234535 0.035217 0.323906
v 1.234535 0.135948 0.333792
v 1.160389 0.035217 0.323906
v 1.160389 0.135948 0.333792
v 1.234535 0.131069 -0.652802
v 1.234535 0.231800 -0.642917
v 1.160389 0.131069 -0.652802
v 1.160389 0.231800 -0.642917
v 1.234535 -0.087321 0.311881
v 1.234535 0.013410 0.321766
v 1.160389 -0.087321 0.311881
v 1.160389 0.013410 0.321766
v 1.234535 0.008531 -0.664828
v 1.234535 0.109262 -0.654943
v 1.160389 0.008531 -0.664828
v 1.160389 0.109262 -0.654943
v 1.234535 -0.087321 0.311881
v 1.234535 0.013410 0.321766
v 1.160389 -0.087321 0.311881
v 1.160389 0.013410 0.321766
v 1.234535 0.008531 -0.664828
v 1.234535 0.109262 -0.654943
v 1.160389 0.008531 -0.664828
v 1.160389 0.109262 -0.654943
v 1.190828 -0.207180 0.300118
v 1.190828 -0.176699 0.303110
v 0.174843 -0.207180 0.300118
v 0.174843 -0.176699 0.303109
v 1.190828 -0.111328 -0.676591
v 1.190828 -0.080847 -0.673599
v 0.174843 -0.111328 -0.676591
v 0.174843 -0.080847 -0.673599
vn -0.0000 -0.0977 0.9952
vn -1.0000 -0.0000 -0.0000
vn -0.0000 0.0977 -0.9952
vn 1.0000 -0.0000 -0.0000
vn -0.0000 -0.9952 -0.0977
vn -0.0000 0.9952 0.0977
vt 0.078798 0.262892
vt 0.102747 0.262892
vt 0.102747 0.286841
vt 0.078798 0.286841
vt 0.102747 0.310790
vt 0.078798 0.310790
vt 0.102747 0.334739
vt 0.078798 0.334739
vt 0.102747 0.358687
vt 0.078798 0.358687
vt 0.054849 0.310790
vt 0.054849 0.334739
vt 0.126696 0.310790
vt 0.126696 0.334739
s 0
usemtl Shop
f 1366/1309/805 1367/1310/805 1369/1311/805 1368/1312/805
f 1368/1312/806 1369/1311/806 1373/1313/806 1372/1314/806
f 1372/1314/807 1373/1313/807 1371/1315/807 1370/1316/807
f 1370/1316/808 1371/1315/808 1367/1317/808 1366/1318/808
f 1368/1319/809 1372/1314/809 1370/1316/809 1366/1320/809
f 1373/1313/810 1369/1321/810 1367/1322/810 1371/1315/810
f 1374/1309/806 1375/1310/806 1377/1311/806 1376/1312/806
f 1376/1312/807 1377/1311/807 1381/1313/807 1380/1314/807
f 1380/1314/808 1381/1313/808 1379/1315/808 1378/1316/808
f 1378/1316/805 1379/1315/805 1375/1317/805 1374/1318/805
f 1376/1319/809 1380/1314/809 1378/1316/809 1374/1320/809
f 1381/1313/810 1377/1321/810 1375/1322/810 1379/1315/810
f 1382/1309/806 1383/1310/806 1385/1311/806 1384/1312/806
f 1384/1312/807 1385/1311/807 1389/1313/807 1388/1314/807
f 1388/1314/808 1389/1313/808 1387/1315/808 1386/1316/808
f 1386/1316/805 1387/1315/805 1383/1317/805 1382/1318/805
f 1384/1319/809 1388/1314/809 1386/1316/809 1382/1320/809
f 1389/1313/810 1385/1321/810 1383/1322/810 1387/1315/810
f 1390/1309/806 1391/1310/806 1393/1311/806 1392/1312/806
f 1392/1312/807 1393/1311/807 1397/1313/807 1396/1314/807
f 1396/1314/808 1397/1313/808 1395/1315/808 1394/1316/808
f 1394/1316/805 1395/1315/805 1391/1317/805 1390/1318/805
f 1392/1319/809 1396/1314/809 1394/1316/809 1390/1320/809
f 1397/1313/810 1393/1321/810 1391/1322/810 1395/1315/810
f 1398/1309/806 1399/1310/806 1401/1311/806 1400/1312/806
f 1400/1312/807 1401/1311/807 1405/1313/807 1404/1314/807
f 1404/1314/808 1405/1313/808 1403/1315/808 1402/1316/808
f 1402/1316/805 1403/1315/805 1399/1317/805 1398/1318/805
f 1400/1319/809 1404/1314/809 1402/1316/809 1398/1320/809
f 1405/1313/810 1401/1321/810 1399/1322/810 1403/1315/810
f 1406/1309/806 1407/1310/806 1409/1311/806 1408/1312/806
f 1408/1312/807 1409/1311/807 1413/1313/807 1412/1314/807
f 1412/1314/808 1413/1313/808 1411/1315/808 1410/1316/808
f 1410/1316/805 1411/1315/805 1407/1317/805 1406/1318/805
f 1408/1319/809 1412/1314/809 1410/1316/809 1406/1320/809
f 1413/1313/810 1409/1321/810 1407/1322/810 1411/1315/810
f 1414/1309/806 1415/1310/806 1417/1311/806 1416/1312/806
f 1416/1312/807 1417/1311/807 1421/1313/807 1420/1314/807
f 1420/1314/808 1421/1313/808 1419/1315/808 1418/1316/808
f 1418/1316/805 1419/1315/805 1415/1317/805 1414/1318/805
f 1416/1319/809 1420/1314/809 1418/1316/809 1414/1320/809
f 1421/1313/810 1417/1321/810 1415/1322/810 1419/1315/810
f 1422/1309/806 1423/1310/806 1425/1311/806 1424/1312/806
f 1424/1312/807 1425/1311/807 1429/1313/807 1428/1314/807
f 1428/1314/808 1429/1313/808 1427/1315/808 1426/1316/808
f 1426/1316/805 1427/1315/805 1423/1317/805 1422/1318/805
f 1424/1319/809 1428/1314/809 1426/1316/809 1422/1320/809
f 1429/1313/810 1425/1321/810 1423/1322/810 1427/1315/810
f 1430/1309/806 1431/1310/806 1433/1311/806 1432/1312/806
f 1432/1312/807 1433/1311/807 1437/1313/807 1436/1314/807
f 1436/1314/808 1437/1313/808 1435/1315/808 1434/1316/808
f 1434/1316/805 1435/1315/805 1431/1317/805 1430/1318/805
f 1432/1319/809 1436/1314/809 1434/1316/809 1430/1320/809
f 1437/1313/810 1433/1321/810 1431/1322/810 1435/1315/810
f 1438/1309/806 1439/1310/806 1441/1311/806 1440/1312/806
f 1440/1312/807 1441/1311/807 1445/1313/807 1444/1314/807
f 1444/1314/808 1445/1313/808 1443/1315/808 1442/1316/808
f 1442/1316/805 1443/1315/805 1439/1317/805 1438/1318/805
f 1440/1319/809 1444/1314/809 1442/1316/809 1438/1320/809
f 1445/1313/810 1441/1321/810 1439/1322/810 1443/1315/810
f 1446/1309/805 1447/1310/805 1449/1311/805 1448/1312/805
f 1448/1312/806 1449/1311/806 1453/1313/806 1452/1314/806
f 1452/1314/807 1453/1313/807 1451/1315/807 1450/1316/807
f 1450/1316/808 1451/1315/808 1447/1317/808 1446/1318/808
f 1448/1319/809 1452/1314/809 1450/1316/809 1446/1320/809
f 1453/1313/810 1449/1321/810 1447/1322/810 1451/1315/810
f 1454/1309/805 1455/1310/805 1457/1311/805 1456/1312/805
f 1456/1312/806 1457/1311/806 1461/1313/806 1460/1314/806
f 1460/1314/807 1461/1313/807 1459/1315/807 1458/1316/807
f 1458/1316/808 1459/1315/808 1455/1317/808 1454/1318/808
f 1456/1319/809 1460/1314/809 1458/1316/809 1454/1320/809
f 1461/1313/810 1457/1321/810 1455/1322/810 1459/1315/810
f 1462/1309/805 1463/1310/805 1465/1311/805 1464/1312/805
f 1464/1312/806 1465/1311/806 1469/1313/806 1468/1314/806
f 1468/1314/807 1469/1313/807 1467/1315/807 1466/1316/807
f 1466/1316/808 1467/1315/808 1463/1317/808 1462/1318/808
f 1464/1319/809 1468/1314/809 1466/1316/809 1462/1320/809
f 1469/1313/810 1465/1321/810 1463/1322/810 1467/1315/810
f 1470/1309/805 1471/1310/805 1473/1311/805 1472/1312/805
f 1472/1312/806 1473/1311/806 1477/1313/806 1476/1314/806
f 1476/1314/807 1477/1313/807 1475/1315/807 1474/1316/807
f 1474/1316/808 1475/1315/808 1471/1317/808 1470/1318/808
f 1472/1319/809 1476/1314/809 1474/1316/809 1470/1320/809
f 1477/1313/810 1473/1321/810 1471/1322/810 1475/1315/810
f 1478/1309/805 1479/1310/805 1481/1311/805 1480/1312/805
f 1480/1312/806 1481/1311/806 1485/1313/806 1484/1314/806
f 1484/1314/807 1485/1313/807 1483/1315/807 1482/1316/807
f 1482/1316/808 1483/1315/808 1479/1317/808 1478/1318/808
f 1480/1319/809 1484/1314/809 1482/1316/809 1478/1320/809
f 1485/1313/810 1481/1321/810 1479/1322/810 1483/1315/810
f 1486/1309/805 1487/1310/805 1489/1311/805 1488/1312/805
f 1488/1312/806 1489/1311/806 1493/1313/806 1492/1314/806
f 1492/1314/807 1493/1313/807 1491/1315/807 1490/1316/807
f 1490/1316/808 1491/1315/808 1487/1317/808 1486/1318/808
f 1488/1319/809 1492/1314/809 1490/1316/809 1486/1320/809
f 1493/1313/810 1489/1321/810 1487/1322/810 1491/1315/810
f 1494/1309/805 1495/1310/805 1497/1311/805 1496/1312/805
f 1496/1312/806 1497/1311/806 1501/1313/806 1500/1314/806
f 1500/1314/807 1501/1313/807 1499/1315/807 1498/1316/807
f 1498/1316/808 1499/1315/808 1495/1317/808 1494/1318/808
f 1496/1319/809 1500/1314/809 1498/1316/809 1494/1320/809
f 1501/1313/810 1497/1321/810 1495/1322/810 1499/1315/810
f 1502/1309/805 1503/1310/805 1505/1311/805 1504/1312/805
f 1504/1312/806 1505/1311/806 1509/1313/806 1508/1314/806
f 1508/1314/807 1509/1313/807 1507/1315/807 1506/1316/807
f 1506/1316/808 1507/1315/808 1503/1317/808 1502/1318/808
f 1504/1319/809 1508/1314/809 1506/1316/809 1502/1320/809
f 1509/1313/810 1505/1321/810 1503/1322/810 1507/1315/810
o Cube.043
v 2.582377 -0.218848 0.298973
v 2.582377 -0.118117 0.308859
v 2.508231 -0.218848 0.298973
v 2.508231 -0.118117 0.308859
v 2.582378 -0.122996 -0.677736
v 2.582378 -0.022265 -0.667850
v 2.508231 -0.122996 -0.677736
v 2.508231 -0.022265 -0.667850
v 1.538709 -0.127942 -0.627336
v 1.538709 -0.027211 -0.617451
v 1.538709 -0.120700 -0.701128
v 1.538709 -0.019969 -0.691243
v 2.520110 -0.127942 -0.627336
v 2.520110 -0.027211 -0.617451
v 2.520110 -0.120700 -0.701128
v 2.520110 -0.019969 -0.691243
v 1.538709 0.003585 -0.614429
v 1.538709 0.104316 -0.604543
v 1.538709 0.010826 -0.688221
v 1.538709 0.111557 -0.678335
v 2.520110 0.003585 -0.614429
v 2.520110 0.104316 -0.604543
v 2.520110 0.010826 -0.688221
v 2.520110 0.111557 -0.678335
v 1.538709 0.003585 -0.614429
v 1.538709 0.104316 -0.604543
v 1.538709 0.010826 -0.688221
v 1.538709 0.111557 -0.678335
v 2.520110 0.003585 -0.614429
v 2.520110 0.104316 -0.604543
v 2.520110 0.010826 -0.688221
v 2.520110 0.111557 -0.678335
v 1.538709 -0.127942 -0.627336
v 1.538709 -0.027211 -0.617451
v 1.538709 -0.120700 -0.701128
v 1.538709 -0.019969 -0.691243
v 2.520110 -0.127942 -0.627336
v 2.520110 -0.027211 -0.617451
v 2.520110 -0.120700 -0.701128
v 2.520110 -0.019969 -0.691243
v 1.538709 0.126123 -0.602403
v 1.538709 0.226854 -0.592518
v 1.538709 0.133365 -0.676195
v 1.538709 0.234096 -0.666310
v 2.520110 0.126123 -0.602403
v 2.520110 0.226854 -0.592517
v 2.520110 0.133365 -0.676195
v 2.520110 0.234096 -0.666309
v 1.538709 0.033449 0.341927
v 1.538709 0.134180 0.351813
v 1.538709 0.040690 0.268135
v 1.538709 0.141421 0.278021
v 2.520110 0.033449 0.341927
v 2.520110 0.134180 0.351813
v 2.520110 0.040690 0.268135
v 2.520110 0.141421 0.278021
v 1.538709 -0.220616 0.316994
v 1.538709 -0.119885 0.326879
v 1.538709 -0.213374 0.243202
v 1.538709 -0.112643 0.253087
v 2.520110 -0.220616 0.316994
v 2.520110 -0.119885 0.326880
v 2.520110 -0.213374 0.243202
v 2.520110 -0.112643 0.253088
v 1.538709 -0.089090 0.329902
v 1.538709 0.011641 0.339787
v 1.538709 -0.081848 0.256110
v 1.538709 0.018883 0.265995
v 2.520110 -0.089090 0.329902
v 2.520110 0.011641 0.339787
v 2.520110 -0.081848 0.256110
v 2.520110 0.018883 0.265995
v 1.538709 -0.089090 0.329902
v 1.538709 0.011641 0.339787
v 1.538709 -0.081848 0.256110
v 1.538709 0.018883 0.265995
v 2.520110 -0.089090 0.329902
v 2.520110 0.011641 0.339787
v 2.520110 -0.081848 0.256110
v 2.520110 0.018883 0.265995
v 1.540052 -0.087321 0.311881
v 1.540052 0.013410 0.321766
v 1.465905 -0.087321 0.311881
v 1.465905 0.013410 0.321766
v 1.540052 0.008531 -0.664828
v 1.540052 0.109262 -0.654943
v 1.465905 0.008531 -0.664828
v 1.465905 0.109262 -0.654943
v 1.540052 -0.087321 0.311881
v 1.540052 0.013410 0.321766
v 1.465905 -0.087321 0.311881
v 1.465905 0.013410 0.321766
v 1.540052 0.008531 -0.664828
v 1.540052 0.109262 -0.654943
v 1.465905 0.008531 -0.664828
v 1.465905 0.109262 -0.654943
v 1.540052 -0.218848 0.298973
v 1.540052 -0.118117 0.308859
v 1.465905 -0.218848 0.298973
v 1.465905 -0.118117 0.308859
v 1.540052 -0.122996 -0.677736
v 1.540052 -0.022265 -0.667850
v 1.465905 -0.122996 -0.677736
v 1.465905 -0.022265 -0.667850
v 1.540052 0.035217 0.323906
v 1.540052 0.135948 0.333792
v 1.465905 0.035217 0.323906
v 1.465905 0.135948 0.333792
v 1.540052 0.131069 -0.652802
v 1.540052 0.231800 -0.642917
v 1.465905 0.131069 -0.652802
v 1.465905 0.231800 -0.642917
v 2.582378 0.035217 0.323906
v 2.582378 0.135948 0.333792
v 2.508231 0.035217 0.323906
v 2.508231 0.135948 0.333792
v 2.582378 0.131069 -0.652802
v 2.582378 0.231800 -0.642917
v 2.508231 0.131069 -0.652802
v 2.508231 0.231800 -0.642917
v 2.582378 -0.087321 0.311881
v 2.582378 0.013410 0.321766
v 2.508231 -0.087321 0.311881
v 2.508231 0.013410 0.321766
v 2.582378 0.008531 -0.664828
v 2.582378 0.109262 -0.654943
v 2.508231 0.008531 -0.664828
v 2.508231 0.109262 -0.654943
v 2.582378 -0.087321 0.311881
v 2.582378 0.013410 0.321766
v 2.508231 -0.087321 0.311881
v 2.508231 0.013410 0.321766
v 2.582378 0.008531 -0.664828
v 2.582378 0.109262 -0.654943
v 2.508231 0.008531 -0.664828
v 2.508231 0.109262 -0.654943
v 2.538670 -0.207180 0.300118
v 2.538670 -0.176699 0.303110
v 1.522685 -0.207180 0.300118
v 1.522685 -0.176699 0.303109
v 2.538670 -0.111328 -0.676591
v 2.538670 -0.080847 -0.673599
v 1.522685 -0.111328 -0.676591
v 1.522685 -0.080847 -0.673599
vn -0.0000 -0.0977 0.9952
vn -1.0000 -0.0000 -0.0000
vn -0.0000 0.0977 -0.9952
vn 1.0000 -0.0000 -0.0000
vn -0.0000 -0.9952 -0.0977
vn -0.0000 0.9952 0.0977
vt 0.078798 0.262892
vt 0.102747 0.262892
vt 0.102747 0.286841
vt 0.078798 0.286841
vt 0.102747 0.310790
vt 0.078798 0.310790
vt 0.102747 0.334739
vt 0.078798 0.334739
vt 0.102747 0.358687
vt 0.078798 0.358687
vt 0.054849 0.310790
vt 0.054849 0.334739
vt 0.126696 0.310790
vt 0.126696 0.334739
s 0
usemtl Shop
f 1510/1323/811 1511/1324/811 1513/1325/811 1512/1326/811
f 1512/1326/812 1513/1325/812 1517/1327/812 1516/1328/812
f 1516/1328/813 1517/1327/813 1515/1329/813 1514/1330/813
f 1514/1330/814 1515/1329/814 1511/1331/814 1510/1332/814
f 1512/1333/815 1516/1328/815 1514/1330/815 1510/1334/815
f 1517/1327/816 1513/1335/816 1511/1336/816 1515/1329/816
f 1518/1323/812 1519/1324/812 1521/1325/812 1520/1326/812
f 1520/1326/813 1521/1325/813 1525/1327/813 1524/1328/813
f 1524/1328/814 1525/1327/814 1523/1329/814 1522/1330/814
f 1522/1330/811 1523/1329/811 1519/1331/811 1518/1332/811
f 1520/1333/815 1524/1328/815 1522/1330/815 1518/1334/815
f 1525/1327/816 1521/1335/816 1519/1336/816 1523/1329/816
f 1526/1323/812 1527/1324/812 1529/1325/812 1528/1326/812
f 1528/1326/813 1529/1325/813 1533/1327/813 1532/1328/813
f 1532/1328/814 1533/1327/814 1531/1329/814 1530/1330/814
f 1530/1330/811 1531/1329/811 1527/1331/811 1526/1332/811
f 1528/1333/815 1532/1328/815 1530/1330/815 1526/1334/815
f 1533/1327/816 1529/1335/816 1527/1336/816 1531/1329/816
f 1534/1323/812 1535/1324/812 1537/1325/812 1536/1326/812
f 1536/1326/813 1537/1325/813 1541/1327/813 1540/1328/813
f 1540/1328/814 1541/1327/814 1539/1329/814 1538/1330/814
f 1538/1330/811 1539/1329/811 1535/1331/811 1534/1332/811
f 1536/1333/815 1540/1328/815 1538/1330/815 1534/1334/815
f 1541/1327/816 1537/1335/816 1535/1336/816 1539/1329/816
f 1542/1323/812 1543/1324/812 1545/1325/812 1544/1326/812
f 1544/1326/813 1545/1325/813 1549/1327/813 1548/1328/813
f 1548/1328/814 1549/1327/814 1547/1329/814 1546/1330/814
f 1546/1330/811 1547/1329/811 1543/1331/811 1542/1332/811
f 1544/1333/815 1548/1328/815 1546/1330/815 1542/1334/815
f 1549/1327/816 1545/1335/816 1543/1336/816 1547/1329/816
f 1550/1323/812 1551/1324/812 1553/1325/812 1552/1326/812
f 1552/1326/813 1553/1325/813 1557/1327/813 1556/1328/813
f 1556/1328/814 1557/1327/814 1555/1329/814 1554/1330/814
f 1554/1330/811 1555/1329/811 1551/1331/811 1550/1332/811
f 1552/1333/815 1556/1328/815 1554/1330/815 1550/1334/815
f 1557/1327/816 1553/1335/816 1551/1336/816 1555/1329/816
f 1558/1323/812 1559/1324/812 1561/1325/812 1560/1326/812
f 1560/1326/813 1561/1325/813 1565/1327/813 1564/1328/813
f 1564/1328/814 1565/1327/814 1563/1329/814 1562/1330/814
f 1562/1330/811 1563/1329/811 1559/1331/811 1558/1332/811
f 1560/1333/815 1564/1328/815 1562/1330/815 1558/1334/815
f 1565/1327/816 1561/1335/816 1559/1336/816 1563/1329/816
f 1566/1323/812 1567/1324/812 1569/1325/812 1568/1326/812
f 1568/1326/813 1569/1325/813 1573/1327/813 1572/1328/813
f 1572/1328/814 1573/1327/814 1571/1329/814 1570/1330/814
f 1570/1330/811 1571/1329/811 1567/1331/811 1566/1332/811
f 1568/1333/815 1572/1328/815 1570/1330/815 1566/1334/815
f 1573/1327/816 1569/1335/816 1567/1336/816 1571/1329/816
f 1574/1323/812 1575/1324/812 1577/1325/812 1576/1326/812
f 1576/1326/813 1577/1325/813 1581/1327/813 1580/1328/813
f 1580/1328/814 1581/1327/814 1579/1329/814 1578/1330/814
f 1578/1330/811 1579/1329/811 1575/1331/811 1574/1332/811
f 1576/1333/815 1580/1328/815 1578/1330/815 1574/1334/815
f 1581/1327/816 1577/1335/816 1575/1336/816 1579/1329/816
f 1582/1323/812 1583/1324/812 1585/1325/812 1584/1326/812
f 1584/1326/813 1585/1325/813 1589/1327/813 1588/1328/813
f 1588/1328/814 1589/1327/814 1587/1329/814 1586/1330/814
f 1586/1330/811 1587/1329/811 1583/1331/811 1582/1332/811
f 1584/1333/815 1588/1328/815 1586/1330/815 1582/1334/815
f 1589/1327/816 1585/1335/816 1583/1336/816 1587/1329/816
f 1590/1323/811 1591/1324/811 1593/1325/811 1592/1326/811
f 1592/1326/812 1593/1325/812 1597/1327/812 1596/1328/812
f 1596/1328/813 1597/1327/813 1595/1329/813 1594/1330/813
f 1594/1330/814 1595/1329/814 1591/1331/814 1590/1332/814
f 1592/1333/815 1596/1328/815 1594/1330/815 1590/1334/815
f 1597/1327/816 1593/1335/816 1591/1336/816 1595/1329/816
f 1598/1323/811 1599/1324/811 1601/1325/811 1600/1326/811
f 1600/1326/812 1601/1325/812 1605/1327/812 1604/1328/812
f 1604/1328/813 1605/1327/813 1603/1329/813 1602/1330/813
f 1602/1330/814 1603/1329/814 1599/1331/814 1598/1332/814
f 1600/1333/815 1604/1328/815 1602/1330/815 1598/1334/815
f 1605/1327/816 1601/1335/816 1599/1336/816 1603/1329/816
f 1606/1323/811 1607/1324/811 1609/1325/811 1608/1326/811
f 1608/1326/812 1609/1325/812 1613/1327/812 1612/1328/812
f 1612/1328/813 1613/1327/813 1611/1329/813 1610/1330/813
f 1610/1330/814 1611/1329/814 1607/1331/814 1606/1332/814
f 1608/1333/815 1612/1328/815 1610/1330/815 1606/1334/815
f 1613/1327/816 1609/1335/816 1607/1336/816 1611/1329/816
f 1614/1323/811 1615/1324/811 1617/1325/811 1616/1326/811
f 1616/1326/812 1617/1325/812 1621/1327/812 1620/1328/812
f 1620/1328/813 1621/1327/813 1619/1329/813 1618/1330/813
f 1618/1330/814 1619/1329/814 1615/1331/814 1614/1332/814
f 1616/1333/815 1620/1328/815 1618/1330/815 1614/1334/815
f 1621/1327/816 1617/1335/816 1615/1336/816 1619/1329/816
f 1622/1323/811 1623/1324/811 1625/1325/811 1624/1326/811
f 1624/1326/812 1625/1325/812 1629/1327/812 1628/1328/812
f 1628/1328/813 1629/1327/813 1627/1329/813 1626/1330/813
f 1626/1330/814 1627/1329/814 1623/1331/814 1622/1332/814
f 1624/1333/815 1628/1328/815 1626/1330/815 1622/1334/815
f 1629/1327/816 1625/1335/816 1623/1336/816 1627/1329/816
f 1630/1323/811 1631/1324/811 1633/1325/811 1632/1326/811
f 1632/1326/812 1633/1325/812 1637/1327/812 1636/1328/812
f 1636/1328/813 1637/1327/813 1635/1329/813 1634/1330/813
f 1634/1330/814 1635/1329/814 1631/1331/814 1630/1332/814
f 1632/1333/815 1636/1328/815 1634/1330/815 1630/1334/815
f 1637/1327/816 1633/1335/816 1631/1336/816 1635/1329/816
f 1638/1323/811 1639/1324/811 1641/1325/811 1640/1326/811
f 1640/1326/812 1641/1325/812 1645/1327/812 1644/1328/812
f 1644/1328/813 1645/1327/813 1643/1329/813 1642/1330/813
f 1642/1330/814 1643/1329/814 1639/1331/814 1638/1332/814
f 1640/1333/815 1644/1328/815 1642/1330/815 1638/1334/815
f 1645/1327/816 1641/1335/816 1639/1336/816 1643/1329/816
f 1646/1323/811 1647/1324/811 1649/1325/811 1648/1326/811
f 1648/1326/812 1649/1325/812 1653/1327/812 1652/1328/812
f 1652/1328/813 1653/1327/813 1651/1329/813 1650/1330/813
f 1650/1330/814 1651/1329/814 1647/1331/814 1646/1332/814
f 1648/1333/815 1652/1328/815 1650/1330/815 1646/1334/815
f 1653/1327/816 1649/1335/816 1647/1336/816 1651/1329/816
o TropicalFish.004
v 0.961641 -0.006751 -0.354627
v 0.961641 -0.017897 -0.356393
v 0.961641 -0.029043 -0.354627
v 0.961641 -0.039097 -0.349504
v 0.961641 -0.047077 -0.341525
v 0.961641 -0.052200 -0.331470
v 0.966174 0.016406 -0.330507
v 0.970264 0.011283 -0.339692
v 0.973509 0.003304 -0.346982
v 0.975593 -0.006751 -0.351662
v 0.976311 -0.017897 -0.353274
v 0.975593 -0.029043 -0.351662
v 0.973509 -0.039097 -0.346982
v 0.970264 -0.047077 -0.339692
v 0.966174 -0.052200 -0.330507
v 0.969924 0.016406 -0.327782
v 0.977396 0.011283 -0.334510
v 0.983326 0.003304 -0.339850
v 0.987133 -0.006751 -0.343278
v 0.988445 -0.017897 -0.344459
v 0.987133 -0.029043 -0.343278
v 0.983326 -0.039097 -0.339850
v 0.977396 -0.047077 -0.334510
v 0.969924 -0.052200 -0.327782
v 0.972241 0.016406 -0.323769
v 0.981804 0.011283 -0.326876
v 0.989393 0.003304 -0.329341
v 0.994265 -0.006751 -0.330925
v 0.995944 -0.017897 -0.331470
v 0.994265 -0.029043 -0.330925
v 0.989393 -0.039097 -0.329341
v 0.981804 -0.047077 -0.326876
v 0.972241 -0.052200 -0.323769
v 0.972726 0.016406 -0.319159
v 0.982725 0.011283 -0.318108
v 0.990661 0.003304 -0.317274
v 0.995756 -0.006751 -0.316739
v 0.997512 -0.017897 -0.316554
v 0.995756 -0.029043 -0.316739
v 0.990661 -0.039097 -0.317274
v 0.982725 -0.047077 -0.318108
v 0.972726 -0.052200 -0.319159
v 0.971293 0.016406 -0.314752
v 0.980001 0.011283 -0.309724
v 0.986911 0.003304 -0.305735
v 0.991348 -0.006751 -0.303173
v 0.992877 -0.017897 -0.302290
v 0.991348 -0.029043 -0.303173
v 0.986911 -0.039097 -0.305735
v 0.980001 -0.047077 -0.309724
v 0.971293 -0.052200 -0.314752
v 0.968192 0.016406 -0.311307
v 0.974102 0.011283 -0.303173
v 0.978792 0.003304 -0.296717
v 0.981804 -0.006751 -0.292573
v 0.982841 -0.017897 -0.291145
v 0.981804 -0.029043 -0.292573
v 0.978792 -0.039097 -0.296717
v 0.974102 -0.047077 -0.303173
v 0.968192 -0.052200 -0.311307
v 0.963958 0.016406 -0.309422
v 0.966049 0.011283 -0.299587
v 0.967708 0.003304 -0.291782
v 0.968773 -0.006751 -0.286771
v 0.969140 -0.017897 -0.285044
v 0.968773 -0.029043 -0.286771
v 0.967708 -0.039097 -0.291782
v 0.966049 -0.047077 -0.299587
v 0.963958 -0.052200 -0.309422
v 0.959324 0.016406 -0.309422
v 0.957233 0.011283 -0.299587
v 0.955574 0.003304 -0.291782
v 0.954509 -0.006751 -0.286771
v 0.954142 -0.017897 -0.285044
v 0.954509 -0.029043 -0.286771
v 0.955574 -0.039097 -0.291782
v 0.957233 -0.047077 -0.299587
v 0.959324 -0.052200 -0.309422
v 0.961641 -0.053965 -0.320324
v 0.961641 0.018171 -0.320324
v 0.955090 0.016406 -0.311307
v 0.949180 0.011283 -0.303173
v 0.944489 0.003304 -0.296717
v 0.941478 -0.006751 -0.292573
v 0.940440 -0.017897 -0.291145
v 0.941478 -0.029043 -0.292573
v 0.944489 -0.039097 -0.296717
v 0.949180 -0.047077 -0.303173
v 0.955090 -0.052200 -0.311307
v 0.951988 0.016406 -0.314752
v 0.943281 0.011283 -0.309724
v 0.936370 0.003304 -0.305735
v 0.931934 -0.006751 -0.303173
v 0.930405 -0.017897 -0.302290
v 0.931934 -0.029043 -0.303173
v 0.936370 -0.039097 -0.305735
v 0.943281 -0.047077 -0.309724
v 0.951988 -0.052200 -0.314752
v 0.950556 0.016406 -0.319159
v 0.940557 0.011283 -0.318108
v 0.932621 0.003304 -0.317274
v 0.927526 -0.006751 -0.316739
v 0.925770 -0.017897 -0.316554
v 0.927526 -0.029043 -0.316739
v 0.932621 -0.039097 -0.317274
v 0.940557 -0.047077 -0.318108
v 0.950556 -0.052200 -0.319159
v 0.951041 0.016406 -0.323769
v 0.941478 0.011283 -0.326876
v 0.933889 0.003304 -0.329341
v 0.929017 -0.006751 -0.330925
v 0.927338 -0.017897 -0.331470
v 0.929017 -0.029043 -0.330925
v 0.933889 -0.039097 -0.329341
v 0.941478 -0.047077 -0.326876
v 0.951041 -0.052200 -0.323769
v 0.953358 0.016406 -0.327782
v 0.945886 0.011283 -0.334510
v 0.939956 0.003304 -0.339850
v 0.936149 -0.006751 -0.343278
v 0.934837 -0.017897 -0.344459
v 0.936149 -0.029043 -0.343278
v 0.939956 -0.039097 -0.339850
v 0.945886 -0.047077 -0.334510
v 0.953358 -0.052200 -0.327782
v 0.957107 0.016406 -0.330507
v 0.953018 0.011283 -0.339692
v 0.949772 0.003304 -0.346982
v 0.947689 -0.006751 -0.351662
v 0.946971 -0.017897 -0.353274
v 0.947689 -0.029043 -0.351662
v 0.949772 -0.039097 -0.346982
v 0.953018 -0.047077 -0.339692
v 0.957107 -0.052200 -0.330507
v 0.961641 0.016406 -0.331470
v 0.961641 0.011283 -0.341525
v 0.961641 0.003304 -0.349504
v 0.374106 -0.052187 -0.263255
v 0.454426 -0.052187 -0.273161
v 0.374106 -0.067688 -0.249694
v 0.454426 -0.070337 -0.257282
v 0.374106 -0.075936 -0.215354
v 0.454426 -0.079994 -0.217074
v 0.374106 -0.073071 -0.176304
v 0.454426 -0.076640 -0.171351
v 0.374106 -0.060435 -0.150815
v 0.454426 -0.061844 -0.141507
v 0.374106 -0.043939 -0.150815
v 0.454426 -0.042529 -0.141507
v 0.374106 -0.031302 -0.176304
v 0.454426 -0.027734 -0.171351
v 0.374106 -0.028438 -0.215354
v 0.454426 -0.024380 -0.217074
v 0.374106 -0.036686 -0.249694
v 0.454426 -0.034037 -0.257282
v 0.577636 -0.093130 -0.340195
v 0.577636 -0.052187 -0.376016
v 0.577636 -0.114916 -0.249491
v 0.577636 -0.107350 -0.146347
v 0.577636 -0.073972 -0.079025
v 0.577636 -0.030401 -0.079025
v 0.577636 0.002976 -0.146347
v 0.577636 0.010542 -0.249491
v 0.577636 -0.011243 -0.340195
v 0.845248 -0.106232 -0.397235
v 0.845248 -0.052187 -0.444519
v 0.845248 -0.134988 -0.277508
v 0.845248 -0.125001 -0.141359
v 0.845248 -0.080944 -0.052495
v 0.845248 -0.023430 -0.052495
v 0.845248 0.020628 -0.141359
v 0.845248 0.030615 -0.277508
v 0.845248 0.001858 -0.397235
v 0.945356 -0.095110 -0.365374
v 0.945356 -0.052187 -0.402927
v 0.945356 -0.117948 -0.270286
v 0.945356 -0.110017 -0.162155
v 0.945356 -0.075026 -0.091579
v 0.945356 -0.029348 -0.091579
v 0.945356 0.005643 -0.162155
v 0.945356 0.013575 -0.270286
v 0.945356 -0.009264 -0.365374
v 1.041356 -0.073779 -0.284826
v 1.041356 -0.052187 -0.303717
v 1.041356 -0.085268 -0.236993
v 1.041356 -0.081278 -0.182599
v 1.041356 -0.063676 -0.147096
v 1.041356 -0.040698 -0.147096
v 1.041356 -0.023096 -0.182599
v 1.041356 -0.019106 -0.236993
v 1.041356 -0.030595 -0.284826
v 1.094612 -0.059629 -0.225897
v 1.094612 -0.052187 -0.232408
v 1.094612 -0.063589 -0.209410
v 1.094612 -0.062213 -0.190662
v 1.094612 -0.056147 -0.178426
v 1.094612 -0.048227 -0.178426
v 1.094612 -0.042160 -0.190662
v 1.094612 -0.040785 -0.209410
v 1.094612 -0.044745 -0.225897
v 0.205614 -0.052187 -0.370260
v 0.205614 -0.061791 -0.331664
v 0.205614 -0.066901 -0.233935
v 0.205614 -0.065127 -0.122801
v 0.205614 -0.057297 -0.050264
v 0.205614 -0.047077 -0.050264
v 0.205614 -0.039247 -0.122801
v 0.205614 -0.037472 -0.233935
v 0.205614 -0.042583 -0.331664
v 0.709684 -0.001000 -0.394506
v 0.709684 -0.052187 -0.439290
v 0.709684 -0.024951 -0.067994
v 0.709684 0.016778 -0.152160
v 0.709684 -0.130610 -0.281110
v 0.709684 -0.121151 -0.152160
v 0.709684 0.026237 -0.281110
v 0.709684 -0.079423 -0.067994
v 0.709684 -0.103374 -0.394506
v 0.440637 -0.052187 -0.275987
v 0.408559 -0.052187 -0.285708
v 0.386202 -0.052187 -0.379024
v 0.438693 -0.052187 -0.437346
v 0.565059 -0.052187 -0.477200
v 0.725446 -0.052187 -0.489837
v 0.844035 -0.052187 -0.459704
v 0.948044 -0.052187 -0.400409
v 0.500904 -0.052187 -0.237105
v 0.440637 -0.064406 -0.275987
v 0.408559 -0.064406 -0.285708
v 0.386202 -0.064406 -0.379024
v 0.438693 -0.064406 -0.437346
v 0.565059 -0.064406 -0.477200
v 0.725446 -0.064406 -0.489837
v 0.844035 -0.064406 -0.459704
v 0.948044 -0.064406 -0.400409
v 0.500904 -0.064406 -0.237105
v 0.461439 -0.052187 -0.148649
v 0.403116 -0.052187 -0.057666
v 0.406615 -0.052187 -0.093826
v 0.434610 -0.052187 -0.120654
v 0.414780 -0.052187 -0.018007
v 0.470770 -0.052187 0.006489
v 0.527926 -0.052187 -0.007508
v 0.565253 -0.052187 -0.015674
v 0.620076 -0.052187 -0.028505
v 0.660902 -0.052187 -0.063498
v 0.711060 -0.052187 -0.062332
v 0.678399 -0.052187 -0.030838
v 0.653903 -0.052187 -0.004009
v 0.613078 -0.052187 0.012321
v 0.681898 -0.052187 0.013488
v 0.669067 -0.052187 0.034484
v 0.741387 -0.052187 0.005323
v 0.810208 -0.052187 -0.019173
v 0.866198 -0.052187 -0.068164
v 0.461439 -0.044041 -0.148649
v 0.403116 -0.044041 -0.057666
v 0.406615 -0.044041 -0.093826
v 0.434610 -0.044041 -0.120654
v 0.414780 -0.044041 -0.018007
v 0.470770 -0.044041 0.006489
v 0.527926 -0.044041 -0.007508
v 0.565253 -0.044041 -0.015674
v 0.620076 -0.044041 -0.028505
v 0.660902 -0.044041 -0.063498
v 0.711060 -0.044041 -0.062332
v 0.678399 -0.044041 -0.030838
v 0.653903 -0.044041 -0.004009
v 0.613078 -0.044041 0.012321
v 0.681898 -0.044041 0.013488
v 0.669067 -0.044041 0.034484
v 0.741387 -0.044041 0.005323
v 0.810208 -0.044041 -0.019173
v 0.866198 -0.044041 -0.068164
v 0.961641 -0.075331 -0.354627
v 0.961641 -0.086477 -0.356393
v 0.961641 -0.097622 -0.354627
v 0.961641 -0.107677 -0.349504
v 0.961641 -0.115657 -0.341525
v 0.961641 -0.120780 -0.331470
v 0.966174 -0.052174 -0.330506
v 0.970264 -0.057297 -0.339692
v 0.973509 -0.065276 -0.346981
v 0.975593 -0.075331 -0.351662
v 0.976311 -0.086477 -0.353274
v 0.975593 -0.097622 -0.351662
v 0.973509 -0.107677 -0.346981
v 0.970264 -0.115657 -0.339692
v 0.966174 -0.120780 -0.330506
v 0.969924 -0.052174 -0.327782
v 0.977396 -0.057297 -0.334510
v 0.983326 -0.065276 -0.339849
v 0.987133 -0.075331 -0.343278
v 0.988445 -0.086477 -0.344459
v 0.987133 -0.097622 -0.343278
v 0.983326 -0.107677 -0.339849
v 0.977396 -0.115657 -0.334510
v 0.969924 -0.120780 -0.327782
v 0.972241 -0.052174 -0.323769
v 0.981804 -0.057297 -0.326876
v 0.989393 -0.065276 -0.329341
v 0.994265 -0.075331 -0.330925
v 0.995944 -0.086477 -0.331470
v 0.994265 -0.097622 -0.330925
v 0.989393 -0.107677 -0.329341
v 0.981804 -0.115657 -0.326876
v 0.972241 -0.120780 -0.323769
v 0.972726 -0.052174 -0.319159
v 0.982725 -0.057297 -0.318108
v 0.990661 -0.065276 -0.317274
v 0.995756 -0.075331 -0.316739
v 0.997512 -0.086477 -0.316554
v 0.995756 -0.097622 -0.316739
v 0.990661 -0.107677 -0.317274
v 0.982725 -0.115657 -0.318108
v 0.972726 -0.120780 -0.319159
v 0.971293 -0.052174 -0.314752
v 0.980001 -0.057297 -0.309724
v 0.986911 -0.065276 -0.305734
v 0.991348 -0.075331 -0.303173
v 0.992877 -0.086477 -0.302290
v 0.991348 -0.097622 -0.303173
v 0.986911 -0.107677 -0.305734
v 0.980001 -0.115657 -0.309724
v 0.971293 -0.120780 -0.314752
v 0.968192 -0.052174 -0.311307
v 0.974102 -0.057297 -0.303173
v 0.978792 -0.065276 -0.296717
v 0.981804 -0.075331 -0.292573
v 0.982841 -0.086477 -0.291145
v 0.981804 -0.097622 -0.292573
v 0.978792 -0.107677 -0.296717
v 0.974102 -0.115657 -0.303173
v 0.968192 -0.120780 -0.311307
v 0.963958 -0.052174 -0.309422
v 0.966049 -0.057297 -0.299587
v 0.967708 -0.065276 -0.291782
v 0.968773 -0.075331 -0.286771
v 0.969140 -0.086477 -0.285044
v 0.968773 -0.097622 -0.286771
v 0.967708 -0.107677 -0.291782
v 0.966049 -0.115657 -0.299587
v 0.963958 -0.120780 -0.309422
v 0.959324 -0.052174 -0.309422
v 0.957233 -0.057297 -0.299587
v 0.955574 -0.065276 -0.291782
v 0.954509 -0.075331 -0.286771
v 0.954142 -0.086477 -0.285044
v 0.954509 -0.097622 -0.286771
v 0.955574 -0.107677 -0.291782
v 0.957233 -0.115657 -0.299587
v 0.959324 -0.120780 -0.309422
v 0.961641 -0.122545 -0.320324
v 0.961641 -0.050409 -0.320324
v 0.955090 -0.052174 -0.311307
v 0.949180 -0.057297 -0.303173
v 0.944489 -0.065276 -0.296717
v 0.941478 -0.075331 -0.292573
v 0.940440 -0.086477 -0.291145
v 0.941478 -0.097622 -0.292573
v 0.944489 -0.107677 -0.296717
v 0.949180 -0.115657 -0.303173
v 0.955090 -0.120780 -0.311307
v 0.951988 -0.052174 -0.314752
v 0.943281 -0.057297 -0.309724
v 0.936370 -0.065276 -0.305734
v 0.931934 -0.075331 -0.303173
v 0.930405 -0.086477 -0.302290
v 0.931934 -0.097622 -0.303173
v 0.936370 -0.107677 -0.305734
v 0.943281 -0.115657 -0.309724
v 0.951988 -0.120780 -0.314752
v 0.950556 -0.052174 -0.319159
v 0.940557 -0.057297 -0.318108
v 0.932621 -0.065276 -0.317274
v 0.927526 -0.075331 -0.316739
v 0.925770 -0.086477 -0.316554
v 0.927526 -0.097622 -0.316739
v 0.932621 -0.107677 -0.317274
v 0.940557 -0.115657 -0.318108
v 0.950556 -0.120780 -0.319159
v 0.951041 -0.052174 -0.323769
v 0.941478 -0.057297 -0.326876
v 0.933889 -0.065276 -0.329341
v 0.929017 -0.075331 -0.330925
v 0.927338 -0.086477 -0.331470
v 0.929017 -0.097622 -0.330925
v 0.933889 -0.107677 -0.329341
v 0.941478 -0.115657 -0.326876
v 0.951041 -0.120780 -0.323769
v 0.953358 -0.052174 -0.327782
v 0.945886 -0.057297 -0.334510
v 0.939956 -0.065276 -0.339849
v 0.936149 -0.075331 -0.343278
v 0.934837 -0.086477 -0.344459
v 0.936149 -0.097622 -0.343278
v 0.939956 -0.107677 -0.339849
v 0.945886 -0.115657 -0.334510
v 0.953358 -0.120780 -0.327782
v 0.957107 -0.052174 -0.330506
v 0.953018 -0.057297 -0.339692
v 0.949772 -0.065276 -0.346981
v 0.947689 -0.075331 -0.351662
v 0.946971 -0.086477 -0.353274
v 0.947689 -0.097622 -0.351662
v 0.949772 -0.107677 -0.346981
v 0.953018 -0.115657 -0.339692
v 0.957107 -0.120780 -0.330506
v 0.961641 -0.052174 -0.331470
v 0.961641 -0.057297 -0.341525
v 0.961641 -0.065276 -0.349504
vn -0.0000 0.5781 -0.8160
vn -0.0000 0.7992 -0.6011
vn 0.2445 0.7992 -0.5491
vn 0.3319 0.5781 -0.7454
vn -0.0000 -1.0000 -0.0000
vn -0.0000 -0.9448 -0.3276
vn 0.1333 -0.9448 -0.2993
vn -0.0000 -0.5781 -0.8160
vn -0.0000 -0.3031 -0.9530
vn 0.3876 -0.3031 -0.8706
vn 0.3319 -0.5781 -0.7454
vn -0.0000 0.3031 -0.9530
vn 0.3876 0.3031 -0.8706
vn -0.0000 0.9448 -0.3276
vn -0.0000 1.0000 -0.0000
vn 0.1333 0.9448 -0.2993
vn -0.0000 -0.7992 -0.6011
vn 0.2445 -0.7992 -0.5491
vn -0.0000 -0.0000 -1.0000
vn 0.4067 -0.0000 -0.9135
vn 0.4467 0.7992 -0.4022
vn 0.6064 0.5781 -0.5460
vn 0.2435 -0.9448 -0.2192
vn 0.7082 -0.3031 -0.6377
vn 0.6064 -0.5781 -0.5460
vn 0.7082 0.3031 -0.6377
vn 0.2435 0.9448 -0.2192
vn 0.4467 -0.7992 -0.4022
vn 0.7431 -0.0000 -0.6691
vn 0.9511 -0.0000 -0.3090
vn 0.9063 -0.3031 -0.2945
vn 0.5717 0.7992 -0.1857
vn 0.7760 0.5781 -0.2521
vn 0.3116 -0.9448 -0.1012
vn 0.7760 -0.5781 -0.2521
vn 0.9063 0.3031 -0.2945
vn 0.3116 0.9448 -0.1012
vn 0.5717 -0.7992 -0.1857
vn 0.3258 0.9448 0.0342
vn 0.5978 0.7992 0.0628
vn 0.5978 -0.7992 0.0628
vn 0.3258 -0.9448 0.0342
vn 0.9945 -0.0000 0.1045
vn 0.9477 -0.3031 0.0996
vn 0.8115 0.5781 0.0853
vn 0.8115 -0.5781 0.0853
vn 0.9477 0.3031 0.0996
vn 0.7066 -0.5781 0.4080
vn 0.5205 -0.7992 0.3005
vn 0.8253 0.3031 0.4765
vn 0.8660 -0.0000 0.5000
vn 0.2837 0.9448 0.1638
vn 0.5205 0.7992 0.3005
vn 0.2837 -0.9448 0.1638
vn 0.8253 -0.3031 0.4765
vn 0.7066 0.5781 0.4080
vn 0.4796 0.5781 0.6601
vn 0.5601 0.3031 0.7710
vn 0.1926 0.9448 0.2651
vn 0.4796 -0.5781 0.6601
vn 0.3533 -0.7992 0.4863
vn 0.5878 -0.0000 0.8090
vn 0.3533 0.7992 0.4863
vn 0.1926 -0.9448 0.2651
vn 0.5601 -0.3031 0.7710
vn 0.1981 -0.3031 0.9321
vn 0.1696 -0.5781 0.7981
vn 0.1696 0.5781 0.7981
vn 0.1981 0.3031 0.9321
vn 0.0681 0.9448 0.3205
vn 0.1250 -0.7992 0.5879
vn 0.2079 -0.0000 0.9781
vn 0.1250 0.7992 0.5879
vn 0.0681 -0.9448 0.3205
vn -0.1250 0.7992 0.5879
vn -0.1696 0.5781 0.7981
vn -0.0681 -0.9448 0.3205
vn -0.1981 -0.3031 0.9321
vn -0.1696 -0.5781 0.7981
vn -0.1981 0.3031 0.9321
vn -0.0681 0.9448 0.3205
vn -0.1250 -0.7992 0.5879
vn -0.2079 -0.0000 0.9781
vn -0.3533 -0.7992 0.4863
vn -0.1926 -0.9448 0.2651
vn -0.5878 -0.0000 0.8090
vn -0.5601 -0.3031 0.7710
vn -0.3533 0.7992 0.4863
vn -0.4796 0.5781 0.6601
vn -0.4796 -0.5781 0.6601
vn -0.5601 0.3031 0.7710
vn -0.1926 0.9448 0.2651
vn -0.8253 0.3031 0.4765
vn -0.8660 -0.0000 0.5000
vn -0.2837 0.9448 0.1638
vn -0.5205 0.7992 0.3005
vn -0.5205 -0.7992 0.3005
vn -0.2837 -0.9448 0.1638
vn -0.8253 -0.3031 0.4765
vn -0.7066 0.5781 0.4080
vn -0.7066 -0.5781 0.4080
vn -0.3258 0.9448 0.0342
vn -0.8115 -0.5781 0.0853
vn -0.5978 -0.7992 0.0628
vn -0.9477 0.3031 0.0996
vn -0.9945 -0.0000 0.1045
vn -0.5978 0.7992 0.0628
vn -0.3258 -0.9448 0.0342
vn -0.9477 -0.3031 0.0996
vn -0.8115 0.5781 0.0853
vn -0.7760 0.5781 -0.2521
vn -0.9063 0.3031 -0.2945
vn -0.3116 0.9448 -0.1012
vn -0.7760 -0.5781 -0.2521
vn -0.5717 -0.7992 -0.1857
vn -0.9511 -0.0000 -0.3090
vn -0.5717 0.7992 -0.1857
vn -0.3116 -0.9448 -0.1012
vn -0.9063 -0.3031 -0.2945
vn -0.2435 -0.9448 -0.2192
vn -0.7082 -0.3031 -0.6377
vn -0.6064 -0.5781 -0.5460
vn -0.6064 0.5781 -0.5460
vn -0.7082 0.3031 -0.6377
vn -0.2435 0.9448 -0.2192
vn -0.4467 -0.7992 -0.4022
vn -0.7431 -0.0000 -0.6691
vn -0.4467 0.7992 -0.4022
vn -0.4067 -0.0000 -0.9135
vn -0.3876 -0.3031 -0.8706
vn -0.2445 0.7992 -0.5491
vn -0.3319 0.5781 -0.7454
vn -0.1333 -0.9448 -0.2993
vn -0.3319 -0.5781 -0.7454
vn -0.3876 0.3031 -0.8706
vn -0.1333 0.9448 -0.2993
vn -0.2445 -0.7992 -0.5491
vn -0.0924 -0.6556 -0.7494
vn -0.0541 -0.9709 -0.2332
vn -0.0488 -0.9961 0.0731
vn -0.0670 -0.8939 0.4432
vn -0.1151 -0.0000 0.9934
vn -0.0670 0.8939 0.4432
vn -0.0488 0.9961 0.0731
vn -0.5320 -0.5576 -0.6373
vn -0.0541 0.9709 -0.2332
vn -0.0924 0.6556 -0.7494
vn -0.0471 -0.9984 0.0308
vn -0.0290 0.6582 -0.7523
vn -0.2547 -0.9644 0.0707
vn -0.3194 -0.9214 -0.2213
vn -0.5320 0.5576 -0.6373
vn -0.3194 0.9214 -0.2213
vn -0.2547 0.9644 0.0707
vn -0.2991 0.8549 0.4239
vn -0.4523 -0.0000 0.8919
vn -0.2991 -0.8549 0.4239
vn 0.1794 0.9566 -0.2298
vn -0.0607 0.8943 0.4434
vn -0.0341 -0.9967 0.0731
vn -0.0341 0.9967 0.0731
vn -0.0607 -0.8943 0.4434
vn -0.0290 -0.6582 -0.7523
vn -0.0252 0.9720 -0.2335
vn -0.1136 -0.0000 0.9935
vn -0.0252 -0.9720 -0.2335
vn 0.2997 -0.9515 0.0698
vn 0.3637 -0.0000 0.9315
vn 0.1794 -0.9566 -0.2298
vn 0.2984 0.6285 -0.7183
vn 0.2208 0.8738 0.4332
vn 0.1623 -0.9841 0.0722
vn 0.1623 0.9841 0.0722
vn 0.2208 -0.8738 0.4332
vn 0.2984 -0.6285 -0.7183
vn 0.4591 -0.8638 -0.2075
vn 0.2997 0.9515 0.0698
vn 0.3410 -0.8422 0.4176
vn 0.6139 -0.5198 -0.5941
vn 0.3809 0.8990 -0.2159
vn 0.5006 -0.0000 0.8657
vn 0.3809 -0.8990 -0.2159
vn 0.6139 0.5198 -0.5941
vn 0.3410 0.8422 0.4176
vn 1.0000 -0.0000 -0.0000
vn 0.7098 0.4638 -0.5301
vn 0.3617 0.8353 0.4141
vn 0.3454 -0.9359 0.0687
vn 0.3454 0.9359 0.0687
vn 0.3617 -0.8353 0.4141
vn 0.7098 -0.4638 -0.5301
vn 0.4591 0.8638 -0.2075
vn 0.5071 -0.0000 0.8619
vn -1.0000 -0.0000 -0.0000
vn -0.0141 -0.9948 -0.1006
vn 0.2218 0.8786 -0.4229
vn -0.0141 0.9948 -0.1006
vn -0.0471 0.9984 0.0308
vn 0.0611 0.9771 0.2040
vn 0.5125 -0.0000 0.8587
vn 0.0611 -0.9771 0.2040
vn 0.2218 -0.8786 -0.4229
vn -0.1690 -0.9584 -0.2302
vn -0.0832 -0.0000 0.9965
vn -0.1690 0.9584 -0.2302
vn -0.3392 -0.6194 -0.7080
vn -0.0739 -0.8935 0.4430
vn -0.1005 0.9923 0.0728
vn -0.1005 -0.9923 0.0728
vn -0.0739 0.8935 0.4430
vn -0.3392 0.6194 -0.7080
vn -0.2900 -0.0000 0.9570
vn -0.9725 -0.0000 0.2330
vn -0.7433 -0.0000 -0.6690
vn -0.3008 -0.0000 -0.9537
vn -0.0785 -0.0000 -0.9969
vn 0.2463 -0.0000 -0.9692
vn 0.4953 -0.0000 -0.8687
vn -0.5421 -0.0000 0.8403
vn 0.3431 -0.0000 0.9393
vn -0.4008 -0.0000 0.9162
vn -0.9594 -0.0000 0.2822
vn -0.9953 -0.0000 -0.0963
vn -0.6919 -0.0000 -0.7220
vn -0.7220 -0.0000 -0.6919
vn 0.2379 -0.0000 0.9713
vn 0.2137 -0.0000 0.9769
vn 0.2279 -0.0000 0.9737
vn 0.6508 -0.0000 0.7593
vn -0.0232 -0.0000 0.9997
vn -0.6941 -0.0000 -0.7198
vn -0.7385 -0.0000 -0.6743
vn -0.3714 -0.0000 -0.9285
vn -0.0169 -0.0000 0.9999
vn -0.8533 -0.0000 -0.5214
vn 0.3740 -0.0000 0.9274
vn 0.3353 -0.0000 0.9421
vn 0.6585 -0.0000 0.7526
vn 0.1950 -0.0000 -0.9808
vt 0.441539 0.925676
vt 0.441539 0.934502
vt 0.435656 0.934502
vt 0.435656 0.925676
vt 0.438597 0.863896
vt 0.441539 0.872722
vt 0.435656 0.872722
vt 0.441539 0.890373
vt 0.441539 0.899199
vt 0.435656 0.899199
vt 0.435656 0.890373
vt 0.441539 0.916850
vt 0.435656 0.916850
vt 0.441539 0.943327
vt 0.438597 0.952153
vt 0.435656 0.943327
vt 0.441539 0.881548
vt 0.435656 0.881548
vt 0.441539 0.908025
vt 0.435656 0.908025
vt 0.429772 0.934502
vt 0.429772 0.925676
vt 0.432714 0.863896
vt 0.429772 0.872722
vt 0.429772 0.899199
vt 0.429772 0.890373
vt 0.429772 0.916850
vt 0.432714 0.952153
vt 0.429772 0.943327
vt 0.429772 0.881548
vt 0.429772 0.908025
vt 0.423888 0.908025
vt 0.423888 0.899199
vt 0.423888 0.934502
vt 0.423888 0.925676
vt 0.426830 0.863896
vt 0.423888 0.872722
vt 0.423888 0.890373
vt 0.423888 0.916850
vt 0.426830 0.952153
vt 0.423888 0.943327
vt 0.423888 0.881548
vt 0.418004 0.943327
vt 0.418004 0.934502
vt 0.418004 0.881548
vt 0.418004 0.872722
vt 0.418004 0.908025
vt 0.418004 0.899199
vt 0.418004 0.925676
vt 0.420946 0.863896
vt 0.418004 0.890373
vt 0.418004 0.916850
vt 0.420946 0.952153
vt 0.412120 0.890373
vt 0.412120 0.881548
vt 0.412120 0.916850
vt 0.412120 0.908025
vt 0.412120 0.943327
vt 0.412120 0.934502
vt 0.412120 0.872722
vt 0.412120 0.899199
vt 0.412120 0.925676
vt 0.415062 0.863896
vt 0.415062 0.952153
vt 0.406237 0.925676
vt 0.406237 0.916850
vt 0.409179 0.952153
vt 0.406237 0.943327
vt 0.406237 0.890373
vt 0.406237 0.881548
vt 0.406237 0.908025
vt 0.406237 0.934502
vt 0.406237 0.872722
vt 0.406237 0.899199
vt 0.409179 0.863896
vt 0.400353 0.899199
vt 0.400353 0.890373
vt 0.400353 0.925676
vt 0.400353 0.916850
vt 0.403295 0.952153
vt 0.400353 0.943327
vt 0.400353 0.881548
vt 0.400353 0.908025
vt 0.400353 0.934502
vt 0.400353 0.872722
vt 0.403295 0.863896
vt 0.394469 0.934502
vt 0.394469 0.925676
vt 0.397411 0.863896
vt 0.394469 0.872722
vt 0.394469 0.899199
vt 0.394469 0.890373
vt 0.394469 0.916850
vt 0.397411 0.952153
vt 0.394469 0.943327
vt 0.394469 0.881548
vt 0.394469 0.908025
vt 0.388585 0.881548
vt 0.388585 0.872722
vt 0.388585 0.908025
vt 0.388585 0.899199
vt 0.388585 0.934502
vt 0.388585 0.925676
vt 0.391527 0.863896
vt 0.388585 0.890373
vt 0.388585 0.916850
vt 0.391527 0.952153
vt 0.388585 0.943327
vt 0.382701 0.916850
vt 0.382701 0.908025
vt 0.382701 0.943327
vt 0.382701 0.934502
vt 0.382701 0.881548
vt 0.382701 0.872722
vt 0.382701 0.899199
vt 0.382701 0.925676
vt 0.385643 0.863896
vt 0.382701 0.890373
vt 0.385643 0.952153
vt 0.379760 0.952153
vt 0.376818 0.943327
vt 0.376818 0.890373
vt 0.376818 0.881548
vt 0.376818 0.916850
vt 0.376818 0.908025
vt 0.376818 0.934502
vt 0.376818 0.872722
vt 0.376818 0.899199
vt 0.376818 0.925676
vt 0.379760 0.863896
vt 0.465074 0.916850
vt 0.465074 0.925676
vt 0.459191 0.925676
vt 0.459191 0.916850
vt 0.465074 0.943327
vt 0.462133 0.952153
vt 0.459191 0.943327
vt 0.465074 0.881548
vt 0.465074 0.890373
vt 0.459191 0.890373
vt 0.459191 0.881548
vt 0.465074 0.908025
vt 0.459191 0.908025
vt 0.465074 0.934502
vt 0.459191 0.934502
vt 0.465074 0.872722
vt 0.459191 0.872722
vt 0.465074 0.899199
vt 0.459191 0.899199
vt 0.462133 0.863896
vt 0.456249 0.863896
vt 0.453307 0.872722
vt 0.453307 0.899199
vt 0.453307 0.890373
vt 0.453307 0.925676
vt 0.453307 0.916850
vt 0.456249 0.952153
vt 0.453307 0.943327
vt 0.453307 0.881548
vt 0.453307 0.908025
vt 0.453307 0.934502
vt 0.447423 0.908025
vt 0.447423 0.899199
vt 0.447423 0.934502
vt 0.447423 0.925676
vt 0.450365 0.863896
vt 0.447423 0.872722
vt 0.447423 0.890373
vt 0.447423 0.916850
vt 0.450365 0.952153
vt 0.447423 0.943327
vt 0.447423 0.881548
vt 0.444481 0.863896
vt 0.444481 0.952153
vt 0.978377 0.866376
vt 0.978377 0.975636
vt 0.954097 0.975636
vt 0.954097 0.866376
vt 0.929817 0.975636
vt 0.929817 0.866376
vt 0.905537 0.975636
vt 0.905537 0.866376
vt 0.881257 0.975636
vt 0.881257 0.866376
vt 0.856978 0.975636
vt 0.856978 0.866376
vt 0.832698 0.975636
vt 0.832698 0.866376
vt 0.808418 0.975636
vt 0.808418 0.866376
vt 0.784138 0.975636
vt 0.784138 0.866376
vt 0.759858 0.975636
vt 0.759858 0.866376
vt 0.848198 0.851922
vt 0.814488 0.864191
vt 0.780777 0.851922
vt 0.762840 0.820854
vt 0.769069 0.785524
vt 0.796551 0.762465
vt 0.832425 0.762465
vt 0.859906 0.785524
vt 0.866136 0.820854
vt 0.923747 0.864191
vt 0.957458 0.851922
vt 0.975395 0.820854
vt 0.969166 0.785524
vt 0.941684 0.762465
vt 0.905810 0.762465
vt 0.878329 0.785524
vt 0.872099 0.820854
vt 0.890037 0.851922
vt 0.046506 0.956471
vt 0.040305 0.970423
s 1
f 1790/1337/817 1789/1338/818 1661/1339/819 1662/1340/820
f 1732/1341/821 1659/1342/822 1668/1343/823
f 1657/1344/824 1656/1345/825 1665/1346/826 1666/1347/827
f 1654/1348/828 1790/1337/817 1662/1340/820 1663/1349/829
f 1788/1350/830 1733/1351/831 1660/1352/832
f 1658/1353/833 1657/1344/824 1666/1347/827 1667/1354/834
f 1655/1355/835 1654/1348/828 1663/1349/829 1664/1356/836
f 1789/1338/818 1788/1350/830 1660/1352/832 1661/1339/819
f 1659/1342/822 1658/1353/833 1667/1354/834 1668/1343/823
f 1656/1345/825 1655/1355/835 1664/1356/836 1665/1346/826
f 1662/1340/820 1661/1339/819 1670/1357/837 1671/1358/838
f 1732/1359/821 1668/1343/823 1677/1360/839
f 1666/1347/827 1665/1346/826 1674/1361/840 1675/1362/841
f 1663/1349/829 1662/1340/820 1671/1358/838 1672/1363/842
f 1660/1352/832 1733/1364/831 1669/1365/843
f 1667/1354/834 1666/1347/827 1675/1362/841 1676/1366/844
f 1664/1356/836 1663/1349/829 1672/1363/842 1673/1367/845
f 1661/1339/819 1660/1352/832 1669/1365/843 1670/1357/837
f 1668/1343/823 1667/1354/834 1676/1366/844 1677/1360/839
f 1665/1346/826 1664/1356/836 1673/1367/845 1674/1361/840
f 1674/1361/840 1673/1367/845 1682/1368/846 1683/1369/847
f 1671/1358/838 1670/1357/837 1679/1370/848 1680/1371/849
f 1732/1372/821 1677/1360/839 1686/1373/850
f 1675/1362/841 1674/1361/840 1683/1369/847 1684/1374/851
f 1672/1363/842 1671/1358/838 1680/1371/849 1681/1375/852
f 1669/1365/843 1733/1376/831 1678/1377/853
f 1676/1366/844 1675/1362/841 1684/1374/851 1685/1378/854
f 1673/1367/845 1672/1363/842 1681/1375/852 1682/1368/846
f 1670/1357/837 1669/1365/843 1678/1377/853 1679/1370/848
f 1677/1360/839 1676/1366/844 1685/1378/854 1686/1373/850
f 1679/1370/848 1678/1377/853 1687/1379/855 1688/1380/856
f 1686/1373/850 1685/1378/854 1694/1381/857 1695/1382/858
f 1683/1369/847 1682/1368/846 1691/1383/859 1692/1384/860
f 1680/1371/849 1679/1370/848 1688/1380/856 1689/1385/861
f 1732/1386/821 1686/1373/850 1695/1382/858
f 1684/1374/851 1683/1369/847 1692/1384/860 1693/1387/862
f 1681/1375/852 1680/1371/849 1689/1385/861 1690/1388/863
f 1678/1377/853 1733/1389/831 1687/1379/855
f 1685/1378/854 1684/1374/851 1693/1387/862 1694/1381/857
f 1682/1368/846 1681/1375/852 1690/1388/863 1691/1383/859
f 1694/1381/857 1693/1387/862 1702/1390/864 1703/1391/865
f 1691/1383/859 1690/1388/863 1699/1392/866 1700/1393/867
f 1688/1380/856 1687/1379/855 1696/1394/868 1697/1395/869
f 1695/1382/858 1694/1381/857 1703/1391/865 1704/1396/870
f 1692/1384/860 1691/1383/859 1700/1393/867 1701/1397/871
f 1689/1385/861 1688/1380/856 1697/1395/869 1698/1398/872
f 1732/1399/821 1695/1382/858 1704/1396/870
f 1693/1387/862 1692/1384/860 1701/1397/871 1702/1390/864
f 1690/1388/863 1689/1385/861 1698/1398/872 1699/1392/866
f 1687/1379/855 1733/1400/831 1696/1394/868
f 1699/1392/866 1698/1398/872 1707/1401/873 1708/1402/874
f 1696/1394/868 1733/1403/831 1705/1404/875
f 1703/1391/865 1702/1390/864 1711/1405/876 1712/1406/877
f 1700/1393/867 1699/1392/866 1708/1402/874 1709/1407/878
f 1697/1395/869 1696/1394/868 1705/1404/875 1706/1408/879
f 1704/1396/870 1703/1391/865 1712/1406/877 1713/1409/880
f 1701/1397/871 1700/1393/867 1709/1407/878 1710/1410/881
f 1698/1398/872 1697/1395/869 1706/1408/879 1707/1401/873
f 1732/1411/821 1704/1396/870 1713/1409/880
f 1702/1390/864 1701/1397/871 1710/1410/881 1711/1405/876
f 1711/1405/876 1710/1410/881 1719/1412/882 1720/1413/883
f 1708/1402/874 1707/1401/873 1716/1414/884 1717/1415/885
f 1705/1404/875 1733/1416/831 1714/1417/886
f 1712/1406/877 1711/1405/876 1720/1413/883 1721/1418/887
f 1709/1407/878 1708/1402/874 1717/1415/885 1718/1419/888
f 1706/1408/879 1705/1404/875 1714/1417/886 1715/1420/889
f 1713/1409/880 1712/1406/877 1721/1418/887 1722/1421/890
f 1710/1410/881 1709/1407/878 1718/1419/888 1719/1412/882
f 1707/1401/873 1706/1408/879 1715/1420/889 1716/1414/884
f 1732/1422/821 1713/1409/880 1722/1421/890
f 1716/1414/884 1715/1420/889 1724/1423/891 1725/1424/892
f 1732/1425/821 1722/1421/890 1731/1426/893
f 1720/1413/883 1719/1412/882 1728/1427/894 1729/1428/895
f 1717/1415/885 1716/1414/884 1725/1424/892 1726/1429/896
f 1714/1417/886 1733/1430/831 1723/1431/897
f 1721/1418/887 1720/1413/883 1729/1428/895 1730/1432/898
f 1718/1419/888 1717/1415/885 1726/1429/896 1727/1433/899
f 1715/1420/889 1714/1417/886 1723/1431/897 1724/1423/891
f 1722/1421/890 1721/1418/887 1730/1432/898 1731/1426/893
f 1719/1412/882 1718/1419/888 1727/1433/899 1728/1427/894
f 1731/1426/893 1730/1432/898 1741/1434/900 1742/1435/901
f 1728/1427/894 1727/1433/899 1738/1436/902 1739/1437/903
f 1725/1424/892 1724/1423/891 1735/1438/904 1736/1439/905
f 1732/1440/821 1731/1426/893 1742/1435/901
f 1729/1428/895 1728/1427/894 1739/1437/903 1740/1441/906
f 1726/1429/896 1725/1424/892 1736/1439/905 1737/1442/907
f 1723/1431/897 1733/1443/831 1734/1444/908
f 1730/1432/898 1729/1428/895 1740/1441/906 1741/1434/900
f 1727/1433/899 1726/1429/896 1737/1442/907 1738/1436/902
f 1724/1423/891 1723/1431/897 1734/1444/908 1735/1438/904
f 1738/1436/902 1737/1442/907 1746/1445/909 1747/1446/910
f 1735/1438/904 1734/1444/908 1743/1447/911 1744/1448/912
f 1742/1435/901 1741/1434/900 1750/1449/913 1751/1450/914
f 1739/1437/903 1738/1436/902 1747/1446/910 1748/1451/915
f 1736/1439/905 1735/1438/904 1744/1448/912 1745/1452/916
f 1732/1453/821 1742/1435/901 1751/1450/914
f 1740/1441/906 1739/1437/903 1748/1451/915 1749/1454/917
f 1737/1442/907 1736/1439/905 1745/1452/916 1746/1445/909
f 1734/1444/908 1733/1455/831 1743/1447/911
f 1741/1434/900 1740/1441/906 1749/1454/917 1750/1449/913
f 1743/1447/911 1733/1456/831 1752/1457/918
f 1750/1449/913 1749/1454/917 1758/1458/919 1759/1459/920
f 1747/1446/910 1746/1445/909 1755/1460/921 1756/1461/922
f 1744/1448/912 1743/1447/911 1752/1457/918 1753/1462/923
f 1751/1450/914 1750/1449/913 1759/1459/920 1760/1463/924
f 1748/1451/915 1747/1446/910 1756/1461/922 1757/1464/925
f 1745/1452/916 1744/1448/912 1753/1462/923 1754/1465/926
f 1732/1466/821 1751/1450/914 1760/1463/924
f 1749/1454/917 1748/1451/915 1757/1464/925 1758/1458/919
f 1746/1445/909 1745/1452/916 1754/1465/926 1755/1460/921
f 1755/1467/921 1754/1468/926 1763/1469/927 1764/1470/928
f 1752/1471/918 1733/1472/831 1761/1473/929
f 1759/1474/920 1758/1475/919 1767/1476/930 1768/1477/931
f 1756/1478/922 1755/1467/921 1764/1470/928 1765/1479/932
f 1753/1480/923 1752/1471/918 1761/1473/929 1762/1481/933
f 1760/1482/924 1759/1474/920 1768/1477/931 1769/1483/934
f 1757/1484/925 1756/1478/922 1765/1479/932 1766/1485/935
f 1754/1468/926 1753/1480/923 1762/1481/933 1763/1469/927
f 1732/1486/821 1760/1482/924 1769/1483/934
f 1758/1475/919 1757/1484/925 1766/1485/935 1767/1476/930
f 1732/1487/821 1769/1483/934 1778/1488/936
f 1767/1476/930 1766/1485/935 1775/1489/937 1776/1490/938
f 1764/1470/928 1763/1469/927 1772/1491/939 1773/1492/940
f 1761/1473/929 1733/1493/831 1770/1494/941
f 1768/1477/931 1767/1476/930 1776/1490/938 1777/1495/942
f 1765/1479/932 1764/1470/928 1773/1492/940 1774/1496/943
f 1762/1481/933 1761/1473/929 1770/1494/941 1771/1497/944
f 1769/1483/934 1768/1477/931 1777/1495/942 1778/1488/936
f 1766/1485/935 1765/1479/932 1774/1496/943 1775/1489/937
f 1763/1469/927 1762/1481/933 1771/1497/944 1772/1491/939
f 1775/1489/937 1774/1496/943 1783/1498/945 1784/1499/946
f 1772/1491/939 1771/1497/944 1780/1500/947 1781/1501/948
f 1732/1502/821 1778/1488/936 1787/1503/949
f 1776/1490/938 1775/1489/937 1784/1499/946 1785/1504/950
f 1773/1492/940 1772/1491/939 1781/1501/948 1782/1505/951
f 1770/1494/941 1733/1506/831 1779/1507/952
f 1777/1495/942 1776/1490/938 1785/1504/950 1786/1508/953
f 1774/1496/943 1773/1492/940 1782/1505/951 1783/1498/945
f 1771/1497/944 1770/1494/941 1779/1507/952 1780/1500/947
f 1778/1488/936 1777/1495/942 1786/1508/953 1787/1503/949
f 1780/1500/947 1779/1507/952 1788/1350/830 1789/1338/818
f 1787/1503/949 1786/1508/953 1658/1353/833 1659/1342/822
f 1784/1499/946 1783/1498/945 1655/1355/835 1656/1345/825
f 1781/1501/948 1780/1500/947 1789/1338/818 1790/1337/817
f 1732/1509/821 1787/1503/949 1659/1342/822
f 1785/1504/950 1784/1499/946 1656/1345/825 1657/1344/824
f 1782/1505/951 1781/1501/948 1790/1337/817 1654/1348/828
f 1779/1507/952 1733/1510/831 1788/1350/830
f 1786/1508/953 1785/1504/950 1657/1344/824 1658/1353/833
f 1783/1498/945 1782/1505/951 1654/1348/828 1655/1355/835
s 0
f 1791/1511/954 1792/1512/954 1794/1513/954 1793/1514/954
f 1793/1514/955 1794/1513/955 1796/1515/955 1795/1516/955
f 1795/1516/956 1796/1515/956 1798/1517/956 1797/1518/956
f 1797/1518/957 1798/1517/957 1800/1519/957 1799/1520/957
f 1799/1520/958 1800/1519/958 1802/1521/958 1801/1522/958
f 1801/1522/959 1802/1521/959 1804/1523/959 1803/1524/959
f 1803/1524/960 1804/1523/960 1806/1525/960 1805/1526/960
f 1794/1513/961 1792/1512/961 1810/1512/961 1809/1513/961
f 1805/1526/962 1806/1525/962 1808/1527/962 1807/1528/962
f 1807/1528/963 1808/1527/963 1792/1529/963 1791/1530/963
f 1795/1516/964 1797/1518/964 1857/1518/964 1856/1516/964
f 1864/1529/965 1863/1527/965 1826/1527/965 1819/1529/965
f 1798/1517/966 1796/1515/966 1811/1515/966 1812/1517/966
f 1796/1515/967 1794/1513/967 1809/1513/967 1811/1515/967
f 1792/1529/968 1808/1527/968 1817/1527/968 1810/1529/968
f 1808/1527/969 1806/1525/969 1816/1525/969 1817/1527/969
f 1806/1525/970 1804/1523/970 1815/1523/970 1816/1525/970
f 1804/1523/971 1802/1521/971 1814/1521/971 1815/1523/971
f 1802/1521/972 1800/1519/972 1813/1519/972 1814/1521/972
f 1800/1519/973 1798/1517/973 1812/1517/973 1813/1519/973
f 1826/1527/974 1825/1525/974 1834/1525/974 1835/1527/974
f 1866/1523/975 1865/1521/975 1823/1521/975 1824/1523/975
f 1868/1517/976 1867/1515/976 1820/1515/976 1821/1517/976
f 1869/1525/977 1866/1523/977 1824/1523/977 1825/1525/977
f 1870/1519/978 1868/1517/978 1821/1517/978 1822/1519/978
f 1871/1513/979 1864/1512/979 1819/1512/979 1818/1513/979
f 1863/1527/980 1869/1525/980 1825/1525/980 1826/1527/980
f 1865/1521/981 1870/1519/981 1822/1519/981 1823/1521/981
f 1867/1515/982 1871/1513/982 1818/1513/982 1820/1515/982
f 1830/1517/983 1829/1515/983 1838/1515/983 1839/1517/983
f 1823/1521/984 1822/1519/984 1831/1519/984 1832/1521/984
f 1820/1515/985 1818/1513/985 1827/1513/985 1829/1515/985
f 1819/1529/986 1826/1527/986 1835/1527/986 1828/1529/986
f 1824/1523/987 1823/1521/987 1832/1521/987 1833/1523/987
f 1821/1517/988 1820/1515/988 1829/1515/988 1830/1517/988
f 1825/1525/989 1824/1523/989 1833/1523/989 1834/1525/989
f 1822/1519/990 1821/1517/990 1830/1517/990 1831/1519/990
f 1818/1513/991 1819/1512/991 1828/1512/991 1827/1513/991
f 1838/1515/992 1836/1513/992 1845/1513/992 1847/1515/992
f 1834/1525/993 1833/1523/993 1842/1523/993 1843/1525/993
f 1831/1519/994 1830/1517/994 1839/1517/994 1840/1519/994
f 1827/1513/995 1828/1512/995 1837/1512/995 1836/1513/995
f 1835/1527/996 1834/1525/996 1843/1525/996 1844/1527/996
f 1832/1521/997 1831/1519/997 1840/1519/997 1841/1521/997
f 1829/1515/998 1827/1513/998 1836/1513/998 1838/1515/998
f 1828/1529/999 1835/1527/999 1844/1527/999 1837/1529/999
f 1833/1523/1000 1832/1521/1000 1841/1521/1000 1842/1523/1000
f 1845/1531/1001 1846/1532/1001 1853/1533/1001 1852/1534/1001 1851/1535/1001 1850/1536/1001 1849/1537/1001 1848/1538/1001 1847/1539/1001
f 1837/1529/1002 1844/1527/1002 1853/1527/1002 1846/1529/1002
f 1842/1523/1003 1841/1521/1003 1850/1521/1003 1851/1523/1003
f 1839/1517/1004 1838/1515/1004 1847/1515/1004 1848/1517/1004
f 1843/1525/1005 1842/1523/1005 1851/1523/1005 1852/1525/1005
f 1840/1519/1006 1839/1517/1006 1848/1517/1006 1849/1519/1006
f 1836/1513/1007 1837/1512/1007 1846/1512/1007 1845/1513/1007
f 1844/1527/1008 1843/1525/1008 1852/1525/1008 1853/1527/1008
f 1841/1521/1009 1840/1519/1009 1849/1519/1009 1850/1521/1009
f 1854/1540/1010 1855/1541/1010 1856/1542/1010 1857/1543/1010 1858/1544/1010 1859/1545/1010 1860/1546/1010 1861/1547/1010 1862/1548/1010
f 1793/1514/1011 1795/1516/1011 1856/1516/1011 1855/1514/1011
f 1807/1528/1012 1791/1530/1012 1854/1530/1012 1862/1528/1012
f 1805/1526/1013 1807/1528/1013 1862/1528/1013 1861/1526/1013
f 1803/1524/1014 1805/1526/1014 1861/1526/1014 1860/1524/1014
f 1801/1522/1015 1803/1524/1015 1860/1524/1015 1859/1522/1015
f 1799/1520/1016 1801/1522/1016 1859/1522/1016 1858/1520/1016
f 1797/1518/1017 1799/1520/1017 1858/1520/1017 1857/1518/1017
f 1791/1511/1018 1793/1514/1018 1855/1514/1018 1854/1511/1018
f 1811/1515/1019 1809/1513/1019 1871/1513/1019 1867/1515/1019
f 1814/1521/1020 1813/1519/1020 1870/1519/1020 1865/1521/1020
f 1817/1527/1021 1816/1525/1021 1869/1525/1021 1863/1527/1021
f 1809/1513/1022 1810/1512/1022 1864/1512/1022 1871/1513/1022
f 1813/1519/1023 1812/1517/1023 1868/1517/1023 1870/1519/1023
f 1816/1525/1024 1815/1523/1024 1866/1523/1024 1869/1525/1024
f 1812/1517/1025 1811/1515/1025 1867/1515/1025 1868/1517/1025
f 1815/1523/1026 1814/1521/1026 1865/1521/1026 1866/1523/1026
f 1810/1529/1027 1817/1527/1027 1863/1527/1027 1864/1529/1027
f 1872/1549/831 1880/1549/831 1879/1549/831 1878/1549/831 1877/1549/831 1876/1549/831 1875/1549/831 1874/1549/831 1873/1549/831
f 1881/1549/821 1882/1549/821 1883/1549/821 1884/1549/821 1885/1549/821 1886/1549/821 1887/1549/821 1888/1549/821 1889/1549/821
f 1872/1549/1028 1873/1549/1028 1882/1549/1028 1881/1549/1028
f 1873/1549/1029 1874/1549/1029 1883/1549/1029 1882/1549/1029
f 1874/1549/1030 1875/1549/1030 1884/1549/1030 1883/1549/1030
f 1875/1549/1031 1876/1549/1031 1885/1549/1031 1884/1549/1031
f 1876/1549/1032 1877/1549/1032 1886/1549/1032 1885/1549/1032
f 1877/1549/1033 1878/1549/1033 1887/1549/1033 1886/1549/1033
f 1878/1549/1034 1879/1549/1034 1888/1549/1034 1887/1549/1034
f 1880/1549/1035 1872/1549/1035 1881/1549/1035 1889/1549/1035
f 1879/1549/1036 1880/1549/1036 1889/1549/1036 1888/1549/1036
f 1894/1550/821 1891/1550/821 1892/1550/821 1893/1550/821 1890/1550/821 1908/1550/821 1907/1550/821 1906/1550/821 1905/1550/821 1904/1550/821 1903/1550/821 1902/1550/821 1901/1550/821 1900/1550/821 1899/1550/821 1898/1550/821 1897/1550/821 1896/1550/821 1895/1550/821
f 1913/1550/831 1914/1550/831 1915/1550/831 1916/1550/831 1917/1550/831 1918/1550/831 1919/1550/831 1920/1550/831 1921/1550/831 1922/1550/831 1923/1550/831 1924/1550/831 1925/1550/831 1926/1550/831 1927/1550/831 1909/1550/831 1912/1550/831 1911/1550/831 1910/1550/831
f 1894/1550/1037 1895/1550/1037 1914/1550/1037 1913/1550/1037
f 1891/1550/1038 1894/1550/1038 1913/1550/1038 1910/1550/1038
f 1892/1550/1039 1891/1550/1039 1910/1550/1039 1911/1550/1039
f 1893/1550/1040 1892/1550/1040 1911/1550/1040 1912/1550/1040
f 1890/1550/1041 1893/1550/1041 1912/1550/1041 1909/1550/1041
f 1895/1550/1042 1896/1550/1042 1915/1550/1042 1914/1550/1042
f 1896/1550/1043 1897/1550/1043 1916/1550/1043 1915/1550/1043
f 1897/1550/1044 1898/1550/1044 1917/1550/1044 1916/1550/1044
f 1898/1550/1045 1899/1550/1045 1918/1550/1045 1917/1550/1045
f 1899/1550/1046 1900/1550/1046 1919/1550/1046 1918/1550/1046
f 1900/1550/1047 1901/1550/1047 1920/1550/1047 1919/1550/1047
f 1901/1550/1048 1902/1550/1048 1921/1550/1048 1920/1550/1048
f 1902/1550/1049 1903/1550/1049 1922/1550/1049 1921/1550/1049
f 1903/1550/1050 1904/1550/1050 1923/1550/1050 1922/1550/1050
f 1904/1550/1051 1905/1550/1051 1924/1550/1051 1923/1550/1051
f 1905/1550/1052 1906/1550/1052 1925/1550/1052 1924/1550/1052
f 1906/1550/1053 1907/1550/1053 1926/1550/1053 1925/1550/1053
f 1907/1550/1054 1908/1550/1054 1927/1550/1054 1926/1550/1054
f 1908/1550/1055 1890/1550/1055 1909/1550/1055 1927/1550/1055
s 1
f 2064/1337/817 2063/1338/818 1935/1339/819 1936/1340/820
f 2006/1341/821 1933/1342/822 1942/1343/823
f 1931/1344/824 1930/1345/825 1939/1346/826 1940/1347/827
f 1928/1348/828 2064/1337/817 1936/1340/820 1937/1349/829
f 2062/1350/830 2007/1351/831 1934/1352/832
f 1932/1353/833 1931/1344/824 1940/1347/827 1941/1354/834
f 1929/1355/835 1928/1348/828 1937/1349/829 1938/1356/836
f 2063/1338/818 2062/1350/830 1934/1352/832 1935/1339/819
f 1933/1342/822 1932/1353/833 1941/1354/834 1942/1343/823
f 1930/1345/825 1929/1355/835 1938/1356/836 1939/1346/826
f 1936/1340/820 1935/1339/819 1944/1357/837 1945/1358/838
f 2006/1359/821 1942/1343/823 1951/1360/839
f 1940/1347/827 1939/1346/826 1948/1361/840 1949/1362/841
f 1937/1349/829 1936/1340/820 1945/1358/838 1946/1363/842
f 1934/1352/832 2007/1364/831 1943/1365/843
f 1941/1354/834 1940/1347/827 1949/1362/841 1950/1366/844
f 1938/1356/836 1937/1349/829 1946/1363/842 1947/1367/845
f 1935/1339/819 1934/1352/832 1943/1365/843 1944/1357/837
f 1942/1343/823 1941/1354/834 1950/1366/844 1951/1360/839
f 1939/1346/826 1938/1356/836 1947/1367/845 1948/1361/840
f 1948/1361/840 1947/1367/845 1956/1368/846 1957/1369/847
f 1945/1358/838 1944/1357/837 1953/1370/848 1954/1371/849
f 2006/1372/821 1951/1360/839 1960/1373/850
f 1949/1362/841 1948/1361/840 1957/1369/847 1958/1374/851
f 1946/1363/842 1945/1358/838 1954/1371/849 1955/1375/852
f 1943/1365/843 2007/1376/831 1952/1377/853
f 1950/1366/844 1949/1362/841 1958/1374/851 1959/1378/854
f 1947/1367/845 1946/1363/842 1955/1375/852 1956/1368/846
f 1944/1357/837 1943/1365/843 1952/1377/853 1953/1370/848
f 1951/1360/839 1950/1366/844 1959/1378/854 1960/1373/850
f 1953/1370/848 1952/1377/853 1961/1379/855 1962/1380/856
f 1960/1373/850 1959/1378/854 1968/1381/857 1969/1382/858
f 1957/1369/847 1956/1368/846 1965/1383/859 1966/1384/860
f 1954/1371/849 1953/1370/848 1962/1380/856 1963/1385/861
f 2006/1386/821 1960/1373/850 1969/1382/858
f 1958/1374/851 1957/1369/847 1966/1384/860 1967/1387/862
f 1955/1375/852 1954/1371/849 1963/1385/861 1964/1388/863
f 1952/1377/853 2007/1389/831 1961/1379/855
f 1959/1378/854 1958/1374/851 1967/1387/862 1968/1381/857
f 1956/1368/846 1955/1375/852 1964/1388/863 1965/1383/859
f 1968/1381/857 1967/1387/862 1976/1390/864 1977/1391/865
f 1965/1383/859 1964/1388/863 1973/1392/866 1974/1393/867
f 1962/1380/856 1961/1379/855 1970/1394/868 1971/1395/869
f 1969/1382/858 1968/1381/857 1977/1391/865 1978/1396/870
f 1966/1384/860 1965/1383/859 1974/1393/867 1975/1397/871
f 1963/1385/861 1962/1380/856 1971/1395/869 1972/1398/872
f 2006/1399/821 1969/1382/858 1978/1396/870
f 1967/1387/862 1966/1384/860 1975/1397/871 1976/1390/864
f 1964/1388/863 1963/1385/861 1972/1398/872 1973/1392/866
f 1961/1379/855 2007/1400/831 1970/1394/868
f 1973/1392/866 1972/1398/872 1981/1401/873 1982/1402/874
f 1970/1394/868 2007/1403/831 1979/1404/875
f 1977/1391/865 1976/1390/864 1985/1405/876 1986/1406/877
f 1974/1393/867 1973/1392/866 1982/1402/874 1983/1407/878
f 1971/1395/869 1970/1394/868 1979/1404/875 1980/1408/879
f 1978/1396/870 1977/1391/865 1986/1406/877 1987/1409/880
f 1975/1397/871 1974/1393/867 1983/1407/878 1984/1410/881
f 1972/1398/872 1971/1395/869 1980/1408/879 1981/1401/873
f 2006/1411/821 1978/1396/870 1987/1409/880
f 1976/1390/864 1975/1397/871 1984/1410/881 1985/1405/876
f 1985/1405/876 1984/1410/881 1993/1412/882 1994/1413/883
f 1982/1402/874 1981/1401/873 1990/1414/884 1991/1415/885
f 1979/1404/875 2007/1416/831 1988/1417/886
f 1986/1406/877 1985/1405/876 1994/1413/883 1995/1418/887
f 1983/1407/878 1982/1402/874 1991/1415/885 1992/1419/888
f 1980/1408/879 1979/1404/875 1988/1417/886 1989/1420/889
f 1987/1409/880 1986/1406/877 1995/1418/887 1996/1421/890
f 1984/1410/881 1983/1407/878 1992/1419/888 1993/1412/882
f 1981/1401/873 1980/1408/879 1989/1420/889 1990/1414/884
f 2006/1422/821 1987/1409/880 1996/1421/890
f 1990/1414/884 1989/1420/889 1998/1423/891 1999/1424/892
f 2006/1425/821 1996/1421/890 2005/1426/893
f 1994/1413/883 1993/1412/882 2002/1427/894 2003/1428/895
f 1991/1415/885 1990/1414/884 1999/1424/892 2000/1429/896
f 1988/1417/886 2007/1430/831 1997/1431/897
f 1995/1418/887 1994/1413/883 2003/1428/895 2004/1432/898
f 1992/1419/888 1991/1415/885 2000/1429/896 2001/1433/899
f 1989/1420/889 1988/1417/886 1997/1431/897 1998/1423/891
f 1996/1421/890 1995/1418/887 2004/1432/898 2005/1426/893
f 1993/1412/882 1992/1419/888 2001/1433/899 2002/1427/894
f 2005/1426/893 2004/1432/898 2015/1434/900 2016/1435/901
f 2002/1427/894 2001/1433/899 2012/1436/902 2013/1437/903
f 1999/1424/892 1998/1423/891 2009/1438/904 2010/1439/905
f 2006/1440/821 2005/1426/893 2016/1435/901
f 2003/1428/895 2002/1427/894 2013/1437/903 2014/1441/906
f 2000/1429/896 1999/1424/892 2010/1439/905 2011/1442/907
f 1997/1431/897 2007/1443/831 2008/1444/908
f 2004/1432/898 2003/1428/895 2014/1441/906 2015/1434/900
f 2001/1433/899 2000/1429/896 2011/1442/907 2012/1436/902
f 1998/1423/891 1997/1431/897 2008/1444/908 2009/1438/904
f 2012/1436/902 2011/1442/907 2020/1445/909 2021/1446/910
f 2009/1438/904 2008/1444/908 2017/1447/911 2018/1448/912
f 2016/1435/901 2015/1434/900 2024/1449/913 2025/1450/914
f 2013/1437/903 2012/1436/902 2021/1446/910 2022/1451/915
f 2010/1439/905 2009/1438/904 2018/1448/912 2019/1452/916
f 2006/1453/821 2016/1435/901 2025/1450/914
f 2014/1441/906 2013/1437/903 2022/1451/915 2023/1454/917
f 2011/1442/907 2010/1439/905 2019/1452/916 2020/1445/909
f 2008/1444/908 2007/1455/831 2017/1447/911
f 2015/1434/900 2014/1441/906 2023/1454/917 2024/1449/913
f 2017/1447/911 2007/1456/831 2026/1457/918
f 2024/1449/913 2023/1454/917 2032/1458/919 2033/1459/920
f 2021/1446/910 2020/1445/909 2029/1460/921 2030/1461/922
f 2018/1448/912 2017/1447/911 2026/1457/918 2027/1462/923
f 2025/1450/914 2024/1449/913 2033/1459/920 2034/1463/924
f 2022/1451/915 2021/1446/910 2030/1461/922 2031/1464/925
f 2019/1452/916 2018/1448/912 2027/1462/923 2028/1465/926
f 2006/1466/821 2025/1450/914 2034/1463/924
f 2023/1454/917 2022/1451/915 2031/1464/925 2032/1458/919
f 2020/1445/909 2019/1452/916 2028/1465/926 2029/1460/921
f 2029/1467/921 2028/1468/926 2037/1469/927 2038/1470/928
f 2026/1471/918 2007/1472/831 2035/1473/929
f 2033/1474/920 2032/1475/919 2041/1476/930 2042/1477/931
f 2030/1478/922 2029/1467/921 2038/1470/928 2039/1479/932
f 2027/1480/923 2026/1471/918 2035/1473/929 2036/1481/933
f 2034/1482/924 2033/1474/920 2042/1477/931 2043/1483/934
f 2031/1484/925 2030/1478/922 2039/1479/932 2040/1485/935
f 2028/1468/926 2027/1480/923 2036/1481/933 2037/1469/927
f 2006/1486/821 2034/1482/924 2043/1483/934
f 2032/1475/919 2031/1484/925 2040/1485/935 2041/1476/930
f 2006/1487/821 2043/1483/934 2052/1488/936
f 2041/1476/930 2040/1485/935 2049/1489/937 2050/1490/938
f 2038/1470/928 2037/1469/927 2046/1491/939 2047/1492/940
f 2035/1473/929 2007/1493/831 2044/1494/941
f 2042/1477/931 2041/1476/930 2050/1490/938 2051/1495/942
f 2039/1479/932 2038/1470/928 2047/1492/940 2048/1496/943
f 2036/1481/933 2035/1473/929 2044/1494/941 2045/1497/944
f 2043/1483/934 2042/1477/931 2051/1495/942 2052/1488/936
f 2040/1485/935 2039/1479/932 2048/1496/943 2049/1489/937
f 2037/1469/927 2036/1481/933 2045/1497/944 2046/1491/939
f 2049/1489/937 2048/1496/943 2057/1498/945 2058/1499/946
f 2046/1491/939 2045/1497/944 2054/1500/947 2055/1501/948
f 2006/1502/821 2052/1488/936 2061/1503/949
f 2050/1490/938 2049/1489/937 2058/1499/946 2059/1504/950
f 2047/1492/940 2046/1491/939 2055/1501/948 2056/1505/951
f 2044/1494/941 2007/1506/831 2053/1507/952
f 2051/1495/942 2050/1490/938 2059/1504/950 2060/1508/953
f 2048/1496/943 2047/1492/940 2056/1505/951 2057/1498/945
f 2045/1497/944 2044/1494/941 2053/1507/952 2054/1500/947
f 2052/1488/936 2051/1495/942 2060/1508/953 2061/1503/949
f 2054/1500/947 2053/1507/952 2062/1350/830 2063/1338/818
f 2061/1503/949 2060/1508/953 1932/1353/833 1933/1342/822
f 2058/1499/946 2057/1498/945 1929/1355/835 1930/1345/825
f 2055/1501/948 2054/1500/947 2063/1338/818 2064/1337/817
f 2006/1509/821 2061/1503/949 1933/1342/822
f 2059/1504/950 2058/1499/946 1930/1345/825 1931/1344/824
f 2056/1505/951 2055/1501/948 2064/1337/817 1928/1348/828
f 2053/1507/952 2007/1510/831 2062/1350/830
f 2060/1508/953 2059/1504/950 1931/1344/824 1932/1353/833
f 2057/1498/945 2056/1505/951 1928/1348/828 1929/1355/835
o TropicalFish.002
v 0.954344 -0.053216 -0.450787
v 0.951545 -0.050984 -0.440085
v 0.949735 -0.045514 -0.430383
v 0.949090 -0.037340 -0.422629
v 0.949673 -0.027263 -0.417584
v 0.951429 -0.016270 -0.415740
v 0.970133 -0.039986 -0.477513
v 0.970337 -0.047450 -0.469053
v 0.969689 -0.052022 -0.458756
v 0.968254 -0.053254 -0.447631
v 0.966171 -0.051024 -0.436767
v 0.963645 -0.045552 -0.427226
v 0.960923 -0.037372 -0.419944
v 0.958271 -0.027287 -0.415633
v 0.955948 -0.016282 -0.414714
v 0.974411 -0.038228 -0.477210
v 0.978474 -0.044107 -0.468477
v 0.980888 -0.047420 -0.457963
v 0.981419 -0.047844 -0.446699
v 0.980014 -0.045336 -0.435787
v 0.976810 -0.040142 -0.426295
v 0.972122 -0.032770 -0.419152
v 0.966407 -0.023943 -0.415057
v 0.960226 -0.014524 -0.414412
v 0.977707 -0.035004 -0.477683
v 0.984743 -0.037975 -0.469375
v 0.989517 -0.038980 -0.459200
v 0.991563 -0.037921 -0.448153
v 0.990680 -0.034903 -0.437316
v 0.986954 -0.030220 -0.427749
v 0.980751 -0.024330 -0.420388
v 0.972676 -0.017811 -0.415956
v 0.963522 -0.011300 -0.414884
v 0.979451 -0.030871 -0.478849
v 0.988061 -0.030114 -0.471593
v 0.994084 -0.028161 -0.462252
v 0.996932 -0.025203 -0.451741
v 0.996325 -0.021530 -0.441088
v 0.992323 -0.017501 -0.431337
v 0.985317 -0.013511 -0.423441
v 0.975994 -0.009950 -0.418173
v 0.965266 -0.007168 -0.416050
v 0.979342 -0.026545 -0.480506
v 0.987854 -0.021884 -0.474746
v 0.993799 -0.016833 -0.466592
v 0.996597 -0.011887 -0.456843
v 0.995972 -0.007528 -0.446453
v 0.991988 -0.004185 -0.436439
v 0.985032 -0.002184 -0.427781
v 0.975787 -0.001721 -0.421326
v 0.965157 -0.002841 -0.417708
v 0.977399 -0.022772 -0.482369
v 0.984157 -0.014708 -0.478290
v 0.988711 -0.006956 -0.471470
v 0.990616 -0.000276 -0.462577
v 0.989684 0.004680 -0.452481
v 0.986007 0.007426 -0.442172
v 0.979945 0.007693 -0.432658
v 0.972091 0.005455 -0.424870
v 0.963214 0.000932 -0.419571
v 0.973957 -0.020206 -0.484115
v 0.977611 -0.009827 -0.481611
v 0.979701 -0.000238 -0.476041
v 0.980023 0.007623 -0.467951
v 0.978546 0.012985 -0.458132
v 0.975414 0.015324 -0.447546
v 0.970934 0.014412 -0.437229
v 0.965544 0.010337 -0.428191
v 0.959772 0.003498 -0.421317
v 0.969612 -0.019289 -0.485443
v 0.969346 -0.008084 -0.484136
v 0.968326 0.002161 -0.479516
v 0.966651 0.010443 -0.472036
v 0.964486 0.015950 -0.462427
v 0.962042 0.018144 -0.451631
v 0.959559 0.016811 -0.440704
v 0.957280 0.012080 -0.430716
v 0.955427 0.004414 -0.422644
v 0.954183 -0.005435 -0.417279
v 0.969098 -0.030359 -0.483309
v 0.965115 -0.020182 -0.486122
v 0.960792 -0.009781 -0.485427
v 0.956553 -0.000175 -0.481293
v 0.952811 0.007696 -0.474125
v 0.949933 0.013063 -0.464624
v 0.948202 0.015398 -0.453721
v 0.947786 0.014475 -0.442482
v 0.948726 0.010383 -0.432007
v 0.950930 0.003522 -0.423323
v 0.961244 -0.022728 -0.486035
v 0.953429 -0.014625 -0.485262
v 0.946417 -0.006842 -0.481066
v 0.940896 -0.000141 -0.473858
v 0.937405 0.004822 -0.464344
v 0.936287 0.007561 -0.453454
v 0.937650 0.007808 -0.442255
v 0.941362 0.005539 -0.431842
v 0.947059 0.000976 -0.423236
v 0.958668 -0.026489 -0.485198
v 0.948528 -0.021778 -0.483669
v 0.939672 -0.016687 -0.478874
v 0.932966 -0.011714 -0.471281
v 0.929067 -0.007347 -0.461634
v 0.928357 -0.004012 -0.450876
v 0.930905 -0.002037 -0.440062
v 0.936461 -0.001614 -0.430249
v 0.944483 -0.002785 -0.422399
v 0.957832 -0.030813 -0.483754
v 0.946938 -0.030002 -0.480924
v 0.937483 -0.028007 -0.475095
v 0.930393 -0.025022 -0.466839
v 0.926362 -0.021340 -0.456963
v 0.925784 -0.017320 -0.446434
v 0.928716 -0.013357 -0.436283
v 0.934871 -0.009839 -0.427504
v 0.943647 -0.007109 -0.420955
v 0.958881 -0.034953 -0.481955
v 0.948933 -0.037877 -0.477501
v 0.940230 -0.038846 -0.470384
v 0.933622 -0.037764 -0.461300
v 0.929757 -0.034738 -0.451139
v 0.929013 -0.030063 -0.440896
v 0.931463 -0.024196 -0.431572
v 0.936867 -0.017714 -0.424081
v 0.944696 -0.011249 -0.419156
v 0.961633 -0.038193 -0.480110
v 0.954169 -0.044041 -0.473992
v 0.947436 -0.047329 -0.465554
v 0.942094 -0.047737 -0.455622
v 0.938665 -0.045223 -0.445169
v 0.937485 -0.040035 -0.435218
v 0.938669 -0.032680 -0.426742
v 0.942102 -0.023877 -0.420572
v 0.947448 -0.014489 -0.417311
v 0.965614 -0.039973 -0.478539
v 0.961740 -0.047427 -0.471003
v 0.957857 -0.051990 -0.461441
v 0.419712 0.162456 -0.603319
v 0.492240 0.137490 -0.577513
v 0.420303 0.180252 -0.592968
v 0.492932 0.158328 -0.565393
v 0.428210 0.214604 -0.595138
v 0.502190 0.198549 -0.567934
v 0.439733 0.249437 -0.608812
v 0.515681 0.239335 -0.583945
v 0.449480 0.268453 -0.627593
v 0.527094 0.261600 -0.605935
v 0.452890 0.262753 -0.642693
v 0.531087 0.254926 -0.623615
v 0.448369 0.235006 -0.647046
v 0.525793 0.222437 -0.628712
v 0.438031 0.198193 -0.638615
v 0.513689 0.179334 -0.618841
v 0.426713 0.169541 -0.621346
v 0.500437 0.145786 -0.598621
v 0.580520 0.065784 -0.485777
v 0.578959 0.018777 -0.513116
v 0.601405 0.156519 -0.491507
v 0.631840 0.248524 -0.527626
v 0.657585 0.298751 -0.577233
v 0.666594 0.283697 -0.617117
v 0.654651 0.210406 -0.628614
v 0.627344 0.113172 -0.606346
v 0.597451 0.037492 -0.560732
v 0.812731 -0.034921 -0.381001
v 0.810670 -0.096970 -0.417088
v 0.840298 0.084847 -0.388565
v 0.880472 0.206293 -0.436242
v 0.914455 0.272592 -0.501722
v 0.926346 0.252720 -0.554367
v 0.910582 0.155978 -0.569544
v 0.874538 0.027630 -0.540151
v 0.835079 -0.072266 -0.479941
v 0.917800 -0.029326 -0.371530
v 0.916163 -0.078606 -0.400191
v 0.939694 0.065794 -0.377538
v 0.971600 0.162248 -0.415403
v 0.998590 0.214902 -0.467408
v 1.008034 0.199120 -0.509219
v 0.995514 0.122287 -0.521272
v 0.966887 0.020352 -0.497928
v 0.935549 -0.058986 -0.450109
v 1.034756 0.018216 -0.386360
v 1.033933 -0.006574 -0.400778
v 1.045769 0.066066 -0.389382
v 1.061820 0.114586 -0.408430
v 1.075397 0.141073 -0.434591
v 1.080148 0.133134 -0.455624
v 1.073849 0.094484 -0.461687
v 1.059449 0.043206 -0.449944
v 1.043685 0.003295 -0.425889
v 1.104104 0.056858 -0.400740
v 1.103820 0.048314 -0.405709
v 1.107900 0.073350 -0.401782
v 1.113432 0.090073 -0.408347
v 1.118111 0.099203 -0.417364
v 1.119749 0.096466 -0.424613
v 1.117578 0.083145 -0.426703
v 1.112615 0.065471 -0.422655
v 1.107181 0.051715 -0.414364
v 0.231800 0.097604 -0.621285
v 0.240618 0.136329 -0.623418
v 0.266917 0.227747 -0.646401
v 0.298391 0.329083 -0.679481
v 0.320313 0.392920 -0.707178
v 0.322426 0.389389 -0.716534
v 0.303742 0.320141 -0.703170
v 0.273001 0.217579 -0.673339
v 0.244590 0.129692 -0.641001
v 0.708162 -0.041976 -0.516921
v 0.685043 -0.065373 -0.457391
v 0.794603 0.265828 -0.587412
v 0.779672 0.174200 -0.601786
v 0.713104 0.106831 -0.430376
v 0.751154 0.221855 -0.475532
v 0.745534 0.052639 -0.573947
v 0.783340 0.284648 -0.537550
v 0.686995 -0.006605 -0.423212
v 0.478521 0.137623 -0.580662
v 0.445728 0.135048 -0.587097
v 0.398648 0.053863 -0.567088
v 0.431533 -0.010016 -0.535548
v 0.538845 -0.071558 -0.488079
v 0.685671 -0.114858 -0.438570
v 0.805283 -0.110660 -0.413137
v 0.919388 -0.076827 -0.400133
v 0.545905 0.161377 -0.574407
v 0.475995 0.141845 -0.569477
v 0.443201 0.139269 -0.575912
v 0.396122 0.058085 -0.555903
v 0.429007 -0.005795 -0.524363
v 0.536319 -0.067337 -0.476894
v 0.683145 -0.110637 -0.427385
v 0.802756 -0.106438 -0.401952
v 0.916862 -0.072606 -0.388949
v 0.543378 0.165599 -0.563223
v 0.533666 0.250325 -0.610746
v 0.504455 0.345319 -0.653200
v 0.497614 0.311456 -0.641963
v 0.516350 0.281310 -0.626352
v 0.526492 0.379395 -0.661084
v 0.585838 0.390797 -0.651983
v 0.635504 0.366657 -0.631653
v 0.668212 0.351788 -0.618652
v 0.716018 0.329179 -0.599320
v 0.744497 0.289006 -0.577724
v 0.791846 0.280160 -0.563690
v 0.770042 0.315509 -0.581957
v 0.754587 0.344962 -0.596566
v 0.720884 0.368014 -0.612880
v 0.785730 0.355479 -0.593501
v 0.779578 0.377276 -0.603118
v 0.839215 0.336228 -0.574153
v 0.896878 0.300151 -0.547511
v 0.935655 0.244140 -0.517610
v 0.535350 0.247510 -0.618202
v 0.506140 0.342505 -0.660656
v 0.499299 0.308641 -0.649420
v 0.518034 0.278496 -0.633809
v 0.528176 0.376581 -0.668541
v 0.587523 0.387983 -0.659440
v 0.637189 0.363843 -0.639109
v 0.669897 0.348973 -0.626109
v 0.717702 0.326364 -0.606776
v 0.746181 0.286192 -0.585180
v 0.793530 0.277346 -0.571146
v 0.771726 0.312694 -0.589414
v 0.756271 0.342148 -0.604022
v 0.722568 0.365200 -0.620336
v 0.787414 0.352664 -0.600957
v 0.781262 0.374462 -0.610574
v 0.840899 0.333413 -0.581609
v 0.898562 0.297337 -0.554967
v 0.937339 0.241325 -0.525067
v 0.940164 -0.029521 -0.388012
v 0.937365 -0.027289 -0.377310
v 0.935555 -0.021819 -0.367608
v 0.934910 -0.013645 -0.359854
v 0.935494 -0.003568 -0.354809
v 0.937249 0.007425 -0.352965
v 0.955954 -0.016291 -0.414738
v 0.956157 -0.023755 -0.406278
v 0.955510 -0.028327 -0.395981
v 0.954074 -0.029559 -0.384856
v 0.951992 -0.027329 -0.373992
v 0.949465 -0.021857 -0.364451
v 0.946743 -0.013678 -0.357169
v 0.944091 -0.003592 -0.352858
v 0.941769 0.007413 -0.351939
v 0.960231 -0.014533 -0.414435
v 0.964294 -0.020412 -0.405702
v 0.966709 -0.023725 -0.395188
v 0.967240 -0.024149 -0.383924
v 0.965834 -0.021641 -0.373012
v 0.962631 -0.016447 -0.363520
v 0.957942 -0.009076 -0.356377
v 0.952228 -0.000248 -0.352282
v 0.946046 0.009171 -0.351637
v 0.963527 -0.011309 -0.414908
v 0.970563 -0.014280 -0.406600
v 0.975338 -0.015285 -0.396425
v 0.977384 -0.014227 -0.385378
v 0.976500 -0.011208 -0.374541
v 0.972775 -0.006525 -0.364973
v 0.966571 -0.000635 -0.357613
v 0.958497 0.005884 -0.353181
v 0.949342 0.012395 -0.352109
v 0.965272 -0.007176 -0.416074
v 0.973881 -0.006419 -0.408818
v 0.979905 -0.004466 -0.399477
v 0.982752 -0.001508 -0.388966
v 0.982145 0.002165 -0.378313
v 0.978143 0.006194 -0.368562
v 0.971138 0.010184 -0.360666
v 0.961815 0.013745 -0.355398
v 0.951087 0.016527 -0.353275
v 0.965163 -0.002850 -0.417731
v 0.973674 0.001811 -0.411971
v 0.979620 0.006861 -0.403817
v 0.982417 0.011808 -0.394068
v 0.981793 0.016167 -0.383678
v 0.977808 0.019510 -0.373664
v 0.970853 0.021511 -0.365006
v 0.961608 0.021974 -0.358551
v 0.950978 0.020854 -0.354933
v 0.963220 0.000923 -0.419594
v 0.969978 0.008987 -0.415515
v 0.974532 0.016738 -0.408695
v 0.976436 0.023419 -0.399802
v 0.975504 0.028375 -0.389706
v 0.971827 0.031121 -0.379397
v 0.965765 0.031388 -0.369883
v 0.957911 0.029150 -0.362095
v 0.949035 0.024627 -0.356796
v 0.959778 0.003489 -0.421340
v 0.963431 0.013868 -0.418836
v 0.965521 0.023457 -0.413266
v 0.965844 0.031318 -0.405176
v 0.964367 0.036680 -0.395357
v 0.961235 0.039019 -0.384771
v 0.956755 0.038107 -0.374454
v 0.951365 0.034032 -0.365416
v 0.945593 0.027193 -0.358542
v 0.955433 0.004405 -0.422668
v 0.955167 0.015611 -0.421361
v 0.954146 0.025856 -0.416741
v 0.952471 0.034137 -0.409261
v 0.950306 0.039645 -0.399652
v 0.947862 0.041839 -0.388856
v 0.945379 0.040506 -0.377929
v 0.943100 0.035775 -0.367941
v 0.941248 0.028109 -0.359869
v 0.940004 0.018260 -0.354504
v 0.954919 -0.006664 -0.420534
v 0.950936 0.003513 -0.423347
v 0.946613 0.013914 -0.422652
v 0.942373 0.023520 -0.418518
v 0.938631 0.031391 -0.411350
v 0.935754 0.036758 -0.401849
v 0.934022 0.039093 -0.390946
v 0.933606 0.038170 -0.379707
v 0.934546 0.034077 -0.369232
v 0.936751 0.027217 -0.360548
v 0.947064 0.000967 -0.423260
v 0.939249 0.009070 -0.422487
v 0.932238 0.016853 -0.418291
v 0.926716 0.023554 -0.411083
v 0.923225 0.028517 -0.401569
v 0.922107 0.031256 -0.390679
v 0.923471 0.031503 -0.379480
v 0.927183 0.029234 -0.369067
v 0.932880 0.024670 -0.360461
v 0.944488 -0.002794 -0.422423
v 0.934348 0.001917 -0.420894
v 0.925492 0.007008 -0.416099
v 0.918787 0.011981 -0.408506
v 0.914888 0.016348 -0.398859
v 0.914178 0.019683 -0.388101
v 0.916725 0.021658 -0.377287
v 0.922282 0.022081 -0.367474
v 0.930303 0.020910 -0.359624
v 0.943652 -0.007118 -0.420979
v 0.932758 -0.006308 -0.418149
v 0.923304 -0.004312 -0.412320
v 0.916214 -0.001327 -0.404064
v 0.912183 0.002355 -0.394188
v 0.911605 0.006374 -0.383659
v 0.914537 0.010337 -0.373509
v 0.920692 0.013856 -0.364729
v 0.929467 0.016586 -0.358180
v 0.944701 -0.011258 -0.419180
v 0.934754 -0.014183 -0.414726
v 0.926050 -0.015151 -0.407609
v 0.919442 -0.014069 -0.398525
v 0.915577 -0.011043 -0.388364
v 0.914833 -0.006368 -0.378121
v 0.917283 -0.000502 -0.368797
v 0.922687 0.005981 -0.361306
v 0.930516 0.012446 -0.356381
v 0.947454 -0.014498 -0.417335
v 0.939989 -0.020346 -0.411217
v 0.933256 -0.023635 -0.402779
v 0.927914 -0.024042 -0.392847
v 0.924485 -0.021529 -0.382394
v 0.923305 -0.016340 -0.372443
v 0.924490 -0.008985 -0.363967
v 0.927923 -0.000182 -0.357797
v 0.933269 0.009206 -0.354536
v 0.951434 -0.016278 -0.415764
v 0.947560 -0.023732 -0.408228
v 0.943677 -0.028295 -0.398666
vn -0.1089 -0.9483 -0.2982
vn -0.0030 -0.8275 -0.5614
vn 0.2407 -0.8282 -0.5061
vn 0.2220 -0.9492 -0.2232
vn -0.2068 0.3455 0.9154
vn -0.2871 0.0259 0.9576
vn -0.1542 0.0255 0.9877
vn -0.3479 -0.5488 0.7601
vn -0.3294 -0.7695 0.5472
vn 0.0570 -0.7705 0.6348
vn -0.0170 -0.5497 0.8352
vn -0.2041 -0.9789 -0.0077
vn 0.1824 -0.9800 0.0800
vn 0.1036 -0.6270 -0.7721
vn 0.2068 -0.3455 -0.9154
vn 0.2365 -0.6273 -0.7420
vn -0.3335 -0.2753 0.9017
vn -0.0897 -0.2759 0.9570
vn -0.2799 -0.9174 0.2830
vn 0.1256 -0.9185 0.3750
vn 0.4714 -0.7334 -0.4898
vn 0.5352 -0.8205 -0.2010
vn -0.0285 0.0772 0.9966
vn 0.4228 -0.6202 0.6607
vn 0.2961 -0.4210 0.8574
vn 0.5481 -0.8297 0.1059
vn 0.3622 -0.5757 -0.7331
vn 0.1409 -0.1811 0.9733
vn 0.5094 -0.7607 0.4022
vn 0.8051 -0.4715 0.3598
vn 0.7046 -0.3446 0.6203
vn 0.6492 -0.5595 -0.5153
vn 0.7765 -0.5845 -0.2356
vn 0.0684 0.1720 0.9827
vn 0.5374 -0.1850 0.8228
vn 0.8299 -0.5540 0.0655
vn 0.4591 -0.4809 -0.7469
vn 0.3187 -0.0073 0.9478
vn 0.5104 -0.3594 -0.7812
vn 0.7432 -0.3367 -0.5781
vn 0.4128 0.2156 0.8850
vn 0.1197 0.2934 0.9485
vn 0.9616 -0.1007 0.2552
vn 0.8537 0.0087 0.5207
vn 0.9042 -0.2819 -0.3209
vn 0.6651 0.1176 0.7374
vn 0.9791 -0.2007 -0.0342
vn 0.6571 0.4343 0.6161
vn 0.4069 0.4489 0.7956
vn 0.9697 0.1692 -0.1760
vn 0.9519 0.2875 0.1065
vn 0.5072 -0.2323 -0.8299
vn 0.7374 -0.1033 -0.6675
vn 0.1165 0.4206 0.8997
vn 0.8444 0.3787 0.3789
vn 0.8962 0.0348 -0.4423
vn 0.7539 0.3110 -0.5787
vn 0.8036 0.4918 -0.3352
vn 0.4501 -0.1214 -0.8847
vn 0.5149 0.7105 0.4797
vn 0.3021 0.6524 0.6951
vn 0.7775 0.6260 -0.0606
vn 0.6326 0.1001 -0.7680
vn 0.0594 0.5315 0.8450
vn 0.6783 0.7012 0.2196
vn 0.3840 0.9207 0.0704
vn 0.2629 0.8984 0.3519
vn 0.5020 0.4989 -0.7065
vn 0.5093 0.7112 -0.4845
vn 0.3489 -0.0459 -0.9360
vn 0.1165 0.7908 0.6009
vn 0.4687 0.8562 -0.2173
vn 0.4470 0.2385 -0.8622
vn -0.0418 0.6070 0.7936
vn 0.2127 0.2879 -0.9337
vn 0.1839 0.5660 -0.8037
vn -0.1695 0.6339 0.7546
vn 0.0125 0.9990 -0.0431
vn -0.0552 0.9654 0.2547
vn 0.1378 0.7895 -0.5980
vn 0.2212 -0.0190 -0.9750
vn -0.1178 0.8402 0.5293
vn 0.0789 0.9384 -0.3364
vn -0.3603 0.7921 0.4927
vn -0.3017 0.6077 0.7347
vn -0.3246 0.8584 -0.3973
vn -0.3720 0.9227 -0.1012
vn -0.0299 0.2398 -0.9704
vn -0.1453 0.5006 -0.8534
vn -0.3844 0.9001 0.2050
vn -0.2467 0.7133 -0.6561
vn 0.0890 -0.0452 -0.9950
vn -0.5777 0.4955 -0.6487
vn -0.6719 0.6299 -0.3895
vn -0.0248 -0.1201 -0.9925
vn -0.2386 0.1025 -0.9657
vn -0.5691 0.6547 0.4974
vn -0.4155 0.5328 0.7372
vn -0.7030 0.7050 -0.0938
vn -0.4287 0.3142 -0.8470
vn -0.6678 0.7137 0.2113
vn -0.1005 -0.2306 -0.9678
vn -0.8564 0.4384 0.2726
vn -0.7081 0.4519 0.5426
vn -0.7980 0.1740 -0.5771
vn -0.9031 0.2925 -0.3144
vn -0.3776 -0.1003 -0.9205
vn -0.4912 0.4223 0.7618
vn -0.9233 0.3835 -0.0222
vn -0.6174 0.0389 -0.7857
vn -0.6786 -0.2776 -0.6801
vn -0.8694 -0.1957 -0.4536
vn -0.1251 -0.3577 -0.9254
vn -0.9176 0.1219 0.3783
vn -0.7532 0.2187 0.6204
vn -0.9781 -0.0955 -0.1849
vn -0.4227 -0.3335 -0.8427
vn -0.5158 0.2952 0.8043
vn -0.9948 0.0138 0.1012
vn -0.4850 0.1735 0.8572
vn -0.9051 -0.3402 0.2551
vn -0.8408 -0.1812 0.5101
vn -0.6018 -0.5807 -0.5483
vn -0.7797 -0.5497 -0.2998
vn -0.0943 -0.4794 -0.8725
vn -0.6966 -0.0045 0.7175
vn -0.8840 -0.4669 -0.0234
vn -0.3661 -0.5568 -0.7456
vn -0.6370 -0.7576 0.1421
vn -0.6697 -0.6173 0.4128
vn -0.2177 -0.7315 -0.6461
vn -0.4003 -0.8179 -0.4132
vn -0.4041 0.0782 0.9114
vn -0.6393 -0.4185 0.6451
vn -0.5444 -0.8267 -0.1420
vn -0.0134 -0.5747 -0.8183
vn -0.5481 -0.1793 0.8169
vn -0.4320 -0.4427 0.7858
vn -0.3167 0.1322 0.9393
vn -0.2312 0.4208 0.8772
vn -0.1236 0.7287 0.6736
vn 0.1701 0.9340 -0.3141
vn 0.2460 0.1110 -0.9629
vn 0.1807 -0.2675 -0.9465
vn -0.7924 -0.2868 0.5384
vn 0.0848 -0.5387 -0.8382
vn -0.1608 -0.8957 -0.4145
vn -0.2420 0.3826 0.8917
vn -0.1017 -0.9118 -0.3979
vn -0.4184 0.4485 0.7898
vn -0.5519 0.1785 0.8146
vn -0.5618 -0.6721 -0.4823
vn -0.1709 -0.4582 -0.8723
vn -0.0196 -0.2180 -0.9758
vn 0.0150 0.1526 -0.9882
vn -0.1744 0.9076 -0.3820
vn -0.3385 0.7433 0.5769
vn 0.3017 -0.5767 -0.7592
vn 0.2521 0.1098 -0.9615
vn -0.2176 0.4182 0.8819
vn 0.1946 -0.2706 -0.9428
vn -0.1177 0.7277 0.6757
vn -0.3739 -0.4570 0.8071
vn 0.1120 -0.5450 -0.8309
vn 0.1716 0.9339 -0.3137
vn -0.2899 0.1267 0.9486
vn 0.1038 0.3335 0.9370
vn 0.6017 0.7826 -0.1595
vn -0.0939 0.0843 0.9920
vn 0.2087 -0.9351 -0.2865
vn 0.5089 0.0519 -0.8592
vn -0.0311 0.3741 0.9268
vn 0.3758 -0.3059 -0.8748
vn 0.1476 0.6557 0.7405
vn -0.0512 -0.5008 0.8640
vn 0.1937 0.0174 0.9809
vn 0.4972 -0.3240 -0.8049
vn 0.2625 0.6066 0.7504
vn 0.3018 -0.4868 0.8197
vn 0.4826 -0.5840 -0.6527
vn 0.7116 0.6952 -0.1016
vn 0.1108 0.0372 0.9931
vn 0.5167 -0.8459 -0.1318
vn 0.6107 0.0246 -0.7914
vn 0.9375 -0.1977 0.2864
vn 0.6130 -0.7869 -0.0712
vn 0.6277 0.0198 -0.7782
vn 0.1495 0.3181 0.9362
vn 0.5366 -0.3287 -0.7772
vn 0.2823 0.5970 0.7509
vn 0.4212 -0.4664 0.7779
vn 0.5509 -0.5795 -0.6005
vn 0.7166 0.6904 -0.0987
vn -0.9375 0.1977 -0.2864
vn -0.2470 0.2542 0.9351
vn 0.2712 -0.7354 -0.6210
vn 0.1643 -0.4332 -0.8862
vn 0.1709 -0.3074 -0.9361
vn 0.3164 -0.1625 -0.9346
vn 0.7208 0.6864 -0.0963
vn -0.0876 0.5126 0.8541
vn -0.0921 -0.1282 0.9875
vn -0.4210 0.1534 0.8940
vn 0.2009 0.9306 -0.3059
vn -0.0247 -0.5089 -0.8605
vn -0.6443 -0.3684 0.6702
vn -0.1300 0.7297 0.6713
vn 0.1313 -0.2562 -0.9577
vn -0.2790 0.4295 0.8589
vn 0.2395 0.1123 -0.9644
vn -0.3881 -0.7964 -0.4638
vn -0.0040 0.9353 -0.3539
vn -0.8465 0.4060 -0.3444
vn -0.8841 -0.4667 -0.0235
vn -0.5489 -0.8154 0.1838
vn -0.3527 -0.8990 0.2597
vn -0.0404 -0.9378 0.3448
vn 0.2211 -0.8949 0.3877
vn -0.2730 0.8780 -0.3931
vn 0.5845 0.7939 -0.1676
vn -0.1193 0.9197 -0.3741
vn -0.8204 0.4485 -0.3546
vn -0.9601 0.1084 -0.2578
vn -0.8508 -0.5255 0.0062
vn -0.8705 -0.4920 -0.0109
vn 0.4949 0.8440 -0.2068
vn 0.4738 0.8539 -0.2153
vn 0.4862 0.8482 -0.2103
vn 0.8226 0.5679 -0.0285
vn 0.2580 0.9217 -0.2896
vn -0.8522 -0.5231 0.0050
vn -0.8811 -0.4726 -0.0206
vn -0.6081 -0.7783 0.1564
vn 0.2640 0.9206 -0.2878
vn -0.9459 -0.3097 -0.0968
vn 0.6102 0.7769 -0.1554
vn 0.5781 0.7980 -0.1706
vn 0.8280 0.5602 -0.0244
vn -0.0917 -0.9383 0.3335
vt 0.441539 0.925676
vt 0.441539 0.934502
vt 0.435656 0.934502
vt 0.435656 0.925676
vt 0.438597 0.863896
vt 0.441539 0.872722
vt 0.435656 0.872722
vt 0.441539 0.890373
vt 0.441539 0.899199
vt 0.435656 0.899199
vt 0.435656 0.890373
vt 0.441539 0.916850
vt 0.435656 0.916850
vt 0.441539 0.943327
vt 0.438597 0.952153
vt 0.435656 0.943327
vt 0.441539 0.881548
vt 0.435656 0.881548
vt 0.441539 0.908025
vt 0.435656 0.908025
vt 0.429772 0.934502
vt 0.429772 0.925676
vt 0.432714 0.863896
vt 0.429772 0.872722
vt 0.429772 0.899199
vt 0.429772 0.890373
vt 0.429772 0.916850
vt 0.432714 0.952153
vt 0.429772 0.943327
vt 0.429772 0.881548
vt 0.429772 0.908025
vt 0.423888 0.908025
vt 0.423888 0.899199
vt 0.423888 0.934502
vt 0.423888 0.925676
vt 0.426830 0.863896
vt 0.423888 0.872722
vt 0.423888 0.890373
vt 0.423888 0.916850
vt 0.426830 0.952153
vt 0.423888 0.943327
vt 0.423888 0.881548
vt 0.418004 0.943327
vt 0.418004 0.934502
vt 0.418004 0.881548
vt 0.418004 0.872722
vt 0.418004 0.908025
vt 0.418004 0.899199
vt 0.418004 0.925676
vt 0.420946 0.863896
vt 0.418004 0.890373
vt 0.418004 0.916850
vt 0.420946 0.952153
vt 0.412120 0.890373
vt 0.412120 0.881548
vt 0.412120 0.916850
vt 0.412120 0.908025
vt 0.412120 0.943327
vt 0.412120 0.934502
vt 0.412120 0.872722
vt 0.412120 0.899199
vt 0.412120 0.925676
vt 0.415062 0.863896
vt 0.415062 0.952153
vt 0.406237 0.925676
vt 0.406237 0.916850
vt 0.409179 0.952153
vt 0.406237 0.943327
vt 0.406237 0.890373
vt 0.406237 0.881548
vt 0.406237 0.908025
vt 0.406237 0.934502
vt 0.406237 0.872722
vt 0.406237 0.899199
vt 0.409179 0.863896
vt 0.400353 0.899199
vt 0.400353 0.890373
vt 0.400353 0.925676
vt 0.400353 0.916850
vt 0.403295 0.952153
vt 0.400353 0.943327
vt 0.400353 0.881548
vt 0.400353 0.908025
vt 0.400353 0.934502
vt 0.400353 0.872722
vt 0.403295 0.863896
vt 0.394469 0.934502
vt 0.394469 0.925676
vt 0.397411 0.863896
vt 0.394469 0.872722
vt 0.394469 0.899199
vt 0.394469 0.890373
vt 0.394469 0.916850
vt 0.397411 0.952153
vt 0.394469 0.943327
vt 0.394469 0.881548
vt 0.394469 0.908025
vt 0.388585 0.881548
vt 0.388585 0.872722
vt 0.388585 0.908025
vt 0.388585 0.899199
vt 0.388585 0.934502
vt 0.388585 0.925676
vt 0.391527 0.863896
vt 0.388585 0.890373
vt 0.388585 0.916850
vt 0.391527 0.952153
vt 0.388585 0.943327
vt 0.382701 0.916850
vt 0.382701 0.908025
vt 0.382701 0.943327
vt 0.382701 0.934502
vt 0.382701 0.881548
vt 0.382701 0.872722
vt 0.382701 0.899199
vt 0.382701 0.925676
vt 0.385643 0.863896
vt 0.382701 0.890373
vt 0.385643 0.952153
vt 0.379760 0.952153
vt 0.376818 0.943327
vt 0.376818 0.890373
vt 0.376818 0.881548
vt 0.376818 0.916850
vt 0.376818 0.908025
vt 0.376818 0.934502
vt 0.376818 0.872722
vt 0.376818 0.899199
vt 0.376818 0.925676
vt 0.379760 0.863896
vt 0.465074 0.916850
vt 0.465074 0.925676
vt 0.459191 0.925676
vt 0.459191 0.916850
vt 0.465074 0.943327
vt 0.462133 0.952153
vt 0.459191 0.943327
vt 0.465074 0.881548
vt 0.465074 0.890373
vt 0.459191 0.890373
vt 0.459191 0.881548
vt 0.465074 0.908025
vt 0.459191 0.908025
vt 0.465074 0.934502
vt 0.459191 0.934502
vt 0.465074 0.872722
vt 0.459191 0.872722
vt 0.465074 0.899199
vt 0.459191 0.899199
vt 0.462133 0.863896
vt 0.456249 0.863896
vt 0.453307 0.872722
vt 0.453307 0.899199
vt 0.453307 0.890373
vt 0.453307 0.925676
vt 0.453307 0.916850
vt 0.456249 0.952153
vt 0.453307 0.943327
vt 0.453307 0.881548
vt 0.453307 0.908025
vt 0.453307 0.934502
vt 0.447423 0.908025
vt 0.447423 0.899199
vt 0.447423 0.934502
vt 0.447423 0.925676
vt 0.450365 0.863896
vt 0.447423 0.872722
vt 0.447423 0.890373
vt 0.447423 0.916850
vt 0.450365 0.952153
vt 0.447423 0.943327
vt 0.447423 0.881548
vt 0.444481 0.863896
vt 0.444481 0.952153
vt 0.978377 0.866376
vt 0.978377 0.975636
vt 0.954097 0.975636
vt 0.954097 0.866376
vt 0.929817 0.975636
vt 0.929817 0.866376
vt 0.905537 0.975636
vt 0.905537 0.866376
vt 0.881257 0.975636
vt 0.881257 0.866376
vt 0.856978 0.975636
vt 0.856978 0.866376
vt 0.832698 0.975636
vt 0.832698 0.866376
vt 0.808418 0.975636
vt 0.808418 0.866376
vt 0.784138 0.975636
vt 0.784138 0.866376
vt 0.759858 0.975636
vt 0.759858 0.866376
vt 0.848198 0.851922
vt 0.814488 0.864191
vt 0.780777 0.851922
vt 0.762840 0.820854
vt 0.769069 0.785524
vt 0.796551 0.762465
vt 0.832425 0.762465
vt 0.859906 0.785524
vt 0.866136 0.820854
vt 0.923747 0.864191
vt 0.957458 0.851922
vt 0.975395 0.820854
vt 0.969166 0.785524
vt 0.941684 0.762465
vt 0.905810 0.762465
vt 0.878329 0.785524
vt 0.872099 0.820854
vt 0.890037 0.851922
vt 0.046506 0.956471
vt 0.040305 0.970423
s 1
f 2201/1551/1056 2200/1552/1057 2072/1553/1058 2073/1554/1059
f 2143/1555/1060 2070/1556/1061 2079/1557/1062
f 2068/1558/1063 2067/1559/1064 2076/1560/1065 2077/1561/1066
f 2065/1562/1067 2201/1551/1056 2073/1554/1059 2074/1563/1068
f 2199/1564/1069 2144/1565/1070 2071/1566/1071
f 2069/1567/1072 2068/1558/1063 2077/1561/1066 2078/1568/1073
f 2066/1569/1074 2065/1562/1067 2074/1563/1068 2075/1570/1075
f 2200/1552/1057 2199/1564/1069 2071/1566/1071 2072/1553/1058
f 2070/1556/1061 2069/1567/1072 2078/1568/1073 2079/1557/1062
f 2067/1559/1064 2066/1569/1074 2075/1570/1075 2076/1560/1065
f 2073/1554/1059 2072/1553/1058 2081/1571/1076 2082/1572/1077
f 2143/1573/1060 2079/1557/1062 2088/1574/1078
f 2077/1561/1066 2076/1560/1065 2085/1575/1079 2086/1576/1080
f 2074/1563/1068 2073/1554/1059 2082/1572/1077 2083/1577/1081
f 2071/1566/1071 2144/1578/1070 2080/1579/1082
f 2078/1568/1073 2077/1561/1066 2086/1576/1080 2087/1580/1083
f 2075/1570/1075 2074/1563/1068 2083/1577/1081 2084/1581/1084
f 2072/1553/1058 2071/1566/1071 2080/1579/1082 2081/1571/1076
f 2079/1557/1062 2078/1568/1073 2087/1580/1083 2088/1574/1078
f 2076/1560/1065 2075/1570/1075 2084/1581/1084 2085/1575/1079
f 2085/1575/1079 2084/1581/1084 2093/1582/1085 2094/1583/1086
f 2082/1572/1077 2081/1571/1076 2090/1584/1087 2091/1585/1088
f 2143/1586/1060 2088/1574/1078 2097/1587/1089
f 2086/1576/1080 2085/1575/1079 2094/1583/1086 2095/1588/1090
f 2083/1577/1081 2082/1572/1077 2091/1585/1088 2092/1589/1091
f 2080/1579/1082 2144/1590/1070 2089/1591/1092
f 2087/1580/1083 2086/1576/1080 2095/1588/1090 2096/1592/1093
f 2084/1581/1084 2083/1577/1081 2092/1589/1091 2093/1582/1085
f 2081/1571/1076 2080/1579/1082 2089/1591/1092 2090/1584/1087
f 2088/1574/1078 2087/1580/1083 2096/1592/1093 2097/1587/1089
f 2090/1584/1087 2089/1591/1092 2098/1593/1094 2099/1594/1095
f 2097/1587/1089 2096/1592/1093 2105/1595/1096 2106/1596/1097
f 2094/1583/1086 2093/1582/1085 2102/1597/1098 2103/1598/1099
f 2091/1585/1088 2090/1584/1087 2099/1594/1095 2100/1599/1100
f 2143/1600/1060 2097/1587/1089 2106/1596/1097
f 2095/1588/1090 2094/1583/1086 2103/1598/1099 2104/1601/1101
f 2092/1589/1091 2091/1585/1088 2100/1599/1100 2101/1602/1102
f 2089/1591/1092 2144/1603/1070 2098/1593/1094
f 2096/1592/1093 2095/1588/1090 2104/1601/1101 2105/1595/1096
f 2093/1582/1085 2092/1589/1091 2101/1602/1102 2102/1597/1098
f 2105/1595/1096 2104/1601/1101 2113/1604/1103 2114/1605/1104
f 2102/1597/1098 2101/1602/1102 2110/1606/1105 2111/1607/1106
f 2099/1594/1095 2098/1593/1094 2107/1608/1107 2108/1609/1108
f 2106/1596/1097 2105/1595/1096 2114/1605/1104 2115/1610/1109
f 2103/1598/1099 2102/1597/1098 2111/1607/1106 2112/1611/1110
f 2100/1599/1100 2099/1594/1095 2108/1609/1108 2109/1612/1111
f 2143/1613/1060 2106/1596/1097 2115/1610/1109
f 2104/1601/1101 2103/1598/1099 2112/1611/1110 2113/1604/1103
f 2101/1602/1102 2100/1599/1100 2109/1612/1111 2110/1606/1105
f 2098/1593/1094 2144/1614/1070 2107/1608/1107
f 2110/1606/1105 2109/1612/1111 2118/1615/1112 2119/1616/1113
f 2107/1608/1107 2144/1617/1070 2116/1618/1114
f 2114/1605/1104 2113/1604/1103 2122/1619/1115 2123/1620/1116
f 2111/1607/1106 2110/1606/1105 2119/1616/1113 2120/1621/1117
f 2108/1609/1108 2107/1608/1107 2116/1618/1114 2117/1622/1118
f 2115/1610/1109 2114/1605/1104 2123/1620/1116 2124/1623/1119
f 2112/1611/1110 2111/1607/1106 2120/1621/1117 2121/1624/1120
f 2109/1612/1111 2108/1609/1108 2117/1622/1118 2118/1615/1112
f 2143/1625/1060 2115/1610/1109 2124/1623/1119
f 2113/1604/1103 2112/1611/1110 2121/1624/1120 2122/1619/1115
f 2122/1619/1115 2121/1624/1120 2130/1626/1121 2131/1627/1122
f 2119/1616/1113 2118/1615/1112 2127/1628/1123 2128/1629/1124
f 2116/1618/1114 2144/1630/1070 2125/1631/1125
f 2123/1620/1116 2122/1619/1115 2131/1627/1122 2132/1632/1126
f 2120/1621/1117 2119/1616/1113 2128/1629/1124 2129/1633/1127
f 2117/1622/1118 2116/1618/1114 2125/1631/1125 2126/1634/1128
f 2124/1623/1119 2123/1620/1116 2132/1632/1126 2133/1635/1129
f 2121/1624/1120 2120/1621/1117 2129/1633/1127 2130/1626/1121
f 2118/1615/1112 2117/1622/1118 2126/1634/1128 2127/1628/1123
f 2143/1636/1060 2124/1623/1119 2133/1635/1129
f 2127/1628/1123 2126/1634/1128 2135/1637/1130 2136/1638/1131
f 2143/1639/1060 2133/1635/1129 2142/1640/1132
f 2131/1627/1122 2130/1626/1121 2139/1641/1133 2140/1642/1134
f 2128/1629/1124 2127/1628/1123 2136/1638/1131 2137/1643/1135
f 2125/1631/1125 2144/1644/1070 2134/1645/1136
f 2132/1632/1126 2131/1627/1122 2140/1642/1134 2141/1646/1137
f 2129/1633/1127 2128/1629/1124 2137/1643/1135 2138/1647/1138
f 2126/1634/1128 2125/1631/1125 2134/1645/1136 2135/1637/1130
f 2133/1635/1129 2132/1632/1126 2141/1646/1137 2142/1640/1132
f 2130/1626/1121 2129/1633/1127 2138/1647/1138 2139/1641/1133
f 2142/1640/1132 2141/1646/1137 2152/1648/1139 2153/1649/1140
f 2139/1641/1133 2138/1647/1138 2149/1650/1141 2150/1651/1142
f 2136/1638/1131 2135/1637/1130 2146/1652/1143 2147/1653/1144
f 2143/1654/1060 2142/1640/1132 2153/1649/1140
f 2140/1642/1134 2139/1641/1133 2150/1651/1142 2151/1655/1145
f 2137/1643/1135 2136/1638/1131 2147/1653/1144 2148/1656/1146
f 2134/1645/1136 2144/1657/1070 2145/1658/1147
f 2141/1646/1137 2140/1642/1134 2151/1655/1145 2152/1648/1139
f 2138/1647/1138 2137/1643/1135 2148/1656/1146 2149/1650/1141
f 2135/1637/1130 2134/1645/1136 2145/1658/1147 2146/1652/1143
f 2149/1650/1141 2148/1656/1146 2157/1659/1148 2158/1660/1149
f 2146/1652/1143 2145/1658/1147 2154/1661/1150 2155/1662/1151
f 2153/1649/1140 2152/1648/1139 2161/1663/1152 2162/1664/1153
f 2150/1651/1142 2149/1650/1141 2158/1660/1149 2159/1665/1154
f 2147/1653/1144 2146/1652/1143 2155/1662/1151 2156/1666/1155
f 2143/1667/1060 2153/1649/1140 2162/1664/1153
f 2151/1655/1145 2150/1651/1142 2159/1665/1154 2160/1668/1156
f 2148/1656/1146 2147/1653/1144 2156/1666/1155 2157/1659/1148
f 2145/1658/1147 2144/1669/1070 2154/1661/1150
f 2152/1648/1139 2151/1655/1145 2160/1668/1156 2161/1663/1152
f 2154/1661/1150 2144/1670/1070 2163/1671/1157
f 2161/1663/1152 2160/1668/1156 2169/1672/1158 2170/1673/1159
f 2158/1660/1149 2157/1659/1148 2166/1674/1160 2167/1675/1161
f 2155/1662/1151 2154/1661/1150 2163/1671/1157 2164/1676/1162
f 2162/1664/1153 2161/1663/1152 2170/1673/1159 2171/1677/1163
f 2159/1665/1154 2158/1660/1149 2167/1675/1161 2168/1678/1164
f 2156/1666/1155 2155/1662/1151 2164/1676/1162 2165/1679/1165
f 2143/1680/1060 2162/1664/1153 2171/1677/1163
f 2160/1668/1156 2159/1665/1154 2168/1678/1164 2169/1672/1158
f 2157/1659/1148 2156/1666/1155 2165/1679/1165 2166/1674/1160
f 2166/1681/1160 2165/1682/1165 2174/1683/1166 2175/1684/1167
f 2163/1685/1157 2144/1686/1070 2172/1687/1168
f 2170/1688/1159 2169/1689/1158 2178/1690/1169 2179/1691/1170
f 2167/1692/1161 2166/1681/1160 2175/1684/1167 2176/1693/1171
f 2164/1694/1162 2163/1685/1157 2172/1687/1168 2173/1695/1172
f 2171/1696/1163 2170/1688/1159 2179/1691/1170 2180/1697/1173
f 2168/1698/1164 2167/1692/1161 2176/1693/1171 2177/1699/1174
f 2165/1682/1165 2164/1694/1162 2173/1695/1172 2174/1683/1166
f 2143/1700/1060 2171/1696/1163 2180/1697/1173
f 2169/1689/1158 2168/1698/1164 2177/1699/1174 2178/1690/1169
f 2143/1701/1060 2180/1697/1173 2189/1702/1175
f 2178/1690/1169 2177/1699/1174 2186/1703/1176 2187/1704/1177
f 2175/1684/1167 2174/1683/1166 2183/1705/1178 2184/1706/1179
f 2172/1687/1168 2144/1707/1070 2181/1708/1180
f 2179/1691/1170 2178/1690/1169 2187/1704/1177 2188/1709/1181
f 2176/1693/1171 2175/1684/1167 2184/1706/1179 2185/1710/1182
f 2173/1695/1172 2172/1687/1168 2181/1708/1180 2182/1711/1183
f 2180/1697/1173 2179/1691/1170 2188/1709/1181 2189/1702/1175
f 2177/1699/1174 2176/1693/1171 2185/1710/1182 2186/1703/1176
f 2174/1683/1166 2173/1695/1172 2182/1711/1183 2183/1705/1178
f 2186/1703/1176 2185/1710/1182 2194/1712/1184 2195/1713/1185
f 2183/1705/1178 2182/1711/1183 2191/1714/1186 2192/1715/1187
f 2143/1716/1060 2189/1702/1175 2198/1717/1188
f 2187/1704/1177 2186/1703/1176 2195/1713/1185 2196/1718/1189
f 2184/1706/1179 2183/1705/1178 2192/1715/1187 2193/1719/1190
f 2181/1708/1180 2144/1720/1070 2190/1721/1191
f 2188/1709/1181 2187/1704/1177 2196/1718/1189 2197/1722/1192
f 2185/1710/1182 2184/1706/1179 2193/1719/1190 2194/1712/1184
f 2182/1711/1183 2181/1708/1180 2190/1721/1191 2191/1714/1186
f 2189/1702/1175 2188/1709/1181 2197/1722/1192 2198/1717/1188
f 2191/1714/1186 2190/1721/1191 2199/1564/1069 2200/1552/1057
f 2198/1717/1188 2197/1722/1192 2069/1567/1072 2070/1556/1061
f 2195/1713/1185 2194/1712/1184 2066/1569/1074 2067/1559/1064
f 2192/1715/1187 2191/1714/1186 2200/1552/1057 2201/1551/1056
f 2143/1723/1060 2198/1717/1188 2070/1556/1061
f 2196/1718/1189 2195/1713/1185 2067/1559/1064 2068/1558/1063
f 2193/1719/1190 2192/1715/1187 2201/1551/1056 2065/1562/1067
f 2190/1721/1191 2144/1724/1070 2199/1564/1069
f 2197/1722/1192 2196/1718/1189 2068/1558/1063 2069/1567/1072
f 2194/1712/1184 2193/1719/1190 2065/1562/1067 2066/1569/1074
s 0
f 2202/1725/1193 2203/1726/1193 2205/1727/1193 2204/1728/1193
f 2204/1728/1194 2205/1727/1194 2207/1729/1194 2206/1730/1194
f 2206/1730/1195 2207/1729/1195 2209/1731/1195 2208/1732/1195
f 2208/1732/1196 2209/1731/1196 2211/1733/1196 2210/1734/1196
f 2210/1734/1197 2211/1733/1197 2213/1735/1197 2212/1736/1197
f 2212/1736/1198 2213/1735/1198 2215/1737/1198 2214/1738/1198
f 2214/1738/1199 2215/1737/1199 2217/1739/1199 2216/1740/1199
f 2205/1727/1200 2203/1726/1200 2221/1726/1200 2220/1727/1200
f 2216/1740/1201 2217/1739/1201 2219/1741/1201 2218/1742/1201
f 2218/1742/1202 2219/1741/1202 2203/1743/1202 2202/1744/1202
f 2206/1730/1203 2208/1732/1203 2268/1732/1203 2267/1730/1203
f 2275/1743/1204 2274/1741/1204 2237/1741/1204 2230/1743/1204
f 2209/1731/1205 2207/1729/1205 2222/1729/1205 2223/1731/1205
f 2207/1729/1206 2205/1727/1206 2220/1727/1206 2222/1729/1206
f 2203/1743/1207 2219/1741/1207 2228/1741/1207 2221/1743/1207
f 2219/1741/1208 2217/1739/1208 2227/1739/1208 2228/1741/1208
f 2217/1739/1209 2215/1737/1209 2226/1737/1209 2227/1739/1209
f 2215/1737/1210 2213/1735/1210 2225/1735/1210 2226/1737/1210
f 2213/1735/1211 2211/1733/1211 2224/1733/1211 2225/1735/1211
f 2211/1733/1212 2209/1731/1212 2223/1731/1212 2224/1733/1212
f 2237/1741/1213 2236/1739/1213 2245/1739/1213 2246/1741/1213
f 2277/1737/1214 2276/1735/1214 2234/1735/1214 2235/1737/1214
f 2279/1731/1215 2278/1729/1215 2231/1729/1215 2232/1731/1215
f 2280/1739/1216 2277/1737/1216 2235/1737/1216 2236/1739/1216
f 2281/1733/1217 2279/1731/1217 2232/1731/1217 2233/1733/1217
f 2282/1727/1218 2275/1726/1218 2230/1726/1218 2229/1727/1218
f 2274/1741/1219 2280/1739/1219 2236/1739/1219 2237/1741/1219
f 2276/1735/1220 2281/1733/1220 2233/1733/1220 2234/1735/1220
f 2278/1729/1221 2282/1727/1221 2229/1727/1221 2231/1729/1221
f 2241/1731/1222 2240/1729/1222 2249/1729/1222 2250/1731/1222
f 2234/1735/1223 2233/1733/1223 2242/1733/1223 2243/1735/1223
f 2231/1729/1224 2229/1727/1224 2238/1727/1224 2240/1729/1224
f 2230/1743/1225 2237/1741/1225 2246/1741/1225 2239/1743/1225
f 2235/1737/1226 2234/1735/1226 2243/1735/1226 2244/1737/1226
f 2232/1731/1227 2231/1729/1227 2240/1729/1227 2241/1731/1227
f 2236/1739/1228 2235/1737/1228 2244/1737/1228 2245/1739/1228
f 2233/1733/1229 2232/1731/1229 2241/1731/1229 2242/1733/1229
f 2229/1727/1230 2230/1726/1230 2239/1726/1230 2238/1727/1230
f 2249/1729/1231 2247/1727/1231 2256/1727/1231 2258/1729/1231
f 2245/1739/1232 2244/1737/1232 2253/1737/1232 2254/1739/1232
f 2242/1733/1233 2241/1731/1233 2250/1731/1233 2251/1733/1233
f 2238/1727/1234 2239/1726/1234 2248/1726/1234 2247/1727/1234
f 2246/1741/1235 2245/1739/1235 2254/1739/1235 2255/1741/1235
f 2243/1735/1236 2242/1733/1236 2251/1733/1236 2252/1735/1236
f 2240/1729/1237 2238/1727/1237 2247/1727/1237 2249/1729/1237
f 2239/1743/1238 2246/1741/1238 2255/1741/1238 2248/1743/1238
f 2244/1737/1239 2243/1735/1239 2252/1735/1239 2253/1737/1239
f 2256/1745/1240 2257/1746/1240 2264/1747/1240 2263/1748/1240 2262/1749/1240 2261/1750/1240 2260/1751/1240 2259/1752/1240 2258/1753/1240
f 2248/1743/1241 2255/1741/1241 2264/1741/1241 2257/1743/1241
f 2253/1737/1242 2252/1735/1242 2261/1735/1242 2262/1737/1242
f 2250/1731/1243 2249/1729/1243 2258/1729/1243 2259/1731/1243
f 2254/1739/1244 2253/1737/1244 2262/1737/1244 2263/1739/1244
f 2251/1733/1245 2250/1731/1245 2259/1731/1245 2260/1733/1245
f 2247/1727/1246 2248/1726/1246 2257/1726/1246 2256/1727/1246
f 2255/1741/1247 2254/1739/1247 2263/1739/1247 2264/1741/1247
f 2252/1735/1248 2251/1733/1248 2260/1733/1248 2261/1735/1248
f 2265/1754/1249 2266/1755/1249 2267/1756/1249 2268/1757/1249 2269/1758/1249 2270/1759/1249 2271/1760/1249 2272/1761/1249 2273/1762/1249
f 2204/1728/1250 2206/1730/1250 2267/1730/1250 2266/1728/1250
f 2218/1742/1251 2202/1744/1251 2265/1744/1251 2273/1742/1251
f 2216/1740/1252 2218/1742/1252 2273/1742/1252 2272/1740/1252
f 2214/1738/1253 2216/1740/1253 2272/1740/1253 2271/1738/1253
f 2212/1736/1254 2214/1738/1254 2271/1738/1254 2270/1736/1254
f 2210/1734/1255 2212/1736/1255 2270/1736/1255 2269/1734/1255
f 2208/1732/1256 2210/1734/1256 2269/1734/1256 2268/1732/1256
f 2202/1725/1257 2204/1728/1257 2266/1728/1257 2265/1725/1257
f 2222/1729/1258 2220/1727/1258 2282/1727/1258 2278/1729/1258
f 2225/1735/1259 2224/1733/1259 2281/1733/1259 2276/1735/1259
f 2228/1741/1260 2227/1739/1260 2280/1739/1260 2274/1741/1260
f 2220/1727/1261 2221/1726/1261 2275/1726/1261 2282/1727/1261
f 2224/1733/1262 2223/1731/1262 2279/1731/1262 2281/1733/1262
f 2227/1739/1263 2226/1737/1263 2277/1737/1263 2280/1739/1263
f 2223/1731/1264 2222/1729/1264 2278/1729/1264 2279/1731/1264
f 2226/1737/1265 2225/1735/1265 2276/1735/1265 2277/1737/1265
f 2221/1743/1266 2228/1741/1266 2274/1741/1266 2275/1743/1266
f 2283/1763/1070 2291/1763/1070 2290/1763/1070 2289/1763/1070 2288/1763/1070 2287/1763/1070 2286/1763/1070 2285/1763/1070 2284/1763/1070
f 2292/1763/1060 2293/1763/1060 2294/1763/1060 2295/1763/1060 2296/1763/1060 2297/1763/1060 2298/1763/1060 2299/1763/1060 2300/1763/1060
f 2283/1763/1267 2284/1763/1267 2293/1763/1267 2292/1763/1267
f 2284/1763/1268 2285/1763/1268 2294/1763/1268 2293/1763/1268
f 2285/1763/1269 2286/1763/1269 2295/1763/1269 2294/1763/1269
f 2286/1763/1270 2287/1763/1270 2296/1763/1270 2295/1763/1270
f 2287/1763/1271 2288/1763/1271 2297/1763/1271 2296/1763/1271
f 2288/1763/1272 2289/1763/1272 2298/1763/1272 2297/1763/1272
f 2289/1763/1273 2290/1763/1273 2299/1763/1273 2298/1763/1273
f 2291/1763/1274 2283/1763/1274 2292/1763/1274 2300/1763/1274
f 2290/1763/1275 2291/1763/1275 2300/1763/1275 2299/1763/1275
f 2305/1764/1060 2302/1764/1060 2303/1764/1060 2304/1764/1060 2301/1764/1060 2319/1764/1060 2318/1764/1060 2317/1764/1060 2316/1764/1060 2315/1764/1060 2314/1764/1060 2313/1764/1060 2312/1764/1060 2311/1764/1060 2310/1764/1060 2309/1764/1060 2308/1764/1060 2307/1764/1060 2306/1764/1060
f 2324/1764/1070 2325/1764/1070 2326/1764/1070 2327/1764/1070 2328/1764/1070 2329/1764/1070 2330/1764/1070 2331/1764/1070 2332/1764/1070 2333/1764/1070 2334/1764/1070 2335/1764/1070 2336/1764/1070 2337/1764/1070 2338/1764/1070 2320/1764/1070 2323/1764/1070 2322/1764/1070 2321/1764/1070
f 2305/1764/1276 2306/1764/1276 2325/1764/1276 2324/1764/1276
f 2302/1764/1277 2305/1764/1277 2324/1764/1277 2321/1764/1277
f 2303/1764/1278 2302/1764/1278 2321/1764/1278 2322/1764/1278
f 2304/1764/1279 2303/1764/1279 2322/1764/1279 2323/1764/1279
f 2301/1764/1280 2304/1764/1280 2323/1764/1280 2320/1764/1280
f 2306/1764/1281 2307/1764/1281 2326/1764/1281 2325/1764/1281
f 2307/1764/1282 2308/1764/1282 2327/1764/1282 2326/1764/1282
f 2308/1764/1283 2309/1764/1283 2328/1764/1283 2327/1764/1283
f 2309/1764/1284 2310/1764/1284 2329/1764/1284 2328/1764/1284
f 2310/1764/1285 2311/1764/1285 2330/1764/1285 2329/1764/1285
f 2311/1764/1286 2312/1764/1286 2331/1764/1286 2330/1764/1286
f 2312/1764/1287 2313/1764/1287 2332/1764/1287 2331/1764/1287
f 2313/1764/1288 2314/1764/1288 2333/1764/1288 2332/1764/1288
f 2314/1764/1289 2315/1764/1289 2334/1764/1289 2333/1764/1289
f 2315/1764/1290 2316/1764/1290 2335/1764/1290 2334/1764/1290
f 2316/1764/1291 2317/1764/1291 2336/1764/1291 2335/1764/1291
f 2317/1764/1292 2318/1764/1292 2337/1764/1292 2336/1764/1292
f 2318/1764/1293 2319/1764/1293 2338/1764/1293 2337/1764/1293
f 2319/1764/1294 2301/1764/1294 2320/1764/1294 2338/1764/1294
s 1
f 2475/1551/1056 2474/1552/1057 2346/1553/1058 2347/1554/1059
f 2417/1555/1060 2344/1556/1061 2353/1557/1062
f 2342/1558/1063 2341/1559/1064 2350/1560/1065 2351/1561/1066
f 2339/1562/1067 2475/1551/1056 2347/1554/1059 2348/1563/1068
f 2473/1564/1069 2418/1565/1070 2345/1566/1071
f 2343/1567/1072 2342/1558/1063 2351/1561/1066 2352/1568/1073
f 2340/1569/1074 2339/1562/1067 2348/1563/1068 2349/1570/1075
f 2474/1552/1057 2473/1564/1069 2345/1566/1071 2346/1553/1058
f 2344/1556/1061 2343/1567/1072 2352/1568/1073 2353/1557/1062
f 2341/1559/1064 2340/1569/1074 2349/1570/1075 2350/1560/1065
f 2347/1554/1059 2346/1553/1058 2355/1571/1076 2356/1572/1077
f 2417/1573/1060 2353/1557/1062 2362/1574/1078
f 2351/1561/1066 2350/1560/1065 2359/1575/1079 2360/1576/1080
f 2348/1563/1068 2347/1554/1059 2356/1572/1077 2357/1577/1081
f 2345/1566/1071 2418/1578/1070 2354/1579/1082
f 2352/1568/1073 2351/1561/1066 2360/1576/1080 2361/1580/1083
f 2349/1570/1075 2348/1563/1068 2357/1577/1081 2358/1581/1084
f 2346/1553/1058 2345/1566/1071 2354/1579/1082 2355/1571/1076
f 2353/1557/1062 2352/1568/1073 2361/1580/1083 2362/1574/1078
f 2350/1560/1065 2349/1570/1075 2358/1581/1084 2359/1575/1079
f 2359/1575/1079 2358/1581/1084 2367/1582/1085 2368/1583/1086
f 2356/1572/1077 2355/1571/1076 2364/1584/1087 2365/1585/1088
f 2417/1586/1060 2362/1574/1078 2371/1587/1089
f 2360/1576/1080 2359/1575/1079 2368/1583/1086 2369/1588/1090
f 2357/1577/1081 2356/1572/1077 2365/1585/1088 2366/1589/1091
f 2354/1579/1082 2418/1590/1070 2363/1591/1092
f 2361/1580/1083 2360/1576/1080 2369/1588/1090 2370/1592/1093
f 2358/1581/1084 2357/1577/1081 2366/1589/1091 2367/1582/1085
f 2355/1571/1076 2354/1579/1082 2363/1591/1092 2364/1584/1087
f 2362/1574/1078 2361/1580/1083 2370/1592/1093 2371/1587/1089
f 2364/1584/1087 2363/1591/1092 2372/1593/1094 2373/1594/1095
f 2371/1587/1089 2370/1592/1093 2379/1595/1096 2380/1596/1097
f 2368/1583/1086 2367/1582/1085 2376/1597/1098 2377/1598/1099
f 2365/1585/1088 2364/1584/1087 2373/1594/1095 2374/1599/1100
f 2417/1600/1060 2371/1587/1089 2380/1596/1097
f 2369/1588/1090 2368/1583/1086 2377/1598/1099 2378/1601/1101
f 2366/1589/1091 2365/1585/1088 2374/1599/1100 2375/1602/1102
f 2363/1591/1092 2418/1603/1070 2372/1593/1094
f 2370/1592/1093 2369/1588/1090 2378/1601/1101 2379/1595/1096
f 2367/1582/1085 2366/1589/1091 2375/1602/1102 2376/1597/1098
f 2379/1595/1096 2378/1601/1101 2387/1604/1103 2388/1605/1104
f 2376/1597/1098 2375/1602/1102 2384/1606/1105 2385/1607/1106
f 2373/1594/1095 2372/1593/1094 2381/1608/1107 2382/1609/1108
f 2380/1596/1097 2379/1595/1096 2388/1605/1104 2389/1610/1109
f 2377/1598/1099 2376/1597/1098 2385/1607/1106 2386/1611/1110
f 2374/1599/1100 2373/1594/1095 2382/1609/1108 2383/1612/1111
f 2417/1613/1060 2380/1596/1097 2389/1610/1109
f 2378/1601/1101 2377/1598/1099 2386/1611/1110 2387/1604/1103
f 2375/1602/1102 2374/1599/1100 2383/1612/1111 2384/1606/1105
f 2372/1593/1094 2418/1614/1070 2381/1608/1107
f 2384/1606/1105 2383/1612/1111 2392/1615/1112 2393/1616/1113
f 2381/1608/1107 2418/1617/1070 2390/1618/1114
f 2388/1605/1104 2387/1604/1103 2396/1619/1115 2397/1620/1116
f 2385/1607/1106 2384/1606/1105 2393/1616/1113 2394/1621/1117
f 2382/1609/1108 2381/1608/1107 2390/1618/1114 2391/1622/1118
f 2389/1610/1109 2388/1605/1104 2397/1620/1116 2398/1623/1119
f 2386/1611/1110 2385/1607/1106 2394/1621/1117 2395/1624/1120
f 2383/1612/1111 2382/1609/1108 2391/1622/1118 2392/1615/1112
f 2417/1625/1060 2389/1610/1109 2398/1623/1119
f 2387/1604/1103 2386/1611/1110 2395/1624/1120 2396/1619/1115
f 2396/1619/1115 2395/1624/1120 2404/1626/1121 2405/1627/1122
f 2393/1616/1113 2392/1615/1112 2401/1628/1123 2402/1629/1124
f 2390/1618/1114 2418/1630/1070 2399/1631/1125
f 2397/1620/1116 2396/1619/1115 2405/1627/1122 2406/1632/1126
f 2394/1621/1117 2393/1616/1113 2402/1629/1124 2403/1633/1127
f 2391/1622/1118 2390/1618/1114 2399/1631/1125 2400/1634/1128
f 2398/1623/1119 2397/1620/1116 2406/1632/1126 2407/1635/1129
f 2395/1624/1120 2394/1621/1117 2403/1633/1127 2404/1626/1121
f 2392/1615/1112 2391/1622/1118 2400/1634/1128 2401/1628/1123
f 2417/1636/1060 2398/1623/1119 2407/1635/1129
f 2401/1628/1123 2400/1634/1128 2409/1637/1130 2410/1638/1131
f 2417/1639/1060 2407/1635/1129 2416/1640/1132
f 2405/1627/1122 2404/1626/1121 2413/1641/1133 2414/1642/1134
f 2402/1629/1124 2401/1628/1123 2410/1638/1131 2411/1643/1135
f 2399/1631/1125 2418/1644/1070 2408/1645/1136
f 2406/1632/1126 2405/1627/1122 2414/1642/1134 2415/1646/1137
f 2403/1633/1127 2402/1629/1124 2411/1643/1135 2412/1647/1138
f 2400/1634/1128 2399/1631/1125 2408/1645/1136 2409/1637/1130
f 2407/1635/1129 2406/1632/1126 2415/1646/1137 2416/1640/1132
f 2404/1626/1121 2403/1633/1127 2412/1647/1138 2413/1641/1133
f 2416/1640/1132 2415/1646/1137 2426/1648/1139 2427/1649/1140
f 2413/1641/1133 2412/1647/1138 2423/1650/1141 2424/1651/1142
f 2410/1638/1131 2409/1637/1130 2420/1652/1143 2421/1653/1144
f 2417/1654/1060 2416/1640/1132 2427/1649/1140
f 2414/1642/1134 2413/1641/1133 2424/1651/1142 2425/1655/1145
f 2411/1643/1135 2410/1638/1131 2421/1653/1144 2422/1656/1146
f 2408/1645/1136 2418/1657/1070 2419/1658/1147
f 2415/1646/1137 2414/1642/1134 2425/1655/1145 2426/1648/1139
f 2412/1647/1138 2411/1643/1135 2422/1656/1146 2423/1650/1141
f 2409/1637/1130 2408/1645/1136 2419/1658/1147 2420/1652/1143
f 2423/1650/1141 2422/1656/1146 2431/1659/1148 2432/1660/1149
f 2420/1652/1143 2419/1658/1147 2428/1661/1150 2429/1662/1151
f 2427/1649/1140 2426/1648/1139 2435/1663/1152 2436/1664/1153
f 2424/1651/1142 2423/1650/1141 2432/1660/1149 2433/1665/1154
f 2421/1653/1144 2420/1652/1143 2429/1662/1151 2430/1666/1155
f 2417/1667/1060 2427/1649/1140 2436/1664/1153
f 2425/1655/1145 2424/1651/1142 2433/1665/1154 2434/1668/1156
f 2422/1656/1146 2421/1653/1144 2430/1666/1155 2431/1659/1148
f 2419/1658/1147 2418/1669/1070 2428/1661/1150
f 2426/1648/1139 2425/1655/1145 2434/1668/1156 2435/1663/1152
f 2428/1661/1150 2418/1670/1070 2437/1671/1157
f 2435/1663/1152 2434/1668/1156 2443/1672/1158 2444/1673/1159
f 2432/1660/1149 2431/1659/1148 2440/1674/1160 2441/1675/1161
f 2429/1662/1151 2428/1661/1150 2437/1671/1157 2438/1676/1162
f 2436/1664/1153 2435/1663/1152 2444/1673/1159 2445/1677/1163
f 2433/1665/1154 2432/1660/1149 2441/1675/1161 2442/1678/1164
f 2430/1666/1155 2429/1662/1151 2438/1676/1162 2439/1679/1165
f 2417/1680/1060 2436/1664/1153 2445/1677/1163
f 2434/1668/1156 2433/1665/1154 2442/1678/1164 2443/1672/1158
f 2431/1659/1148 2430/1666/1155 2439/1679/1165 2440/1674/1160
f 2440/1681/1160 2439/1682/1165 2448/1683/1166 2449/1684/1167
f 2437/1685/1157 2418/1686/1070 2446/1687/1168
f 2444/1688/1159 2443/1689/1158 2452/1690/1169 2453/1691/1170
f 2441/1692/1161 2440/1681/1160 2449/1684/1167 2450/1693/1171
f 2438/1694/1162 2437/1685/1157 2446/1687/1168 2447/1695/1172
f 2445/1696/1163 2444/1688/1159 2453/1691/1170 2454/1697/1173
f 2442/1698/1164 2441/1692/1161 2450/1693/1171 2451/1699/1174
f 2439/1682/1165 2438/1694/1162 2447/1695/1172 2448/1683/1166
f 2417/1700/1060 2445/1696/1163 2454/1697/1173
f 2443/1689/1158 2442/1698/1164 2451/1699/1174 2452/1690/1169
f 2417/1701/1060 2454/1697/1173 2463/1702/1175
f 2452/1690/1169 2451/1699/1174 2460/1703/1176 2461/1704/1177
f 2449/1684/1167 2448/1683/1166 2457/1705/1178 2458/1706/1179
f 2446/1687/1168 2418/1707/1070 2455/1708/1180
f 2453/1691/1170 2452/1690/1169 2461/1704/1177 2462/1709/1181
f 2450/1693/1171 2449/1684/1167 2458/1706/1179 2459/1710/1182
f 2447/1695/1172 2446/1687/1168 2455/1708/1180 2456/1711/1183
f 2454/1697/1173 2453/1691/1170 2462/1709/1181 2463/1702/1175
f 2451/1699/1174 2450/1693/1171 2459/1710/1182 2460/1703/1176
f 2448/1683/1166 2447/1695/1172 2456/1711/1183 2457/1705/1178
f 2460/1703/1176 2459/1710/1182 2468/1712/1184 2469/1713/1185
f 2457/1705/1178 2456/1711/1183 2465/1714/1186 2466/1715/1187
f 2417/1716/1060 2463/1702/1175 2472/1717/1188
f 2461/1704/1177 2460/1703/1176 2469/1713/1185 2470/1718/1189
f 2458/1706/1179 2457/1705/1178 2466/1715/1187 2467/1719/1190
f 2455/1708/1180 2418/1720/1070 2464/1721/1191
f 2462/1709/1181 2461/1704/1177 2470/1718/1189 2471/1722/1192
f 2459/1710/1182 2458/1706/1179 2467/1719/1190 2468/1712/1184
f 2456/1711/1183 2455/1708/1180 2464/1721/1191 2465/1714/1186
f 2463/1702/1175 2462/1709/1181 2471/1722/1192 2472/1717/1188
f 2465/1714/1186 2464/1721/1191 2473/1564/1069 2474/1552/1057
f 2472/1717/1188 2471/1722/1192 2343/1567/1072 2344/1556/1061
f 2469/1713/1185 2468/1712/1184 2340/1569/1074 2341/1559/1064
f 2466/1715/1187 2465/1714/1186 2474/1552/1057 2475/1551/1056
f 2417/1723/1060 2472/1717/1188 2344/1556/1061
f 2470/1718/1189 2469/1713/1185 2341/1559/1064 2342/1558/1063
f 2467/1719/1190 2466/1715/1187 2475/1551/1056 2339/1562/1067
f 2464/1721/1191 2418/1724/1070 2473/1564/1069
f 2471/1722/1192 2470/1718/1189 2342/1558/1063 2343/1567/1072
f 2468/1712/1184 2467/1719/1190 2339/1562/1067 2340/1569/1074
o TropicalFish.003
v 0.879670 -0.151227 0.023653
v 0.879450 -0.143169 0.031550
v 0.881808 -0.133818 0.037411
v 0.886514 -0.124091 0.040663
v 0.893107 -0.114939 0.040986
v 0.900942 -0.107257 0.038350
v 0.898132 -0.162775 -0.002124
v 0.894680 -0.164206 0.008524
v 0.892317 -0.162286 0.019390
v 0.891272 -0.157202 0.029410
v 0.891648 -0.149452 0.037604
v 0.893410 -0.139794 0.043169
v 0.896383 -0.129174 0.045561
v 0.900277 -0.118632 0.044545
v 0.904712 -0.109199 0.040221
v 0.902657 -0.163675 -0.001688
v 0.903288 -0.165919 0.009354
v 0.904164 -0.164643 0.020532
v 0.905200 -0.159973 0.030752
v 0.906293 -0.152365 0.039015
v 0.907337 -0.142565 0.044511
v 0.908231 -0.131531 0.046702
v 0.908885 -0.120344 0.045374
v 0.909237 -0.110099 0.040657
v 0.907156 -0.163379 -0.002762
v 0.911845 -0.165355 0.007310
v 0.915942 -0.163867 0.017719
v 0.919045 -0.159060 0.027446
v 0.920851 -0.151406 0.035539
v 0.921183 -0.141652 0.041205
v 0.920008 -0.130755 0.043890
v 0.917442 -0.119780 0.043331
v 0.913736 -0.109802 0.039583
v 0.910850 -0.161937 -0.005161
v 0.918872 -0.162612 0.002748
v 0.925613 -0.160091 0.011439
v 0.930414 -0.154622 0.020064
v 0.932805 -0.146739 0.027776
v 0.932552 -0.137214 0.033822
v 0.929680 -0.126979 0.037610
v 0.924469 -0.117037 0.038768
v 0.917430 -0.108360 0.037184
v 0.913101 -0.159598 -0.008469
v 0.923153 -0.158164 -0.003545
v 0.931506 -0.153969 0.002778
v 0.937341 -0.147425 0.009881
v 0.940089 -0.139172 0.017070
v 0.939479 -0.130017 0.023640
v 0.935572 -0.120857 0.028948
v 0.928750 -0.112589 0.032475
v 0.919681 -0.106022 0.033875
v 0.913519 -0.156768 -0.012115
v 0.923948 -0.152780 -0.010481
v 0.932601 -0.146559 -0.006768
v 0.938628 -0.138714 -0.001340
v 0.941442 -0.130012 0.005271
v 0.940766 -0.121306 0.012418
v 0.936667 -0.113447 0.019402
v 0.929546 -0.107205 0.025540
v 0.920099 -0.103191 0.030229
v 0.912033 -0.153935 -0.015469
v 0.921121 -0.147392 -0.016859
v 0.928709 -0.139143 -0.015547
v 0.934053 -0.129995 -0.011661
v 0.936632 -0.120845 -0.005581
v 0.936191 -0.112587 0.002098
v 0.932775 -0.106031 0.010623
v 0.926718 -0.101817 0.019161
v 0.918612 -0.100358 0.026876
v 0.908898 -0.151589 -0.017949
v 0.915159 -0.142930 -0.021578
v 0.920503 -0.133002 -0.022042
v 0.924407 -0.122776 -0.019296
v 0.926489 -0.113254 -0.013609
v 0.926545 -0.105368 -0.005537
v 0.924569 -0.099890 0.004129
v 0.920756 -0.097355 0.014443
v 0.915478 -0.098013 0.024395
v 0.909252 -0.101798 0.033012
v 0.902333 -0.158132 -0.011511
v 0.904658 -0.150137 -0.019128
v 0.907094 -0.140167 -0.023821
v 0.909402 -0.129199 -0.025129
v 0.911357 -0.118305 -0.022925
v 0.912767 -0.108553 -0.017424
v 0.913495 -0.100897 -0.009166
v 0.913468 -0.096087 0.001042
v 0.912691 -0.094592 0.012200
v 0.911238 -0.096560 0.023216
v 0.900045 -0.149828 -0.018802
v 0.898319 -0.139580 -0.023200
v 0.897325 -0.128390 -0.024275
v 0.897160 -0.117355 -0.021921
v 0.897840 -0.107554 -0.016369
v 0.899298 -0.099947 -0.008162
v 0.901392 -0.095278 0.001896
v 0.903917 -0.094005 0.012820
v 0.906625 -0.096252 0.023542
v 0.895857 -0.150717 -0.017027
v 0.890354 -0.141270 -0.019823
v 0.886361 -0.130717 -0.019627
v 0.884271 -0.120091 -0.016457
v 0.884287 -0.110431 -0.010624
v 0.886409 -0.102683 -0.002698
v 0.890428 -0.097605 0.006543
v 0.895951 -0.095696 0.016197
v 0.902437 -0.097140 0.025318
v 0.892818 -0.152649 -0.014110
v 0.884573 -0.144946 -0.014274
v 0.878406 -0.135777 -0.011989
v 0.874918 -0.126038 -0.007478
v 0.874454 -0.116684 -0.001183
v 0.877056 -0.108630 0.006280
v 0.882472 -0.102665 0.014181
v 0.890171 -0.099371 0.021746
v 0.899398 -0.099073 0.028235
v 0.891454 -0.155291 -0.010555
v 0.881978 -0.149972 -0.007512
v 0.874834 -0.142694 -0.002682
v 0.870720 -0.134170 0.003463
v 0.870039 -0.125235 0.010321
v 0.872857 -0.116762 0.017221
v 0.878900 -0.109582 0.023488
v 0.887576 -0.104397 0.028508
v 0.898034 -0.101715 0.031790
v 0.892000 -0.158186 -0.006977
v 0.883017 -0.155478 -0.000707
v 0.876263 -0.150273 0.006685
v 0.872400 -0.143080 0.014474
v 0.871806 -0.134603 0.021899
v 0.874538 -0.125672 0.028233
v 0.880330 -0.117161 0.032855
v 0.888614 -0.109903 0.035314
v 0.898580 -0.104610 0.035368
v 0.894362 -0.160833 -0.003995
v 0.887510 -0.160513 0.004966
v 0.882447 -0.157203 0.014492
v 0.553419 0.215056 -0.315476
v 0.600505 0.170780 -0.266772
v 0.564811 0.232126 -0.313730
v 0.613843 0.190766 -0.264727
v 0.590683 0.251138 -0.328442
v 0.644136 0.213028 -0.281953
v 0.618929 0.263197 -0.352729
v 0.677209 0.227147 -0.310390
v 0.636333 0.262659 -0.375227
v 0.697586 0.226517 -0.336732
v 0.634751 0.249777 -0.385408
v 0.695734 0.211434 -0.348654
v 0.614923 0.230578 -0.378509
v 0.672518 0.188954 -0.340576
v 0.586128 0.214046 -0.357758
v 0.638802 0.169597 -0.316279
v 0.561838 0.207915 -0.332865
v 0.610362 0.162419 -0.287132
v 0.638798 0.115857 -0.136896
v 0.608708 0.070770 -0.141510
v 0.707134 0.166075 -0.175756
v 0.781741 0.197925 -0.239906
v 0.827710 0.196505 -0.299330
v 0.823532 0.162479 -0.326223
v 0.771160 0.111768 -0.308001
v 0.695102 0.068101 -0.253190
v 0.630944 0.051909 -0.187438
v 0.779377 -0.030231 0.047324
v 0.739659 -0.089745 0.041234
v 0.869579 0.036056 -0.003970
v 0.968060 0.078098 -0.088647
v 1.028738 0.076223 -0.167086
v 1.023222 0.031309 -0.202584
v 0.954093 -0.035628 -0.178531
v 0.853697 -0.093268 -0.106182
v 0.769010 -0.114641 -0.019390
v 0.869282 -0.077917 0.075669
v 0.837738 -0.125184 0.070833
v 0.940922 -0.025272 0.034931
v 1.019136 0.008118 -0.032320
v 1.067327 0.006629 -0.094617
v 1.062946 -0.029042 -0.122809
v 1.008043 -0.082204 -0.103707
v 0.928308 -0.127982 -0.046247
v 0.861049 -0.144956 0.022684
v 0.990990 -0.113674 0.067439
v 0.975121 -0.137451 0.065006
v 1.027027 -0.087191 0.046946
v 1.066372 -0.070394 0.013116
v 1.090615 -0.071143 -0.018222
v 1.088411 -0.089087 -0.032405
v 1.060792 -0.115830 -0.022795
v 1.020682 -0.138859 0.006110
v 0.986848 -0.147398 0.040785
v 1.068689 -0.130104 0.053228
v 1.063220 -0.138299 0.052389
v 1.081110 -0.120976 0.046165
v 1.094671 -0.115187 0.034504
v 1.103027 -0.115445 0.023703
v 1.102267 -0.121630 0.018815
v 1.092748 -0.130847 0.022127
v 1.078923 -0.138784 0.032090
v 1.067262 -0.141727 0.044041
v 0.361318 0.261157 -0.343956
v 0.390429 0.282787 -0.360285
v 0.462297 0.322554 -0.413489
v 0.543295 0.361852 -0.478672
v 0.595523 0.382292 -0.525334
v 0.594543 0.374310 -0.531642
v 0.540813 0.341642 -0.494645
v 0.459474 0.299572 -0.431653
v 0.388586 0.267786 -0.372141
v 0.679597 -0.042802 -0.091761
v 0.651797 -0.019223 -0.034342
v 0.920368 0.095432 -0.265269
v 0.854894 0.032033 -0.242488
v 0.774849 0.099927 -0.077156
v 0.868122 0.139746 -0.157356
v 0.759806 -0.022559 -0.173964
v 0.925592 0.137971 -0.231648
v 0.689415 0.037145 -0.028574
v 0.589115 0.176724 -0.272523
v 0.560322 0.189400 -0.284087
v 0.477047 0.166553 -0.242241
v 0.469949 0.118637 -0.180512
v 0.526300 0.040094 -0.089892
v 0.625539 -0.045704 0.003243
v 0.727748 -0.094691 0.049342
v 0.841395 -0.125623 0.070819
v 0.658271 0.160457 -0.262687
v 0.590287 0.186266 -0.264981
v 0.561494 0.198942 -0.276546
v 0.478219 0.176096 -0.234699
v 0.471121 0.128180 -0.172971
v 0.527472 0.049636 -0.082350
v 0.626711 -0.036162 0.010785
v 0.728920 -0.085148 0.056883
v 0.842567 -0.116081 0.078361
v 0.659442 0.169999 -0.255145
v 0.696186 0.212812 -0.334821
v 0.723195 0.275636 -0.418506
v 0.699151 0.260628 -0.395781
v 0.698489 0.236638 -0.365325
v 0.760049 0.284251 -0.435133
v 0.815805 0.264882 -0.419290
v 0.844236 0.230831 -0.380625
v 0.863516 0.208951 -0.355937
v 0.891221 0.176508 -0.319194
v 0.893273 0.143036 -0.277162
v 0.928046 0.118078 -0.250987
v 0.928960 0.146137 -0.286631
v 0.931988 0.168355 -0.315213
v 0.916305 0.194995 -0.346483
v 0.963700 0.160592 -0.310319
v 0.970358 0.174772 -0.329295
v 0.997968 0.127496 -0.273768
v 1.026620 0.083698 -0.222806
v 1.028704 0.037427 -0.164585
v 0.695405 0.206450 -0.339849
v 0.722413 0.269275 -0.423534
v 0.698370 0.254266 -0.400808
v 0.697708 0.230277 -0.370353
v 0.759268 0.277890 -0.440161
v 0.815024 0.258521 -0.424318
v 0.843455 0.224470 -0.385653
v 0.862734 0.202590 -0.360965
v 0.890440 0.170146 -0.324222
v 0.892491 0.136674 -0.282189
v 0.927264 0.111716 -0.256015
v 0.928179 0.139775 -0.291659
v 0.931207 0.161994 -0.320241
v 0.915524 0.188634 -0.351511
v 0.962919 0.154231 -0.315347
v 0.969576 0.168411 -0.334323
v 0.997187 0.121134 -0.278796
v 1.025839 0.077337 -0.227834
v 1.027923 0.031066 -0.169613
v 0.886247 -0.097670 0.065981
v 0.886027 -0.089613 0.073878
v 0.888385 -0.080262 0.079740
v 0.893091 -0.070535 0.082991
v 0.899685 -0.061382 0.083315
v 0.907520 -0.053701 0.080678
v 0.904709 -0.109219 0.040205
v 0.901258 -0.110650 0.050853
v 0.898894 -0.108730 0.061719
v 0.897849 -0.103646 0.071739
v 0.898226 -0.095896 0.079932
v 0.899987 -0.086238 0.085497
v 0.902960 -0.075618 0.087889
v 0.906855 -0.065076 0.086873
v 0.911289 -0.055642 0.082549
v 0.909235 -0.110119 0.040641
v 0.909866 -0.112363 0.051682
v 0.910742 -0.111087 0.062860
v 0.911777 -0.106417 0.073081
v 0.912870 -0.098809 0.081343
v 0.913915 -0.089009 0.086839
v 0.914808 -0.077975 0.089030
v 0.915463 -0.066788 0.087702
v 0.915815 -0.056543 0.082985
v 0.913733 -0.109823 0.039566
v 0.918423 -0.111799 0.049639
v 0.922519 -0.110311 0.060048
v 0.925622 -0.105504 0.069774
v 0.927428 -0.097850 0.077867
v 0.927760 -0.088096 0.083533
v 0.926586 -0.077199 0.086218
v 0.924020 -0.066224 0.085659
v 0.920313 -0.056246 0.081911
v 0.917428 -0.108380 0.037168
v 0.925449 -0.109056 0.045076
v 0.932190 -0.106535 0.053768
v 0.936992 -0.101066 0.062392
v 0.939383 -0.093183 0.070105
v 0.939129 -0.083658 0.076150
v 0.936257 -0.073423 0.079938
v 0.931046 -0.063481 0.081096
v 0.924007 -0.054804 0.079512
v 0.919678 -0.106042 0.033859
v 0.929730 -0.104608 0.038783
v 0.938083 -0.100413 0.045106
v 0.943919 -0.093869 0.052210
v 0.946666 -0.085615 0.059398
v 0.946057 -0.076461 0.065968
v 0.942150 -0.067301 0.071276
v 0.935327 -0.059033 0.074803
v 0.926258 -0.052466 0.076204
v 0.920097 -0.103212 0.030213
v 0.930526 -0.099224 0.031848
v 0.939178 -0.093003 0.035560
v 0.945206 -0.085158 0.040988
v 0.948020 -0.076456 0.047599
v 0.947344 -0.067750 0.054747
v 0.943244 -0.059891 0.061731
v 0.936123 -0.053649 0.067868
v 0.926676 -0.049635 0.072558
v 0.918610 -0.100379 0.026860
v 0.927698 -0.093836 0.025469
v 0.935286 -0.085587 0.026781
v 0.940631 -0.076439 0.030668
v 0.943209 -0.067289 0.036748
v 0.942769 -0.059031 0.044426
v 0.939353 -0.052475 0.052952
v 0.933295 -0.048261 0.061490
v 0.925190 -0.046802 0.069204
v 0.915476 -0.098033 0.024379
v 0.921736 -0.089374 0.020751
v 0.927080 -0.079446 0.020287
v 0.930984 -0.069220 0.023033
v 0.933066 -0.059698 0.028720
v 0.933122 -0.051812 0.036791
v 0.931147 -0.046334 0.046457
v 0.927333 -0.043799 0.056771
v 0.922055 -0.044457 0.066724
v 0.915829 -0.048242 0.075341
v 0.908911 -0.104576 0.030817
v 0.911235 -0.096580 0.023200
v 0.913671 -0.086611 0.018508
v 0.915979 -0.075642 0.017200
v 0.917934 -0.064749 0.019404
v 0.919344 -0.054997 0.024904
v 0.920072 -0.047341 0.033162
v 0.920046 -0.042530 0.043370
v 0.919268 -0.041036 0.054528
v 0.917815 -0.043004 0.065544
v 0.906623 -0.096272 0.023526
v 0.904897 -0.086024 0.019128
v 0.903903 -0.074834 0.018054
v 0.903737 -0.063799 0.020408
v 0.904417 -0.053998 0.025960
v 0.905875 -0.046391 0.034166
v 0.907969 -0.041722 0.044224
v 0.910494 -0.040449 0.055149
v 0.913202 -0.042695 0.065871
v 0.902435 -0.097161 0.025302
v 0.896931 -0.087714 0.022505
v 0.892939 -0.077161 0.022702
v 0.890848 -0.066535 0.025871
v 0.890865 -0.056875 0.031705
v 0.892986 -0.049127 0.039630
v 0.897005 -0.044049 0.048872
v 0.902528 -0.042139 0.058526
v 0.909015 -0.043584 0.067646
v 0.899396 -0.099093 0.028219
v 0.891151 -0.091390 0.028054
v 0.884983 -0.082221 0.030339
v 0.881496 -0.072482 0.034850
v 0.881031 -0.063128 0.041145
v 0.883634 -0.055074 0.048609
v 0.889049 -0.049109 0.056510
v 0.896748 -0.045815 0.064075
v 0.905976 -0.045517 0.070563
v 0.898032 -0.101735 0.031774
v 0.888556 -0.096416 0.034816
v 0.881411 -0.089138 0.039646
v 0.877297 -0.080614 0.045791
v 0.876616 -0.071678 0.052649
v 0.879435 -0.063206 0.059550
v 0.885478 -0.056026 0.065817
v 0.894153 -0.050841 0.070837
v 0.904611 -0.048159 0.074118
v 0.898578 -0.104630 0.035352
v 0.889594 -0.101922 0.041622
v 0.882841 -0.096717 0.049013
v 0.878978 -0.089524 0.056803
v 0.878383 -0.081047 0.064228
v 0.881116 -0.072116 0.070561
v 0.886907 -0.063605 0.075184
v 0.895192 -0.056347 0.077642
v 0.905158 -0.051054 0.077696
v 0.900940 -0.107277 0.038334
v 0.894087 -0.106957 0.047294
v 0.889025 -0.103647 0.056821
vn -0.6514 -0.7502 0.1137
vn -0.5157 -0.8442 -0.1466
vn -0.3124 -0.9489 -0.0458
vn -0.3754 -0.8923 0.2507
vn 0.0959 0.7809 0.6172
vn -0.1487 0.6179 0.7721
vn -0.0379 0.5608 0.8271
vn -0.5405 0.1528 0.8274
vn -0.6669 -0.1122 0.7366
vn -0.3446 -0.2782 0.8966
vn -0.2645 0.0106 0.9643
vn -0.7251 -0.5856 0.3625
vn -0.4028 -0.7516 0.5224
vn -0.3299 -0.8578 -0.3942
vn -0.0959 -0.7809 -0.6172
vn -0.2191 -0.9148 -0.3392
vn -0.3624 0.4041 0.8399
vn -0.1591 0.2994 0.9408
vn -0.7304 -0.3661 0.5767
vn -0.3922 -0.5403 0.7445
vn -0.0683 -0.9974 -0.0222
vn -0.0441 -0.9582 0.2826
vn 0.0952 0.5344 0.8399
vn 0.0423 -0.3551 0.9339
vn 0.0668 -0.0553 0.9962
vn -0.0159 -0.8285 0.5597
vn -0.0861 -0.9413 -0.3264
vn 0.0850 0.2508 0.9643
vn 0.0139 -0.6211 0.7836
vn 0.4175 -0.5945 0.6873
vn 0.4269 -0.3298 0.8420
vn 0.1743 -0.9814 -0.0802
vn 0.2852 -0.9365 0.2040
vn 0.2274 0.5431 0.8083
vn 0.3961 -0.0336 0.9176
vn 0.3688 -0.8032 0.4679
vn 0.0462 -0.9326 -0.3580
vn 0.3276 0.2668 0.9064
vn 0.1548 -0.8902 -0.4285
vn 0.3735 -0.9036 -0.2095
vn 0.5268 0.3446 0.7770
vn 0.3360 0.5855 0.7378
vn 0.7489 -0.4651 0.4720
vn 0.7428 -0.2065 0.6369
vn 0.5556 -0.8309 0.0283
vn 0.6665 0.0720 0.7420
vn 0.6846 -0.6799 0.2628
vn 0.8313 0.2432 0.4998
vn 0.6482 0.4707 0.5986
vn 0.8771 -0.4799 -0.0201
vn 0.9509 -0.2553 0.1752
vn 0.2209 -0.8215 -0.5257
vn 0.4949 -0.7775 -0.3880
vn 0.4021 0.6542 0.6406
vn 0.9352 -0.0066 0.3540
vn 0.7204 -0.6597 -0.2139
vn 0.7510 -0.4525 -0.4808
vn 0.9128 -0.2379 -0.3319
vn 0.2332 -0.7383 -0.6329
vn 0.8619 0.4504 0.2329
vn 0.6707 0.6233 0.4020
vn 0.9884 -0.0013 -0.1519
vn 0.5174 -0.6249 -0.5846
vn 0.4144 0.7374 0.5334
vn 0.9710 0.2354 0.0423
vn 0.8439 0.4777 -0.2444
vn 0.7531 0.6578 -0.0126
vn 0.6422 -0.2451 -0.7263
vn 0.7857 0.0043 -0.6186
vn 0.1895 -0.6550 -0.7315
vn 0.5906 0.7761 0.2211
vn 0.8550 0.2529 -0.4528
vn 0.4373 -0.4721 -0.7654
vn 0.3707 0.8207 0.4348
vn 0.2682 -0.3456 -0.8992
vn 0.4127 -0.0734 -0.9079
vn 0.2786 0.8896 0.3619
vn 0.5759 0.6782 -0.4565
vn 0.5236 0.8295 -0.1942
vn 0.5177 0.2048 -0.8307
vn 0.0974 -0.5860 -0.8044
vn 0.4215 0.9026 0.0873
vn 0.5738 0.4633 -0.6754
vn 0.1929 0.9809 0.0237
vn 0.1540 0.9323 0.3272
vn 0.1934 0.5936 -0.7812
vn 0.2133 0.8024 -0.5573
vn 0.0396 -0.2673 -0.9628
vn 0.1023 0.0329 -0.9942
vn 0.2132 0.9359 -0.2806
vn 0.1552 0.3290 -0.9315
vn -0.0273 -0.5433 -0.8391
vn -0.2392 0.3554 -0.9036
vn -0.2205 0.6213 -0.7519
vn -0.1629 -0.5343 -0.8295
vn -0.2092 -0.2506 -0.9452
vn -0.0559 0.9976 0.0413
vn 0.0184 0.9414 0.3368
vn -0.1811 0.8288 -0.5294
vn -0.2354 0.0555 -0.9703
vn -0.1245 0.9584 -0.2567
vn -0.2860 -0.5604 -0.7773
vn -0.4311 0.8934 -0.1267
vn -0.2817 0.9496 0.1371
vn -0.5973 0.2794 -0.7518
vn -0.5962 0.5416 -0.5926
vn -0.4350 -0.2986 -0.8495
vn -0.1047 0.9153 0.3890
vn -0.5391 0.7528 -0.3776
vn -0.5420 -0.0096 -0.8404
vn -0.7644 -0.1510 -0.6268
vn -0.8571 0.1142 -0.5024
vn -0.3753 -0.6172 -0.6915
vn -0.6535 0.7519 0.0869
vn -0.4456 0.8454 0.2944
vn -0.8689 0.3682 -0.3309
vn -0.5989 -0.4028 -0.6921
vn -0.1941 0.8585 0.4748
vn -0.7989 0.5876 -0.1282
vn -0.2342 0.7808 0.5792
vn -0.9156 0.3617 0.1757
vn -0.7534 0.5585 0.3471
vn -0.8643 -0.3445 -0.3665
vn -0.9737 -0.1117 -0.1984
vn -0.4154 -0.6949 -0.5870
vn -0.5192 0.7029 0.4861
vn -0.9913 0.1312 -0.0119
vn -0.6725 -0.5453 -0.5004
vn -0.9423 -0.1286 0.3091
vn -0.8689 0.1142 0.4816
vn -0.6430 -0.7014 -0.3075
vn -0.8243 -0.5564 -0.1046
vn -0.2181 0.6957 0.6844
vn -0.7134 0.3466 0.6090
vn -0.9270 -0.3592 0.1075
vn -0.3993 -0.7800 -0.4819
vn -0.4897 0.5468 0.6791
vn -0.5470 0.2844 0.7874
vn -0.1138 0.7002 0.7048
vn 0.1159 0.8293 0.5466
vn 0.3641 0.8943 0.2603
vn 0.6477 0.4219 -0.6345
vn 0.1926 -0.5019 -0.8432
vn -0.0751 -0.7265 -0.6831
vn -0.7718 0.4714 0.4269
vn -0.3000 -0.8162 -0.4937
vn -0.6727 -0.7396 -0.0220
vn 0.0864 0.8148 0.5732
vn -0.6322 -0.7747 0.0121
vn -0.0281 0.9080 0.4181
vn -0.2893 0.8002 0.5254
vn -0.8787 -0.3995 -0.2614
vn -0.4660 -0.6389 -0.6120
vn -0.2131 -0.5983 -0.7724
vn 0.0253 -0.3611 -0.9322
vn 0.3455 0.5554 -0.7564
vn 0.1893 0.9742 0.1231
vn -0.1382 -0.9219 -0.3619
vn 0.1970 -0.5053 -0.8401
vn 0.1259 0.8224 0.5548
vn -0.0653 -0.7343 -0.6756
vn 0.3685 0.8914 0.2638
vn -0.5060 0.2533 0.8245
vn -0.2808 -0.8318 -0.4788
vn 0.6488 0.4212 -0.6337
vn -0.0943 0.6864 0.7211
vn 0.3449 0.6169 0.7074
vn 0.9263 0.1570 -0.3425
vn 0.0453 0.5721 0.8189
vn -0.3831 -0.9048 0.1861
vn 0.3819 -0.6355 -0.6710
vn 0.2569 0.7128 0.6526
vn 0.0681 -0.8242 -0.5622
vn 0.5495 0.7292 0.4077
vn -0.2625 0.0768 0.9619
vn 0.2418 0.3663 0.8985
vn 0.1624 -0.8692 -0.4671
vn 0.6164 0.6380 0.4616
vn 0.0312 -0.1223 0.9920
vn 0.0137 -0.9739 -0.2265
vn 0.9708 0.0635 -0.2312
vn 0.1861 0.4302 0.8833
vn -0.0685 -0.9341 0.3504
vn 0.4548 -0.6775 -0.5781
vn 0.6763 -0.5061 0.5353
vn 0.0484 -0.9155 0.3994
vn 0.4670 -0.6837 -0.5607
vn 0.3735 0.5812 0.7230
vn 0.1940 -0.8806 -0.4324
vn 0.6272 0.6208 0.4703
vn 0.1373 -0.1911 0.9719
vn 0.0761 -0.9829 -0.1678
vn 0.9724 0.0589 -0.2256
vn -0.6763 0.5061 -0.5353
vn 0.0124 0.7472 0.6645
vn -0.2432 -0.9532 -0.1797
vn -0.1784 -0.8066 -0.5635
vn -0.1051 -0.7446 -0.6592
vn 0.0966 -0.7193 -0.6880
vn 0.9737 0.0550 -0.2209
vn 0.2840 0.8068 0.5181
vn -0.0746 0.4191 0.9049
vn -0.1905 0.7497 0.6338
vn 0.6715 0.4069 -0.6192
vn -0.3743 -0.7471 -0.5492
vn -0.6871 0.3962 0.6090
vn 0.3593 0.8973 0.2565
vn -0.1100 -0.6974 -0.7082
vn 0.0804 0.8524 0.5167
vn 0.1879 -0.4982 -0.8465
vn -0.8059 -0.5712 -0.1556
vn 0.5029 0.4971 -0.7071
vn -0.4875 0.5775 -0.6549
vn -0.9913 0.1313 -0.0121
vn -0.9000 -0.1969 0.3890
vn -0.7812 -0.3252 0.5328
vn -0.5413 -0.4794 0.6907
vn -0.2996 -0.5687 0.7661
vn 0.2471 0.5820 -0.7748
vn 0.9180 0.1702 -0.3581
vn 0.3981 0.5382 -0.7429
vn -0.4427 0.5888 -0.6762
vn -0.7435 0.4685 -0.4772
vn -0.9952 0.0859 0.0460
vn -0.9936 0.1121 0.0126
vn 0.8703 0.2352 -0.4328
vn 0.8580 0.2495 -0.4490
vn 0.8653 0.2411 -0.4395
vn 0.9947 -0.0514 -0.0895
vn 0.7144 0.3777 -0.5890
vn -0.9952 0.0878 0.0436
vn -0.9919 0.1269 -0.0064
vn -0.9293 -0.1519 0.3366
vn 0.7188 0.3746 -0.5857
vn -0.9579 0.2410 -0.1560
vn 0.9303 0.1503 -0.3347
vn 0.9149 0.1752 -0.3638
vn 0.9950 -0.0578 -0.0815
vn -0.5844 -0.4578 0.6700
vn -0.2817 0.9497 0.1371
vt 0.441539 0.925676
vt 0.441539 0.934502
vt 0.435656 0.934502
vt 0.435656 0.925676
vt 0.438597 0.863896
vt 0.441539 0.872722
vt 0.435656 0.872722
vt 0.441539 0.890373
vt 0.441539 0.899199
vt 0.435656 0.899199
vt 0.435656 0.890373
vt 0.441539 0.916850
vt 0.435656 0.916850
vt 0.441539 0.943327
vt 0.438597 0.952153
vt 0.435656 0.943327
vt 0.441539 0.881548
vt 0.435656 0.881548
vt 0.441539 0.908025
vt 0.435656 0.908025
vt 0.429772 0.934502
vt 0.429772 0.925676
vt 0.432714 0.863896
vt 0.429772 0.872722
vt 0.429772 0.899199
vt 0.429772 0.890373
vt 0.429772 0.916850
vt 0.432714 0.952153
vt 0.429772 0.943327
vt 0.429772 0.881548
vt 0.429772 0.908025
vt 0.423888 0.908025
vt 0.423888 0.899199
vt 0.423888 0.934502
vt 0.423888 0.925676
vt 0.426830 0.863896
vt 0.423888 0.872722
vt 0.423888 0.890373
vt 0.423888 0.916850
vt 0.426830 0.952153
vt 0.423888 0.943327
vt 0.423888 0.881548
vt 0.418004 0.943327
vt 0.418004 0.934502
vt 0.418004 0.881548
vt 0.418004 0.872722
vt 0.418004 0.908025
vt 0.418004 0.899199
vt 0.418004 0.925676
vt 0.420946 0.863896
vt 0.418004 0.890373
vt 0.418004 0.916850
vt 0.420946 0.952153
vt 0.412120 0.890373
vt 0.412120 0.881548
vt 0.412120 0.916850
vt 0.412120 0.908025
vt 0.412120 0.943327
vt 0.412120 0.934502
vt 0.412120 0.872722
vt 0.412120 0.899199
vt 0.412120 0.925676
vt 0.415062 0.863896
vt 0.415062 0.952153
vt 0.406237 0.925676
vt 0.406237 0.916850
vt 0.409179 0.952153
vt 0.406237 0.943327
vt 0.406237 0.890373
vt 0.406237 0.881548
vt 0.406237 0.908025
vt 0.406237 0.934502
vt 0.406237 0.872722
vt 0.406237 0.899199
vt 0.409179 0.863896
vt 0.400353 0.899199
vt 0.400353 0.890373
vt 0.400353 0.925676
vt 0.400353 0.916850
vt 0.403295 0.952153
vt 0.400353 0.943327
vt 0.400353 0.881548
vt 0.400353 0.908025
vt 0.400353 0.934502
vt 0.400353 0.872722
vt 0.403295 0.863896
vt 0.394469 0.934502
vt 0.394469 0.925676
vt 0.397411 0.863896
vt 0.394469 0.872722
vt 0.394469 0.899199
vt 0.394469 0.890373
vt 0.394469 0.916850
vt 0.397411 0.952153
vt 0.394469 0.943327
vt 0.394469 0.881548
vt 0.394469 0.908025
vt 0.388585 0.881548
vt 0.388585 0.872722
vt 0.388585 0.908025
vt 0.388585 0.899199
vt 0.388585 0.934502
vt 0.388585 0.925676
vt 0.391527 0.863896
vt 0.388585 0.890373
vt 0.388585 0.916850
vt 0.391527 0.952153
vt 0.388585 0.943327
vt 0.382701 0.916850
vt 0.382701 0.908025
vt 0.382701 0.943327
vt 0.382701 0.934502
vt 0.382701 0.881548
vt 0.382701 0.872722
vt 0.382701 0.899199
vt 0.382701 0.925676
vt 0.385643 0.863896
vt 0.382701 0.890373
vt 0.385643 0.952153
vt 0.379760 0.952153
vt 0.376818 0.943327
vt 0.376818 0.890373
vt 0.376818 0.881548
vt 0.376818 0.916850
vt 0.376818 0.908025
vt 0.376818 0.934502
vt 0.376818 0.872722
vt 0.376818 0.899199
vt 0.376818 0.925676
vt 0.379760 0.863896
vt 0.465074 0.916850
vt 0.465074 0.925676
vt 0.459191 0.925676
vt 0.459191 0.916850
vt 0.465074 0.943327
vt 0.462133 0.952153
vt 0.459191 0.943327
vt 0.465074 0.881548
vt 0.465074 0.890373
vt 0.459191 0.890373
vt 0.459191 0.881548
vt 0.465074 0.908025
vt 0.459191 0.908025
vt 0.465074 0.934502
vt 0.459191 0.934502
vt 0.465074 0.872722
vt 0.459191 0.872722
vt 0.465074 0.899199
vt 0.459191 0.899199
vt 0.462133 0.863896
vt 0.456249 0.863896
vt 0.453307 0.872722
vt 0.453307 0.899199
vt 0.453307 0.890373
vt 0.453307 0.925676
vt 0.453307 0.916850
vt 0.456249 0.952153
vt 0.453307 0.943327
vt 0.453307 0.881548
vt 0.453307 0.908025
vt 0.453307 0.934502
vt 0.447423 0.908025
vt 0.447423 0.899199
vt 0.447423 0.934502
vt 0.447423 0.925676
vt 0.450365 0.863896
vt 0.447423 0.872722
vt 0.447423 0.890373
vt 0.447423 0.916850
vt 0.450365 0.952153
vt 0.447423 0.943327
vt 0.447423 0.881548
vt 0.444481 0.863896
vt 0.444481 0.952153
vt 0.978377 0.866376
vt 0.978377 0.975636
vt 0.954097 0.975636
vt 0.954097 0.866376
vt 0.929817 0.975636
vt 0.929817 0.866376
vt 0.905537 0.975636
vt 0.905537 0.866376
vt 0.881257 0.975636
vt 0.881257 0.866376
vt 0.856978 0.975636
vt 0.856978 0.866376
vt 0.832698 0.975636
vt 0.832698 0.866376
vt 0.808418 0.975636
vt 0.808418 0.866376
vt 0.784138 0.975636
vt 0.784138 0.866376
vt 0.759858 0.975636
vt 0.759858 0.866376
vt 0.848198 0.851922
vt 0.814488 0.864191
vt 0.780777 0.851922
vt 0.762840 0.820854
vt 0.769069 0.785524
vt 0.796551 0.762465
vt 0.832425 0.762465
vt 0.859906 0.785524
vt 0.866136 0.820854
vt 0.923747 0.864191
vt 0.957458 0.851922
vt 0.975395 0.820854
vt 0.969166 0.785524
vt 0.941684 0.762465
vt 0.905810 0.762465
vt 0.878329 0.785524
vt 0.872099 0.820854
vt 0.890037 0.851922
vt 0.046506 0.956471
vt 0.040305 0.970423
s 1
f 2612/1765/1295 2611/1766/1296 2483/1767/1297 2484/1768/1298
f 2554/1769/1299 2481/1770/1300 2490/1771/1301
f 2479/1772/1302 2478/1773/1303 2487/1774/1304 2488/1775/1305
f 2476/1776/1306 2612/1765/1295 2484/1768/1298 2485/1777/1307
f 2610/1778/1308 2555/1779/1309 2482/1780/1310
f 2480/1781/1311 2479/1772/1302 2488/1775/1305 2489/1782/1312
f 2477/1783/1313 2476/1776/1306 2485/1777/1307 2486/1784/1314
f 2611/1766/1296 2610/1778/1308 2482/1780/1310 2483/1767/1297
f 2481/1770/1300 2480/1781/1311 2489/1782/1312 2490/1771/1301
f 2478/1773/1303 2477/1783/1313 2486/1784/1314 2487/1774/1304
f 2484/1768/1298 2483/1767/1297 2492/1785/1315 2493/1786/1316
f 2554/1787/1299 2490/1771/1301 2499/1788/1317
f 2488/1775/1305 2487/1774/1304 2496/1789/1318 2497/1790/1319
f 2485/1777/1307 2484/1768/1298 2493/1786/1316 2494/1791/1320
f 2482/1780/1310 2555/1792/1309 2491/1793/1321
f 2489/1782/1312 2488/1775/1305 2497/1790/1319 2498/1794/1322
f 2486/1784/1314 2485/1777/1307 2494/1791/1320 2495/1795/1323
f 2483/1767/1297 2482/1780/1310 2491/1793/1321 2492/1785/1315
f 2490/1771/1301 2489/1782/1312 2498/1794/1322 2499/1788/1317
f 2487/1774/1304 2486/1784/1314 2495/1795/1323 2496/1789/1318
f 2496/1789/1318 2495/1795/1323 2504/1796/1324 2505/1797/1325
f 2493/1786/1316 2492/1785/1315 2501/1798/1326 2502/1799/1327
f 2554/1800/1299 2499/1788/1317 2508/1801/1328
f 2497/1790/1319 2496/1789/1318 2505/1797/1325 2506/1802/1329
f 2494/1791/1320 2493/1786/1316 2502/1799/1327 2503/1803/1330
f 2491/1793/1321 2555/1804/1309 2500/1805/1331
f 2498/1794/1322 2497/1790/1319 2506/1802/1329 2507/1806/1332
f 2495/1795/1323 2494/1791/1320 2503/1803/1330 2504/1796/1324
f 2492/1785/1315 2491/1793/1321 2500/1805/1331 2501/1798/1326
f 2499/1788/1317 2498/1794/1322 2507/1806/1332 2508/1801/1328
f 2501/1798/1326 2500/1805/1331 2509/1807/1333 2510/1808/1334
f 2508/1801/1328 2507/1806/1332 2516/1809/1335 2517/1810/1336
f 2505/1797/1325 2504/1796/1324 2513/1811/1337 2514/1812/1338
f 2502/1799/1327 2501/1798/1326 2510/1808/1334 2511/1813/1339
f 2554/1814/1299 2508/1801/1328 2517/1810/1336
f 2506/1802/1329 2505/1797/1325 2514/1812/1338 2515/1815/1340
f 2503/1803/1330 2502/1799/1327 2511/1813/1339 2512/1816/1341
f 2500/1805/1331 2555/1817/1309 2509/1807/1333
f 2507/1806/1332 2506/1802/1329 2515/1815/1340 2516/1809/1335
f 2504/1796/1324 2503/1803/1330 2512/1816/1341 2513/1811/1337
f 2516/1809/1335 2515/1815/1340 2524/1818/1342 2525/1819/1343
f 2513/1811/1337 2512/1816/1341 2521/1820/1344 2522/1821/1345
f 2510/1808/1334 2509/1807/1333 2518/1822/1346 2519/1823/1347
f 2517/1810/1336 2516/1809/1335 2525/1819/1343 2526/1824/1348
f 2514/1812/1338 2513/1811/1337 2522/1821/1345 2523/1825/1349
f 2511/1813/1339 2510/1808/1334 2519/1823/1347 2520/1826/1350
f 2554/1827/1299 2517/1810/1336 2526/1824/1348
f 2515/1815/1340 2514/1812/1338 2523/1825/1349 2524/1818/1342
f 2512/1816/1341 2511/1813/1339 2520/1826/1350 2521/1820/1344
f 2509/1807/1333 2555/1828/1309 2518/1822/1346
f 2521/1820/1344 2520/1826/1350 2529/1829/1351 2530/1830/1352
f 2518/1822/1346 2555/1831/1309 2527/1832/1353
f 2525/1819/1343 2524/1818/1342 2533/1833/1354 2534/1834/1355
f 2522/1821/1345 2521/1820/1344 2530/1830/1352 2531/1835/1356
f 2519/1823/1347 2518/1822/1346 2527/1832/1353 2528/1836/1357
f 2526/1824/1348 2525/1819/1343 2534/1834/1355 2535/1837/1358
f 2523/1825/1349 2522/1821/1345 2531/1835/1356 2532/1838/1359
f 2520/1826/1350 2519/1823/1347 2528/1836/1357 2529/1829/1351
f 2554/1839/1299 2526/1824/1348 2535/1837/1358
f 2524/1818/1342 2523/1825/1349 2532/1838/1359 2533/1833/1354
f 2533/1833/1354 2532/1838/1359 2541/1840/1360 2542/1841/1361
f 2530/1830/1352 2529/1829/1351 2538/1842/1362 2539/1843/1363
f 2527/1832/1353 2555/1844/1309 2536/1845/1364
f 2534/1834/1355 2533/1833/1354 2542/1841/1361 2543/1846/1365
f 2531/1835/1356 2530/1830/1352 2539/1843/1363 2540/1847/1366
f 2528/1836/1357 2527/1832/1353 2536/1845/1364 2537/1848/1367
f 2535/1837/1358 2534/1834/1355 2543/1846/1365 2544/1849/1368
f 2532/1838/1359 2531/1835/1356 2540/1847/1366 2541/1840/1360
f 2529/1829/1351 2528/1836/1357 2537/1848/1367 2538/1842/1362
f 2554/1850/1299 2535/1837/1358 2544/1849/1368
f 2538/1842/1362 2537/1848/1367 2546/1851/1369 2547/1852/1370
f 2554/1853/1299 2544/1849/1368 2553/1854/1371
f 2542/1841/1361 2541/1840/1360 2550/1855/1372 2551/1856/1373
f 2539/1843/1363 2538/1842/1362 2547/1852/1370 2548/1857/1374
f 2536/1845/1364 2555/1858/1309 2545/1859/1375
f 2543/1846/1365 2542/1841/1361 2551/1856/1373 2552/1860/1376
f 2540/1847/1366 2539/1843/1363 2548/1857/1374 2549/1861/1377
f 2537/1848/1367 2536/1845/1364 2545/1859/1375 2546/1851/1369
f 2544/1849/1368 2543/1846/1365 2552/1860/1376 2553/1854/1371
f 2541/1840/1360 2540/1847/1366 2549/1861/1377 2550/1855/1372
f 2553/1854/1371 2552/1860/1376 2563/1862/1378 2564/1863/1379
f 2550/1855/1372 2549/1861/1377 2560/1864/1380 2561/1865/1381
f 2547/1852/1370 2546/1851/1369 2557/1866/1382 2558/1867/1383
f 2554/1868/1299 2553/1854/1371 2564/1863/1379
f 2551/1856/1373 2550/1855/1372 2561/1865/1381 2562/1869/1384
f 2548/1857/1374 2547/1852/1370 2558/1867/1383 2559/1870/1385
f 2545/1859/1375 2555/1871/1309 2556/1872/1386
f 2552/1860/1376 2551/1856/1373 2562/1869/1384 2563/1862/1378
f 2549/1861/1377 2548/1857/1374 2559/1870/1385 2560/1864/1380
f 2546/1851/1369 2545/1859/1375 2556/1872/1386 2557/1866/1382
f 2560/1864/1380 2559/1870/1385 2568/1873/1387 2569/1874/1388
f 2557/1866/1382 2556/1872/1386 2565/1875/1389 2566/1876/1390
f 2564/1863/1379 2563/1862/1378 2572/1877/1391 2573/1878/1392
f 2561/1865/1381 2560/1864/1380 2569/1874/1388 2570/1879/1393
f 2558/1867/1383 2557/1866/1382 2566/1876/1390 2567/1880/1394
f 2554/1881/1299 2564/1863/1379 2573/1878/1392
f 2562/1869/1384 2561/1865/1381 2570/1879/1393 2571/1882/1395
f 2559/1870/1385 2558/1867/1383 2567/1880/1394 2568/1873/1387
f 2556/1872/1386 2555/1883/1309 2565/1875/1389
f 2563/1862/1378 2562/1869/1384 2571/1882/1395 2572/1877/1391
f 2565/1875/1389 2555/1884/1309 2574/1885/1396
f 2572/1877/1391 2571/1882/1395 2580/1886/1397 2581/1887/1398
f 2569/1874/1388 2568/1873/1387 2577/1888/1399 2578/1889/1400
f 2566/1876/1390 2565/1875/1389 2574/1885/1396 2575/1890/1401
f 2573/1878/1392 2572/1877/1391 2581/1887/1398 2582/1891/1402
f 2570/1879/1393 2569/1874/1388 2578/1889/1400 2579/1892/1403
f 2567/1880/1394 2566/1876/1390 2575/1890/1401 2576/1893/1404
f 2554/1894/1299 2573/1878/1392 2582/1891/1402
f 2571/1882/1395 2570/1879/1393 2579/1892/1403 2580/1886/1397
f 2568/1873/1387 2567/1880/1394 2576/1893/1404 2577/1888/1399
f 2577/1895/1399 2576/1896/1404 2585/1897/1405 2586/1898/1406
f 2574/1899/1396 2555/1900/1309 2583/1901/1407
f 2581/1902/1398 2580/1903/1397 2589/1904/1408 2590/1905/1409
f 2578/1906/1400 2577/1895/1399 2586/1898/1406 2587/1907/1410
f 2575/1908/1401 2574/1899/1396 2583/1901/1407 2584/1909/1411
f 2582/1910/1402 2581/1902/1398 2590/1905/1409 2591/1911/1412
f 2579/1912/1403 2578/1906/1400 2587/1907/1410 2588/1913/1413
f 2576/1896/1404 2575/1908/1401 2584/1909/1411 2585/1897/1405
f 2554/1914/1299 2582/1910/1402 2591/1911/1412
f 2580/1903/1397 2579/1912/1403 2588/1913/1413 2589/1904/1408
f 2554/1915/1299 2591/1911/1412 2600/1916/1414
f 2589/1904/1408 2588/1913/1413 2597/1917/1415 2598/1918/1416
f 2586/1898/1406 2585/1897/1405 2594/1919/1417 2595/1920/1418
f 2583/1901/1407 2555/1921/1309 2592/1922/1419
f 2590/1905/1409 2589/1904/1408 2598/1918/1416 2599/1923/1420
f 2587/1907/1410 2586/1898/1406 2595/1920/1418 2596/1924/1421
f 2584/1909/1411 2583/1901/1407 2592/1922/1419 2593/1925/1422
f 2591/1911/1412 2590/1905/1409 2599/1923/1420 2600/1916/1414
f 2588/1913/1413 2587/1907/1410 2596/1924/1421 2597/1917/1415
f 2585/1897/1405 2584/1909/1411 2593/1925/1422 2594/1919/1417
f 2597/1917/1415 2596/1924/1421 2605/1926/1423 2606/1927/1424
f 2594/1919/1417 2593/1925/1422 2602/1928/1425 2603/1929/1426
f 2554/1930/1299 2600/1916/1414 2609/1931/1427
f 2598/1918/1416 2597/1917/1415 2606/1927/1424 2607/1932/1428
f 2595/1920/1418 2594/1919/1417 2603/1929/1426 2604/1933/1429
f 2592/1922/1419 2555/1934/1309 2601/1935/1430
f 2599/1923/1420 2598/1918/1416 2607/1932/1428 2608/1936/1431
f 2596/1924/1421 2595/1920/1418 2604/1933/1429 2605/1926/1423
f 2593/1925/1422 2592/1922/1419 2601/1935/1430 2602/1928/1425
f 2600/1916/1414 2599/1923/1420 2608/1936/1431 2609/1931/1427
f 2602/1928/1425 2601/1935/1430 2610/1778/1308 2611/1766/1296
f 2609/1931/1427 2608/1936/1431 2480/1781/1311 2481/1770/1300
f 2606/1927/1424 2605/1926/1423 2477/1783/1313 2478/1773/1303
f 2603/1929/1426 2602/1928/1425 2611/1766/1296 2612/1765/1295
f 2554/1937/1299 2609/1931/1427 2481/1770/1300
f 2607/1932/1428 2606/1927/1424 2478/1773/1303 2479/1772/1302
f 2604/1933/1429 2603/1929/1426 2612/1765/1295 2476/1776/1306
f 2601/1935/1430 2555/1938/1309 2610/1778/1308
f 2608/1936/1431 2607/1932/1428 2479/1772/1302 2480/1781/1311
f 2605/1926/1423 2604/1933/1429 2476/1776/1306 2477/1783/1313
s 0
f 2613/1939/1432 2614/1940/1432 2616/1941/1432 2615/1942/1432
f 2615/1942/1433 2616/1941/1433 2618/1943/1433 2617/1944/1433
f 2617/1944/1434 2618/1943/1434 2620/1945/1434 2619/1946/1434
f 2619/1946/1435 2620/1945/1435 2622/1947/1435 2621/1948/1435
f 2621/1948/1436 2622/1947/1436 2624/1949/1436 2623/1950/1436
f 2623/1950/1437 2624/1949/1437 2626/1951/1437 2625/1952/1437
f 2625/1952/1438 2626/1951/1438 2628/1953/1438 2627/1954/1438
f 2616/1941/1439 2614/1940/1439 2632/1940/1439 2631/1941/1439
f 2627/1954/1440 2628/1953/1440 2630/1955/1440 2629/1956/1440
f 2629/1956/1441 2630/1955/1441 2614/1957/1441 2613/1958/1441
f 2617/1944/1442 2619/1946/1442 2679/1946/1442 2678/1944/1442
f 2686/1957/1443 2685/1955/1443 2648/1955/1443 2641/1957/1443
f 2620/1945/1444 2618/1943/1444 2633/1943/1444 2634/1945/1444
f 2618/1943/1445 2616/1941/1445 2631/1941/1445 2633/1943/1445
f 2614/1957/1446 2630/1955/1446 2639/1955/1446 2632/1957/1446
f 2630/1955/1447 2628/1953/1447 2638/1953/1447 2639/1955/1447
f 2628/1953/1448 2626/1951/1448 2637/1951/1448 2638/1953/1448
f 2626/1951/1449 2624/1949/1449 2636/1949/1449 2637/1951/1449
f 2624/1949/1450 2622/1947/1450 2635/1947/1450 2636/1949/1450
f 2622/1947/1451 2620/1945/1451 2634/1945/1451 2635/1947/1451
f 2648/1955/1452 2647/1953/1452 2656/1953/1452 2657/1955/1452
f 2688/1951/1453 2687/1949/1453 2645/1949/1453 2646/1951/1453
f 2690/1945/1454 2689/1943/1454 2642/1943/1454 2643/1945/1454
f 2691/1953/1455 2688/1951/1455 2646/1951/1455 2647/1953/1455
f 2692/1947/1456 2690/1945/1456 2643/1945/1456 2644/1947/1456
f 2693/1941/1457 2686/1940/1457 2641/1940/1457 2640/1941/1457
f 2685/1955/1458 2691/1953/1458 2647/1953/1458 2648/1955/1458
f 2687/1949/1459 2692/1947/1459 2644/1947/1459 2645/1949/1459
f 2689/1943/1460 2693/1941/1460 2640/1941/1460 2642/1943/1460
f 2652/1945/1461 2651/1943/1461 2660/1943/1461 2661/1945/1461
f 2645/1949/1462 2644/1947/1462 2653/1947/1462 2654/1949/1462
f 2642/1943/1463 2640/1941/1463 2649/1941/1463 2651/1943/1463
f 2641/1957/1464 2648/1955/1464 2657/1955/1464 2650/1957/1464
f 2646/1951/1465 2645/1949/1465 2654/1949/1465 2655/1951/1465
f 2643/1945/1466 2642/1943/1466 2651/1943/1466 2652/1945/1466
f 2647/1953/1467 2646/1951/1467 2655/1951/1467 2656/1953/1467
f 2644/1947/1468 2643/1945/1468 2652/1945/1468 2653/1947/1468
f 2640/1941/1469 2641/1940/1469 2650/1940/1469 2649/1941/1469
f 2660/1943/1470 2658/1941/1470 2667/1941/1470 2669/1943/1470
f 2656/1953/1471 2655/1951/1471 2664/1951/1471 2665/1953/1471
f 2653/1947/1472 2652/1945/1472 2661/1945/1472 2662/1947/1472
f 2649/1941/1473 2650/1940/1473 2659/1940/1473 2658/1941/1473
f 2657/1955/1474 2656/1953/1474 2665/1953/1474 2666/1955/1474
f 2654/1949/1475 2653/1947/1475 2662/1947/1475 2663/1949/1475
f 2651/1943/1476 2649/1941/1476 2658/1941/1476 2660/1943/1476
f 2650/1957/1477 2657/1955/1477 2666/1955/1477 2659/1957/1477
f 2655/1951/1478 2654/1949/1478 2663/1949/1478 2664/1951/1478
f 2667/1959/1479 2668/1960/1479 2675/1961/1479 2674/1962/1479 2673/1963/1479 2672/1964/1479 2671/1965/1479 2670/1966/1479 2669/1967/1479
f 2659/1957/1480 2666/1955/1480 2675/1955/1480 2668/1957/1480
f 2664/1951/1481 2663/1949/1481 2672/1949/1481 2673/1951/1481
f 2661/1945/1482 2660/1943/1482 2669/1943/1482 2670/1945/1482
f 2665/1953/1483 2664/1951/1483 2673/1951/1483 2674/1953/1483
f 2662/1947/1484 2661/1945/1484 2670/1945/1484 2671/1947/1484
f 2658/1941/1485 2659/1940/1485 2668/1940/1485 2667/1941/1485
f 2666/1955/1486 2665/1953/1486 2674/1953/1486 2675/1955/1486
f 2663/1949/1487 2662/1947/1487 2671/1947/1487 2672/1949/1487
f 2676/1968/1488 2677/1969/1488 2678/1970/1488 2679/1971/1488 2680/1972/1488 2681/1973/1488 2682/1974/1488 2683/1975/1488 2684/1976/1488
f 2615/1942/1489 2617/1944/1489 2678/1944/1489 2677/1942/1489
f 2629/1956/1490 2613/1958/1490 2676/1958/1490 2684/1956/1490
f 2627/1954/1491 2629/1956/1491 2684/1956/1491 2683/1954/1491
f 2625/1952/1492 2627/1954/1492 2683/1954/1492 2682/1952/1492
f 2623/1950/1493 2625/1952/1493 2682/1952/1493 2681/1950/1493
f 2621/1948/1494 2623/1950/1494 2681/1950/1494 2680/1948/1494
f 2619/1946/1495 2621/1948/1495 2680/1948/1495 2679/1946/1495
f 2613/1939/1496 2615/1942/1496 2677/1942/1496 2676/1939/1496
f 2633/1943/1497 2631/1941/1497 2693/1941/1497 2689/1943/1497
f 2636/1949/1498 2635/1947/1498 2692/1947/1498 2687/1949/1498
f 2639/1955/1499 2638/1953/1499 2691/1953/1499 2685/1955/1499
f 2631/1941/1500 2632/1940/1500 2686/1940/1500 2693/1941/1500
f 2635/1947/1501 2634/1945/1501 2690/1945/1501 2692/1947/1501
f 2638/1953/1502 2637/1951/1502 2688/1951/1502 2691/1953/1502
f 2634/1945/1503 2633/1943/1503 2689/1943/1503 2690/1945/1503
f 2637/1951/1504 2636/1949/1504 2687/1949/1504 2688/1951/1504
f 2632/1957/1505 2639/1955/1505 2685/1955/1505 2686/1957/1505
f 2694/1977/1309 2702/1977/1309 2701/1977/1309 2700/1977/1309 2699/1977/1309 2698/1977/1309 2697/1977/1309 2696/1977/1309 2695/1977/1309
f 2703/1977/1299 2704/1977/1299 2705/1977/1299 2706/1977/1299 2707/1977/1299 2708/1977/1299 2709/1977/1299 2710/1977/1299 2711/1977/1299
f 2694/1977/1506 2695/1977/1506 2704/1977/1506 2703/1977/1506
f 2695/1977/1507 2696/1977/1507 2705/1977/1507 2704/1977/1507
f 2696/1977/1508 2697/1977/1508 2706/1977/1508 2705/1977/1508
f 2697/1977/1509 2698/1977/1509 2707/1977/1509 2706/1977/1509
f 2698/1977/1510 2699/1977/1510 2708/1977/1510 2707/1977/1510
f 2699/1977/1511 2700/1977/1511 2709/1977/1511 2708/1977/1511
f 2700/1977/1512 2701/1977/1512 2710/1977/1512 2709/1977/1512
f 2702/1977/1513 2694/1977/1513 2703/1977/1513 2711/1977/1513
f 2701/1977/1514 2702/1977/1514 2711/1977/1514 2710/1977/1514
f 2716/1978/1299 2713/1978/1299 2714/1978/1299 2715/1978/1299 2712/1978/1299 2730/1978/1299 2729/1978/1299 2728/1978/1299 2727/1978/1299 2726/1978/1299 2725/1978/1299 2724/1978/1299 2723/1978/1299 2722/1978/1299 2721/1978/1299 2720/1978/1299 2719/1978/1299 2718/1978/1299 2717/1978/1299
f 2735/1978/1309 2736/1978/1309 2737/1978/1309 2738/1978/1309 2739/1978/1309 2740/1978/1309 2741/1978/1309 2742/1978/1309 2743/1978/1309 2744/1978/1309 2745/1978/1309 2746/1978/1309 2747/1978/1309 2748/1978/1309 2749/1978/1309 2731/1978/1309 2734/1978/1309 2733/1978/1309 2732/1978/1309
f 2716/1978/1515 2717/1978/1515 2736/1978/1515 2735/1978/1515
f 2713/1978/1516 2716/1978/1516 2735/1978/1516 2732/1978/1516
f 2714/1978/1517 2713/1978/1517 2732/1978/1517 2733/1978/1517
f 2715/1978/1518 2714/1978/1518 2733/1978/1518 2734/1978/1518
f 2712/1978/1519 2715/1978/1519 2734/1978/1519 2731/1978/1519
f 2717/1978/1520 2718/1978/1520 2737/1978/1520 2736/1978/1520
f 2718/1978/1521 2719/1978/1521 2738/1978/1521 2737/1978/1521
f 2719/1978/1522 2720/1978/1522 2739/1978/1522 2738/1978/1522
f 2720/1978/1523 2721/1978/1523 2740/1978/1523 2739/1978/1523
f 2721/1978/1524 2722/1978/1524 2741/1978/1524 2740/1978/1524
f 2722/1978/1525 2723/1978/1525 2742/1978/1525 2741/1978/1525
f 2723/1978/1526 2724/1978/1526 2743/1978/1526 2742/1978/1526
f 2724/1978/1527 2725/1978/1527 2744/1978/1527 2743/1978/1527
f 2725/1978/1528 2726/1978/1528 2745/1978/1528 2744/1978/1528
f 2726/1978/1529 2727/1978/1529 2746/1978/1529 2745/1978/1529
f 2727/1978/1530 2728/1978/1530 2747/1978/1530 2746/1978/1530
f 2728/1978/1531 2729/1978/1531 2748/1978/1531 2747/1978/1531
f 2729/1978/1532 2730/1978/1532 2749/1978/1532 2748/1978/1532
f 2730/1978/1533 2712/1978/1533 2731/1978/1533 2749/1978/1533
s 1
f 2886/1765/1295 2885/1766/1296 2757/1767/1297 2758/1768/1298
f 2828/1769/1299 2755/1770/1300 2764/1771/1301
f 2753/1772/1302 2752/1773/1303 2761/1774/1304 2762/1775/1305
f 2750/1776/1306 2886/1765/1295 2758/1768/1298 2759/1777/1307
f 2884/1778/1308 2829/1779/1309 2756/1780/1310
f 2754/1781/1311 2753/1772/1302 2762/1775/1305 2763/1782/1312
f 2751/1783/1313 2750/1776/1306 2759/1777/1307 2760/1784/1314
f 2885/1766/1296 2884/1778/1308 2756/1780/1310 2757/1767/1297
f 2755/1770/1300 2754/1781/1311 2763/1782/1312 2764/1771/1301
f 2752/1773/1303 2751/1783/1313 2760/1784/1314 2761/1774/1304
f 2758/1768/1298 2757/1767/1297 2766/1785/1315 2767/1786/1316
f 2828/1787/1299 2764/1771/1301 2773/1788/1317
f 2762/1775/1305 2761/1774/1304 2770/1789/1318 2771/1790/1319
f 2759/1777/1307 2758/1768/1298 2767/1786/1316 2768/1791/1320
f 2756/1780/1310 2829/1792/1309 2765/1793/1321
f 2763/1782/1312 2762/1775/1305 2771/1790/1319 2772/1794/1322
f 2760/1784/1314 2759/1777/1307 2768/1791/1320 2769/1795/1323
f 2757/1767/1297 2756/1780/1310 2765/1793/1321 2766/1785/1315
f 2764/1771/1301 2763/1782/1312 2772/1794/1322 2773/1788/1317
f 2761/1774/1304 2760/1784/1314 2769/1795/1323 2770/1789/1318
f 2770/1789/1318 2769/1795/1323 2778/1796/1324 2779/1797/1325
f 2767/1786/1316 2766/1785/1315 2775/1798/1326 2776/1799/1327
f 2828/1800/1299 2773/1788/1317 2782/1801/1328
f 2771/1790/1319 2770/1789/1318 2779/1797/1325 2780/1802/1329
f 2768/1791/1320 2767/1786/1316 2776/1799/1327 2777/1803/1330
f 2765/1793/1321 2829/1804/1309 2774/1805/1331
f 2772/1794/1322 2771/1790/1319 2780/1802/1329 2781/1806/1332
f 2769/1795/1323 2768/1791/1320 2777/1803/1330 2778/1796/1324
f 2766/1785/1315 2765/1793/1321 2774/1805/1331 2775/1798/1326
f 2773/1788/1317 2772/1794/1322 2781/1806/1332 2782/1801/1328
f 2775/1798/1326 2774/1805/1331 2783/1807/1333 2784/1808/1334
f 2782/1801/1328 2781/1806/1332 2790/1809/1335 2791/1810/1336
f 2779/1797/1325 2778/1796/1324 2787/1811/1337 2788/1812/1338
f 2776/1799/1327 2775/1798/1326 2784/1808/1334 2785/1813/1339
f 2828/1814/1299 2782/1801/1328 2791/1810/1336
f 2780/1802/1329 2779/1797/1325 2788/1812/1338 2789/1815/1340
f 2777/1803/1330 2776/1799/1327 2785/1813/1339 2786/1816/1341
f 2774/1805/1331 2829/1817/1309 2783/1807/1333
f 2781/1806/1332 2780/1802/1329 2789/1815/1340 2790/1809/1335
f 2778/1796/1324 2777/1803/1330 2786/1816/1341 2787/1811/1337
f 2790/1809/1335 2789/1815/1340 2798/1818/1342 2799/1819/1343
f 2787/1811/1337 2786/1816/1341 2795/1820/1344 2796/1821/1345
f 2784/1808/1334 2783/1807/1333 2792/1822/1346 2793/1823/1347
f 2791/1810/1336 2790/1809/1335 2799/1819/1343 2800/1824/1348
f 2788/1812/1338 2787/1811/1337 2796/1821/1345 2797/1825/1349
f 2785/1813/1339 2784/1808/1334 2793/1823/1347 2794/1826/1350
f 2828/1827/1299 2791/1810/1336 2800/1824/1348
f 2789/1815/1340 2788/1812/1338 2797/1825/1349 2798/1818/1342
f 2786/1816/1341 2785/1813/1339 2794/1826/1350 2795/1820/1344
f 2783/1807/1333 2829/1828/1309 2792/1822/1346
f 2795/1820/1344 2794/1826/1350 2803/1829/1351 2804/1830/1352
f 2792/1822/1346 2829/1831/1309 2801/1832/1353
f 2799/1819/1343 2798/1818/1342 2807/1833/1354 2808/1834/1355
f 2796/1821/1345 2795/1820/1344 2804/1830/1352 2805/1835/1356
f 2793/1823/1347 2792/1822/1346 2801/1832/1353 2802/1836/1357
f 2800/1824/1348 2799/1819/1343 2808/1834/1355 2809/1837/1358
f 2797/1825/1349 2796/1821/1345 2805/1835/1356 2806/1838/1359
f 2794/1826/1350 2793/1823/1347 2802/1836/1357 2803/1829/1351
f 2828/1839/1299 2800/1824/1348 2809/1837/1358
f 2798/1818/1342 2797/1825/1349 2806/1838/1359 2807/1833/1354
f 2807/1833/1354 2806/1838/1359 2815/1840/1360 2816/1841/1361
f 2804/1830/1352 2803/1829/1351 2812/1842/1362 2813/1843/1363
f 2801/1832/1353 2829/1844/1309 2810/1845/1364
f 2808/1834/1355 2807/1833/1354 2816/1841/1361 2817/1846/1365
f 2805/1835/1356 2804/1830/1352 2813/1843/1363 2814/1847/1366
f 2802/1836/1357 2801/1832/1353 2810/1845/1364 2811/1848/1367
f 2809/1837/1358 2808/1834/1355 2817/1846/1365 2818/1849/1368
f 2806/1838/1359 2805/1835/1356 2814/1847/1366 2815/1840/1360
f 2803/1829/1351 2802/1836/1357 2811/1848/1367 2812/1842/1362
f 2828/1850/1299 2809/1837/1358 2818/1849/1368
f 2812/1842/1362 2811/1848/1367 2820/1851/1369 2821/1852/1370
f 2828/1853/1299 2818/1849/1368 2827/1854/1371
f 2816/1841/1361 2815/1840/1360 2824/1855/1372 2825/1856/1373
f 2813/1843/1363 2812/1842/1362 2821/1852/1370 2822/1857/1374
f 2810/1845/1364 2829/1858/1309 2819/1859/1375
f 2817/1846/1365 2816/1841/1361 2825/1856/1373 2826/1860/1376
f 2814/1847/1366 2813/1843/1363 2822/1857/1374 2823/1861/1377
f 2811/1848/1367 2810/1845/1364 2819/1859/1375 2820/1851/1369
f 2818/1849/1368 2817/1846/1365 2826/1860/1376 2827/1854/1371
f 2815/1840/1360 2814/1847/1366 2823/1861/1377 2824/1855/1372
f 2827/1854/1371 2826/1860/1376 2837/1862/1378 2838/1863/1379
f 2824/1855/1372 2823/1861/1377 2834/1864/1380 2835/1865/1381
f 2821/1852/1370 2820/1851/1369 2831/1866/1382 2832/1867/1383
f 2828/1868/1299 2827/1854/1371 2838/1863/1379
f 2825/1856/1373 2824/1855/1372 2835/1865/1381 2836/1869/1384
f 2822/1857/1374 2821/1852/1370 2832/1867/1383 2833/1870/1385
f 2819/1859/1375 2829/1871/1309 2830/1872/1386
f 2826/1860/1376 2825/1856/1373 2836/1869/1384 2837/1862/1378
f 2823/1861/1377 2822/1857/1374 2833/1870/1385 2834/1864/1380
f 2820/1851/1369 2819/1859/1375 2830/1872/1386 2831/1866/1382
f 2834/1864/1380 2833/1870/1385 2842/1873/1387 2843/1874/1388
f 2831/1866/1382 2830/1872/1386 2839/1875/1389 2840/1876/1390
f 2838/1863/1379 2837/1862/1378 2846/1877/1391 2847/1878/1392
f 2835/1865/1381 2834/1864/1380 2843/1874/1388 2844/1879/1393
f 2832/1867/1383 2831/1866/1382 2840/1876/1390 2841/1880/1394
f 2828/1881/1299 2838/1863/1379 2847/1878/1392
f 2836/1869/1384 2835/1865/1381 2844/1879/1393 2845/1882/1395
f 2833/1870/1385 2832/1867/1383 2841/1880/1394 2842/1873/1387
f 2830/1872/1386 2829/1883/1309 2839/1875/1389
f 2837/1862/1378 2836/1869/1384 2845/1882/1395 2846/1877/1391
f 2839/1875/1389 2829/1884/1309 2848/1885/1396
f 2846/1877/1391 2845/1882/1395 2854/1886/1397 2855/1887/1534
f 2843/1874/1388 2842/1873/1387 2851/1888/1399 2852/1889/1400
f 2840/1876/1390 2839/1875/1389 2848/1885/1396 2849/1890/1401
f 2847/1878/1392 2846/1877/1391 2855/1887/1534 2856/1891/1402
f 2844/1879/1393 2843/1874/1388 2852/1889/1400 2853/1892/1403
f 2841/1880/1394 2840/1876/1390 2849/1890/1401 2850/1893/1404
f 2828/1894/1299 2847/1878/1392 2856/1891/1402
f 2845/1882/1395 2844/1879/1393 2853/1892/1403 2854/1886/1397
f 2842/1873/1387 2841/1880/1394 2850/1893/1404 2851/1888/1399
f 2851/1895/1399 2850/1896/1404 2859/1897/1405 2860/1898/1406
f 2848/1899/1396 2829/1900/1309 2857/1901/1407
f 2855/1902/1534 2854/1903/1397 2863/1904/1408 2864/1905/1409
f 2852/1906/1400 2851/1895/1399 2860/1898/1406 2861/1907/1410
f 2849/1908/1401 2848/1899/1396 2857/1901/1407 2858/1909/1411
f 2856/1910/1402 2855/1902/1534 2864/1905/1409 2865/1911/1412
f 2853/1912/1403 2852/1906/1400 2861/1907/1410 2862/1913/1413
f 2850/1896/1404 2849/1908/1401 2858/1909/1411 2859/1897/1405
f 2828/1914/1299 2856/1910/1402 2865/1911/1412
f 2854/1903/1397 2853/1912/1403 2862/1913/1413 2863/1904/1408
f 2828/1915/1299 2865/1911/1412 2874/1916/1414
f 2863/1904/1408 2862/1913/1413 2871/1917/1415 2872/1918/1416
f 2860/1898/1406 2859/1897/1405 2868/1919/1417 2869/1920/1418
f 2857/1901/1407 2829/1921/1309 2866/1922/1419
f 2864/1905/1409 2863/1904/1408 2872/1918/1416 2873/1923/1420
f 2861/1907/1410 2860/1898/1406 2869/1920/1418 2870/1924/1421
f 2858/1909/1411 2857/1901/1407 2866/1922/1419 2867/1925/1422
f 2865/1911/1412 2864/1905/1409 2873/1923/1420 2874/1916/1414
f 2862/1913/1413 2861/1907/1410 2870/1924/1421 2871/1917/1415
f 2859/1897/1405 2858/1909/1411 2867/1925/1422 2868/1919/1417
f 2871/1917/1415 2870/1924/1421 2879/1926/1423 2880/1927/1424
f 2868/1919/1417 2867/1925/1422 2876/1928/1425 2877/1929/1426
f 2828/1930/1299 2874/1916/1414 2883/1931/1427
f 2872/1918/1416 2871/1917/1415 2880/1927/1424 2881/1932/1428
f 2869/1920/1418 2868/1919/1417 2877/1929/1426 2878/1933/1429
f 2866/1922/1419 2829/1934/1309 2875/1935/1430
f 2873/1923/1420 2872/1918/1416 2881/1932/1428 2882/1936/1431
f 2870/1924/1421 2869/1920/1418 2878/1933/1429 2879/1926/1423
f 2867/1925/1422 2866/1922/1419 2875/1935/1430 2876/1928/1425
f 2874/1916/1414 2873/1923/1420 2882/1936/1431 2883/1931/1427
f 2876/1928/1425 2875/1935/1430 2884/1778/1308 2885/1766/1296
f 2883/1931/1427 2882/1936/1431 2754/1781/1311 2755/1770/1300
f 2880/1927/1424 2879/1926/1423 2751/1783/1313 2752/1773/1303
f 2877/1929/1426 2876/1928/1425 2885/1766/1296 2886/1765/1295
f 2828/1937/1299 2883/1931/1427 2755/1770/1300
f 2881/1932/1428 2880/1927/1424 2752/1773/1303 2753/1772/1302
f 2878/1933/1429 2877/1929/1426 2886/1765/1295 2750/1776/1306
f 2875/1935/1430 2829/1938/1309 2884/1778/1308
f 2882/1936/1431 2881/1932/1428 2753/1772/1302 2754/1781/1311
f 2879/1926/1423 2878/1933/1429 2750/1776/1306 2751/1783/1313
o TropicalFish.005
v 1.858790 -0.077996 -0.078508
v 1.855599 -0.087967 -0.082720
v 1.850415 -0.095827 -0.088939
v 1.843744 -0.100806 -0.096559
v 1.836241 -0.102417 -0.104832
v 1.828638 -0.100502 -0.112949
v 1.850540 -0.045277 -0.078327
v 1.850797 -0.055074 -0.072733
v 1.849530 -0.065980 -0.070125
v 1.846863 -0.076926 -0.070759
v 1.843058 -0.086843 -0.074571
v 1.838487 -0.094758 -0.081190
v 1.833598 -0.099896 -0.089967
v 1.828869 -0.101756 -0.100042
v 1.824763 -0.100155 -0.110431
v 1.846247 -0.043837 -0.077340
v 1.842630 -0.052335 -0.070857
v 1.838289 -0.062210 -0.067543
v 1.833649 -0.072495 -0.067723
v 1.829164 -0.082184 -0.071379
v 1.825273 -0.090326 -0.078154
v 1.822358 -0.096127 -0.087384
v 1.820702 -0.099018 -0.098166
v 1.820469 -0.098715 -0.109444
v 1.842278 -0.041554 -0.078056
v 1.835080 -0.047992 -0.072219
v 1.827897 -0.056233 -0.069417
v 1.821433 -0.065468 -0.069926
v 1.816319 -0.074795 -0.073696
v 1.813057 -0.083300 -0.080358
v 1.811966 -0.090150 -0.089259
v 1.813152 -0.094675 -0.099528
v 1.816500 -0.096432 -0.110160
v 1.839319 -0.038822 -0.080351
v 1.829453 -0.042796 -0.076583
v 1.820152 -0.049081 -0.075424
v 1.812327 -0.057061 -0.076987
v 1.806745 -0.065955 -0.081121
v 1.803952 -0.074892 -0.087419
v 1.804221 -0.082998 -0.095265
v 1.807525 -0.089479 -0.103892
v 1.813542 -0.093700 -0.112455
v 1.837883 -0.036114 -0.083827
v 1.826720 -0.037645 -0.083194
v 1.816391 -0.041991 -0.084524
v 1.807907 -0.048726 -0.087686
v 1.802097 -0.057191 -0.092369
v 1.799531 -0.066557 -0.098117
v 1.800460 -0.075908 -0.104365
v 1.804793 -0.084327 -0.110504
v 1.812105 -0.090992 -0.115931
v 1.838217 -0.033897 -0.087883
v 1.827356 -0.033429 -0.090911
v 1.817266 -0.036189 -0.095145
v 1.808935 -0.041905 -0.100171
v 1.803179 -0.050019 -0.105497
v 1.800560 -0.059736 -0.110602
v 1.801335 -0.070105 -0.114986
v 1.805429 -0.080112 -0.118220
v 1.812440 -0.088776 -0.119987
v 1.840264 -0.032556 -0.091819
v 1.831249 -0.030879 -0.098397
v 1.822625 -0.032678 -0.105449
v 1.815235 -0.037778 -0.112284
v 1.809803 -0.045679 -0.118234
v 1.806860 -0.055609 -0.122716
v 1.806694 -0.066595 -0.125290
v 1.809322 -0.077561 -0.125707
v 1.814487 -0.087435 -0.123923
v 1.843670 -0.032322 -0.094954
v 1.837728 -0.030434 -0.104360
v 1.831542 -0.032065 -0.113656
v 1.825717 -0.037058 -0.121932
v 1.820824 -0.044922 -0.128378
v 1.817341 -0.054889 -0.132363
v 1.815610 -0.065982 -0.133497
v 1.815800 -0.077116 -0.131669
v 1.817892 -0.087201 -0.127058
v 1.821682 -0.095249 -0.120115
v 1.848786 -0.037547 -0.086359
v 1.847845 -0.033236 -0.096745
v 1.845670 -0.032171 -0.107767
v 1.842474 -0.034457 -0.118345
v 1.838569 -0.039869 -0.127445
v 1.834337 -0.047878 -0.134174
v 1.830193 -0.057700 -0.137876
v 1.826543 -0.068374 -0.138187
v 1.823743 -0.078854 -0.135076
v 1.822068 -0.088114 -0.128849
v 1.852069 -0.035139 -0.096883
v 1.853704 -0.035791 -0.108030
v 1.853531 -0.039439 -0.118707
v 1.851568 -0.045726 -0.127870
v 1.848005 -0.054037 -0.134622
v 1.843192 -0.063557 -0.138301
v 1.837600 -0.073356 -0.138548
v 1.831777 -0.082473 -0.135339
v 1.826292 -0.090017 -0.128987
v 1.855610 -0.037703 -0.095345
v 1.860440 -0.040667 -0.105103
v 1.862803 -0.046151 -0.114679
v 1.862467 -0.053616 -0.123134
v 1.859465 -0.062332 -0.129642
v 1.854091 -0.071447 -0.133566
v 1.846871 -0.080067 -0.134520
v 1.838513 -0.087350 -0.132412
v 1.829833 -0.092581 -0.127449
v 1.857857 -0.040483 -0.092395
v 1.864713 -0.045957 -0.099493
v 1.868684 -0.053431 -0.106957
v 1.869381 -0.062174 -0.114056
v 1.866735 -0.071331 -0.120097
v 1.861005 -0.080005 -0.124488
v 1.852753 -0.087347 -0.126798
v 1.842786 -0.092639 -0.126802
v 1.832079 -0.095362 -0.124499
v 1.858420 -0.043000 -0.088545
v 1.865785 -0.050744 -0.092169
v 1.870159 -0.060021 -0.096876
v 1.871115 -0.069921 -0.102206
v 1.868558 -0.079477 -0.107637
v 1.862739 -0.087752 -0.112637
v 1.854228 -0.093938 -0.116717
v 1.843858 -0.097427 -0.119478
v 1.832643 -0.097879 -0.120649
v 1.857203 -0.044819 -0.084459
v 1.863470 -0.054203 -0.084397
v 1.866973 -0.064781 -0.086180
v 1.867369 -0.075518 -0.089632
v 1.864619 -0.085361 -0.094416
v 1.858993 -0.093349 -0.100063
v 1.851041 -0.098698 -0.106021
v 1.841542 -0.100886 -0.111706
v 1.831426 -0.099697 -0.116563
v 1.854416 -0.045624 -0.080845
v 1.858168 -0.055735 -0.077523
v 1.859676 -0.066889 -0.076717
v 2.221879 -0.030037 -0.549122
v 2.168448 -0.040015 -0.489163
v 2.208397 -0.034326 -0.564090
v 2.152663 -0.045038 -0.506689
v 2.185909 -0.020389 -0.587484
v 2.126331 -0.028719 -0.534080
v 2.164936 0.005254 -0.608357
v 2.101774 0.001306 -0.558520
v 2.155292 0.030604 -0.616942
v 2.090483 0.030988 -0.568573
v 2.161490 0.043800 -0.609223
v 2.097740 0.046438 -0.559534
v 2.180630 0.038666 -0.588811
v 2.120150 0.040427 -0.535634
v 2.203755 0.017606 -0.565257
v 2.147227 0.015768 -0.508056
v 2.220046 -0.009527 -0.549583
v 2.166302 -0.016001 -0.489703
v 2.100373 -0.119073 -0.386858
v 2.135983 -0.107743 -0.347322
v 2.040973 -0.082259 -0.448649
v 1.985577 -0.014527 -0.503781
v 1.960105 0.052430 -0.526459
v 1.976476 0.087283 -0.506070
v 2.027030 0.073724 -0.452155
v 2.088111 0.018096 -0.389941
v 2.131140 -0.053571 -0.348539
v 1.931002 -0.177174 -0.179544
v 1.978007 -0.162218 -0.127357
v 1.852595 -0.128580 -0.261107
v 1.779473 -0.039175 -0.333881
v 1.745850 0.049208 -0.363815
v 1.767460 0.095213 -0.336901
v 1.834190 0.077315 -0.265735
v 1.914817 0.003887 -0.183614
v 1.971615 -0.090712 -0.128964
v 1.843626 -0.154278 -0.124756
v 1.880957 -0.142401 -0.083309
v 1.781354 -0.115685 -0.189534
v 1.723280 -0.044679 -0.247332
v 1.696577 0.025515 -0.271105
v 1.713739 0.062053 -0.249731
v 1.766737 0.047838 -0.193209
v 1.830772 -0.010479 -0.127988
v 1.875881 -0.085610 -0.084585
v 1.735614 -0.093896 -0.095665
v 1.754394 -0.087921 -0.074815
v 1.704289 -0.074481 -0.128251
v 1.675075 -0.038762 -0.157325
v 1.661642 -0.003452 -0.169284
v 1.670276 0.014929 -0.158532
v 1.696936 0.007778 -0.130099
v 1.729148 -0.021558 -0.097290
v 1.751840 -0.059352 -0.075457
v 1.668522 -0.050026 -0.086546
v 1.674994 -0.047967 -0.079359
v 1.657725 -0.043335 -0.097777
v 1.647656 -0.031023 -0.107798
v 1.643026 -0.018853 -0.111920
v 1.646002 -0.012518 -0.108214
v 1.655190 -0.014983 -0.098414
v 1.666293 -0.025094 -0.087106
v 1.674114 -0.038120 -0.079581
v 2.406115 -0.085518 -0.602211
v 2.380713 -0.070120 -0.628660
v 2.323611 -0.015767 -0.686645
v 2.261528 0.052110 -0.749032
v 2.223512 0.101750 -0.786631
v 2.227353 0.109926 -0.781848
v 2.271252 0.072812 -0.736922
v 2.334669 0.007774 -0.672873
v 2.387930 -0.054755 -0.619672
v 2.068620 -0.084522 -0.223541
v 2.074674 -0.152247 -0.222019
v 1.875259 0.091573 -0.420484
v 1.938461 0.074621 -0.353080
v 1.955893 -0.120388 -0.348697
v 1.886637 -0.035710 -0.417623
v 2.014825 0.005076 -0.275301
v 1.854792 0.048000 -0.445974
v 2.030154 -0.166412 -0.271447
v 2.180177 -0.041009 -0.496882
v 2.209238 -0.045202 -0.513048
v 2.278357 -0.099876 -0.475086
v 2.272716 -0.137403 -0.406408
v 2.202358 -0.167615 -0.298271
v 2.091632 -0.183270 -0.182605
v 1.987472 -0.171237 -0.119539
v 1.877560 -0.141031 -0.082923
v 2.113936 -0.020801 -0.478238
v 2.175586 -0.050783 -0.502599
v 2.204647 -0.054977 -0.518765
v 2.273766 -0.109650 -0.480804
v 2.268125 -0.147177 -0.412126
v 2.197767 -0.177390 -0.303988
v 2.087041 -0.193044 -0.188323
v 1.982880 -0.181011 -0.125257
v 1.872969 -0.150805 -0.088641
v 2.109345 -0.030575 -0.483956
v 2.092991 0.034088 -0.555248
v 2.084477 0.091440 -0.646450
v 2.102323 0.069640 -0.623513
v 2.096899 0.052183 -0.589318
v 2.053512 0.114567 -0.661121
v 1.998537 0.126389 -0.637186
v 1.964439 0.115133 -0.590567
v 1.941620 0.108366 -0.560677
v 1.908577 0.097925 -0.516298
v 1.898335 0.074938 -0.468780
v 1.860818 0.073103 -0.435520
v 1.867036 0.093585 -0.475525
v 1.869888 0.110865 -0.507354
v 1.890669 0.122692 -0.544255
v 1.839437 0.119915 -0.498372
v 1.837010 0.133118 -0.518994
v 1.800331 0.112029 -0.453493
v 1.763589 0.093906 -0.393012
v 1.750107 0.061783 -0.327275
v 2.096052 0.040604 -0.551436
v 2.087538 0.097956 -0.642638
v 2.105384 0.076156 -0.619702
v 2.099960 0.058699 -0.585506
v 2.056573 0.121084 -0.657309
v 2.001598 0.132905 -0.633374
v 1.967499 0.121649 -0.586755
v 1.944680 0.114882 -0.556865
v 1.911638 0.104441 -0.512486
v 1.901396 0.081454 -0.464968
v 1.863879 0.079619 -0.431708
v 1.870097 0.100101 -0.471713
v 1.872949 0.117381 -0.503542
v 1.893729 0.129208 -0.540443
v 1.842497 0.126431 -0.494561
v 1.840071 0.139634 -0.515182
v 1.803392 0.118545 -0.449681
v 1.766650 0.100422 -0.389200
v 1.753168 0.068299 -0.323463
v 1.833023 -0.132853 -0.110600
v 1.829832 -0.142824 -0.114811
v 1.824647 -0.150684 -0.121031
v 1.817977 -0.155663 -0.128651
v 1.810473 -0.157275 -0.136924
v 1.802871 -0.155360 -0.145040
v 1.824773 -0.100134 -0.110419
v 1.825029 -0.109931 -0.104825
v 1.823762 -0.120837 -0.102217
v 1.821095 -0.131784 -0.102850
v 1.817291 -0.141700 -0.106663
v 1.812720 -0.149615 -0.113282
v 1.807831 -0.154754 -0.122058
v 1.803101 -0.156614 -0.132134
v 1.798995 -0.155013 -0.142522
v 1.820479 -0.098694 -0.109432
v 1.816862 -0.107193 -0.102949
v 1.812521 -0.117068 -0.099635
v 1.807881 -0.127353 -0.099815
v 1.803396 -0.137041 -0.103471
v 1.799506 -0.145184 -0.110246
v 1.796590 -0.150985 -0.119476
v 1.794935 -0.153875 -0.130258
v 1.794702 -0.153573 -0.141536
v 1.816510 -0.096411 -0.110148
v 1.809312 -0.102850 -0.104310
v 1.802130 -0.111091 -0.101509
v 1.795665 -0.120326 -0.102018
v 1.790552 -0.129653 -0.105788
v 1.787290 -0.138157 -0.112449
v 1.786198 -0.145007 -0.121350
v 1.787385 -0.149532 -0.131620
v 1.790733 -0.151290 -0.142252
v 1.813551 -0.093679 -0.112442
v 1.803685 -0.097654 -0.108674
v 1.794384 -0.103938 -0.107516
v 1.786560 -0.111918 -0.109079
v 1.780978 -0.120812 -0.113212
v 1.778184 -0.129749 -0.119510
v 1.778453 -0.137855 -0.127357
v 1.781757 -0.144336 -0.135984
v 1.787774 -0.148558 -0.144546
v 1.812115 -0.090971 -0.115918
v 1.800953 -0.092503 -0.115286
v 1.790624 -0.096848 -0.116616
v 1.782139 -0.103583 -0.119777
v 1.776330 -0.112048 -0.124461
v 1.773764 -0.121415 -0.130209
v 1.774692 -0.130765 -0.136457
v 1.779025 -0.139185 -0.142595
v 1.786338 -0.145850 -0.148022
v 1.812449 -0.088755 -0.119975
v 1.801588 -0.088287 -0.123003
v 1.791499 -0.091046 -0.127236
v 1.783168 -0.096763 -0.132263
v 1.777411 -0.104877 -0.137589
v 1.774792 -0.114594 -0.142694
v 1.775567 -0.124963 -0.147078
v 1.779661 -0.134969 -0.150312
v 1.786672 -0.143633 -0.152079
v 1.814496 -0.087414 -0.123911
v 1.805482 -0.085736 -0.130489
v 1.796858 -0.087535 -0.137541
v 1.789467 -0.092635 -0.144376
v 1.784035 -0.100537 -0.150326
v 1.781092 -0.110466 -0.154807
v 1.780926 -0.121452 -0.157382
v 1.783554 -0.132419 -0.157798
v 1.788719 -0.142292 -0.156015
v 1.817902 -0.087180 -0.127046
v 1.811960 -0.085291 -0.136451
v 1.805774 -0.086923 -0.145747
v 1.799949 -0.091915 -0.154023
v 1.795056 -0.099780 -0.160470
v 1.791574 -0.109746 -0.164455
v 1.789843 -0.120840 -0.165589
v 1.790033 -0.131974 -0.163761
v 1.792125 -0.142058 -0.159150
v 1.795914 -0.150107 -0.152207
v 1.823018 -0.092404 -0.118451
v 1.822078 -0.088093 -0.128837
v 1.819903 -0.087029 -0.139859
v 1.816706 -0.089314 -0.150437
v 1.812801 -0.094727 -0.159536
v 1.808569 -0.102736 -0.166266
v 1.804425 -0.112558 -0.169968
v 1.800775 -0.123231 -0.170278
v 1.797975 -0.133711 -0.167168
v 1.796300 -0.142972 -0.160941
v 1.826301 -0.089997 -0.128975
v 1.827937 -0.090649 -0.140122
v 1.827764 -0.094297 -0.150799
v 1.825800 -0.100584 -0.159962
v 1.822237 -0.108894 -0.166714
v 1.817425 -0.118415 -0.170393
v 1.811833 -0.128213 -0.170640
v 1.806009 -0.137331 -0.167431
v 1.800524 -0.144875 -0.161079
v 1.829843 -0.092560 -0.127436
v 1.834673 -0.095525 -0.137195
v 1.837035 -0.101008 -0.146771
v 1.836699 -0.108474 -0.155226
v 1.833697 -0.117190 -0.161734
v 1.828323 -0.126305 -0.165657
v 1.821104 -0.134925 -0.166612
v 1.812745 -0.142207 -0.164504
v 1.804065 -0.147438 -0.159540
v 1.832089 -0.095341 -0.124487
v 1.838946 -0.100814 -0.131584
v 1.842917 -0.108288 -0.139048
v 1.843613 -0.117032 -0.146148
v 1.840967 -0.126189 -0.152189
v 1.835238 -0.134863 -0.156579
v 1.826985 -0.142205 -0.158890
v 1.817018 -0.147496 -0.158894
v 1.806312 -0.150219 -0.156591
v 1.832653 -0.097858 -0.120636
v 1.840017 -0.105602 -0.124260
v 1.844392 -0.114878 -0.128968
v 1.845347 -0.124779 -0.134298
v 1.842790 -0.134335 -0.139729
v 1.836972 -0.142610 -0.144729
v 1.828460 -0.148795 -0.148809
v 1.818090 -0.152284 -0.151569
v 1.806875 -0.152736 -0.152740
v 1.831435 -0.099676 -0.116551
v 1.837702 -0.109061 -0.116489
v 1.841205 -0.119639 -0.118271
v 1.841601 -0.130375 -0.121724
v 1.838851 -0.140219 -0.126507
v 1.833225 -0.148206 -0.132155
v 1.825274 -0.153556 -0.138113
v 1.815775 -0.155743 -0.143798
v 1.805658 -0.154555 -0.148655
v 1.828648 -0.100481 -0.112937
v 1.832400 -0.110592 -0.109614
v 1.833908 -0.121747 -0.108809
vn 0.6779 -0.0255 0.7347
vn 0.6397 0.2798 0.7159
vn 0.4307 0.2986 0.8517
vn 0.3942 -0.0001 0.9190
vn -0.3757 -0.7999 -0.4679
vn -0.1700 -0.9517 -0.2558
vn -0.2839 -0.9415 -0.1817
vn 0.2435 -0.9504 0.1936
vn 0.4242 -0.8123 0.4003
vn 0.0928 -0.7826 0.6155
vn -0.0402 -0.9249 0.3780
vn 0.6520 -0.3274 0.6839
vn 0.3206 -0.2977 0.8992
vn 0.5400 0.5598 0.6285
vn 0.3757 0.7999 0.4679
vn 0.4261 0.5701 0.7025
vn 0.0391 -0.9987 -0.0321
vn -0.1699 -0.9800 0.1037
vn 0.5646 -0.5980 0.5688
vn 0.2169 -0.5668 0.7948
vn 0.1991 0.3762 0.9049
vn 0.0799 0.1053 0.9912
vn -0.4101 -0.8991 -0.1527
vn -0.2743 -0.6595 0.6999
vn -0.3545 -0.8195 0.4502
vn -0.0465 -0.1746 0.9835
vn 0.2999 0.6124 0.7315
vn -0.4014 -0.9023 0.1569
vn -0.1683 -0.4377 0.8833
vn -0.5244 -0.2328 0.8190
vn -0.6136 -0.4643 0.6387
vn -0.0149 0.4993 0.8663
vn -0.2107 0.2725 0.9388
vn -0.5268 -0.8320 -0.1738
vn -0.6451 -0.6524 0.3978
vn -0.3859 0.0206 0.9223
vn 0.1832 0.6795 0.7105
vn -0.6155 -0.7792 0.1183
vn 0.0962 0.7598 0.6430
vn -0.1745 0.6467 0.7425
vn -0.7750 -0.6319 -0.0054
vn -0.6138 -0.7517 -0.2412
vn -0.7898 0.0123 0.6132
vn -0.8666 -0.2307 0.4425
vn -0.4273 0.4725 0.7709
vn -0.8617 -0.4524 0.2298
vn -0.6388 0.2542 0.7262
vn -0.9669 -0.2541 -0.0247
vn -0.8525 -0.4858 -0.1929
vn -0.7616 0.4857 0.4290
vn -0.9187 0.2553 0.3013
vn 0.0540 0.8394 0.5408
vn -0.2519 0.7927 0.5551
vn -0.6560 -0.6721 -0.3434
vn -0.9894 0.0008 0.1453
vn -0.5324 0.6707 0.5164
vn -0.5080 0.8330 0.2194
vn -0.7330 0.6752 0.0821
vn 0.0638 0.9045 0.4216
vn -0.9424 -0.0919 -0.3217
vn -0.8345 -0.3663 -0.4116
vn -0.8887 0.4541 -0.0627
vn -0.2339 0.9122 0.3363
vn -0.6462 -0.6070 -0.4626
vn -0.9608 0.1903 -0.2015
vn -0.7858 0.3050 -0.5381
vn -0.7925 0.0063 -0.6098
vn -0.3581 0.9311 -0.0687
vn -0.5580 0.7899 -0.2544
vn 0.1240 0.9440 0.3059
vn -0.7241 -0.2940 -0.6239
vn -0.7051 0.5744 -0.4158
vn -0.1235 0.9846 0.1241
vn -0.5860 -0.5676 -0.5783
vn 0.0601 0.9972 -0.0450
vn -0.1088 0.9483 -0.2982
vn -0.4859 -0.5607 -0.6705
vn -0.4946 0.3250 -0.8061
vn -0.5432 0.0234 -0.8393
vn -0.2668 0.8099 -0.5224
vn 0.2241 0.9508 0.2138
vn -0.5404 -0.2814 -0.7929
vn -0.3995 0.5954 -0.6970
vn -0.3152 -0.3306 -0.8896
vn -0.3631 -0.5875 -0.7231
vn -0.0249 0.5135 -0.8578
vn -0.1376 0.2469 -0.9592
vn 0.2853 0.9479 -0.1416
vn 0.1969 0.8814 -0.4294
vn -0.2375 -0.0435 -0.9704
vn 0.0902 0.7318 -0.6756
vn 0.3468 0.9240 0.1611
vn 0.4513 0.5690 -0.6874
vn 0.3541 0.3427 -0.8702
vn 0.4710 0.8680 0.1570
vn 0.5131 0.8453 -0.1490
vn -0.0875 -0.4333 -0.8970
vn -0.2390 -0.6435 -0.7272
vn 0.2235 0.0842 -0.9711
vn 0.5061 0.7421 -0.4395
vn 0.0717 -0.1828 -0.9805
vn 0.5751 0.7927 0.2023
vn 0.3309 -0.3705 -0.8679
vn 0.1035 -0.5715 -0.8140
vn 0.7541 0.3499 -0.5558
vn 0.6718 0.1127 -0.7321
vn 0.7041 0.7070 -0.0661
vn -0.1349 -0.7188 -0.6820
vn 0.5263 -0.1350 -0.8395
vn 0.7654 0.5544 -0.3268
vn 0.9298 0.3508 -0.1109
vn 0.9462 0.1121 -0.3036
vn 0.6411 0.7109 0.2890
vn 0.4954 -0.5740 -0.6520
vn 0.2247 -0.7215 -0.6550
vn 0.8734 -0.1368 -0.4675
vn 0.8252 0.5571 0.0930
vn -0.0689 -0.8006 -0.5953
vn 0.7184 -0.3728 -0.5873
vn -0.0523 -0.8746 -0.4821
vn 0.7666 -0.5880 -0.2581
vn 0.5367 -0.7583 -0.3701
vn 0.9711 0.1666 0.1710
vn 0.9943 -0.1031 0.0256
vn 0.6577 0.6370 0.4022
vn 0.2551 -0.8572 -0.4473
vn 0.9239 -0.3626 -0.1220
vn 0.8556 0.4213 0.3007
vn 0.8147 -0.5258 0.2446
vn 0.6625 -0.7435 0.0912
vn 0.7900 0.3233 0.5210
vn 0.8820 0.0334 0.4701
vn -0.0881 -0.9280 -0.3620
vn 0.4476 -0.8914 -0.0710
vn 0.8903 -0.2586 0.3749
vn 0.6219 0.5835 0.5222
vn 0.1894 -0.9553 -0.2270
vn 0.2447 -0.9679 0.0570
vn -0.1934 -0.9134 -0.3582
vn -0.3797 -0.7507 -0.5407
vn -0.5368 -0.4466 -0.7158
vn -0.4763 0.5998 -0.6429
vn 0.1349 0.9835 0.1209
vn 0.3689 0.8430 0.3916
vn 0.5413 -0.8002 -0.2582
vn 0.5362 0.6399 0.5504
vn 0.7374 0.0810 0.6706
vn -0.3579 -0.7778 -0.5166
vn 0.6934 0.0781 0.7163
vn -0.2151 -0.7163 -0.6638
vn 0.0135 -0.8533 -0.5213
vn 0.9603 0.0918 0.2636
vn 0.7059 0.6208 0.3410
vn 0.5096 0.8266 0.2388
vn 0.3017 0.9524 -0.0433
vn -0.1712 0.5562 -0.8132
vn -0.3407 -0.4153 -0.8435
vn 0.3573 0.6187 0.6997
vn 0.1303 0.9835 0.1252
vn -0.3907 -0.7519 -0.5311
vn 0.3583 0.8427 0.4017
vn -0.5417 -0.4471 -0.7118
vn 0.1988 -0.9749 0.1003
vn 0.5156 0.6392 0.5706
vn -0.4775 0.5999 -0.6420
vn -0.2149 -0.9159 -0.3391
vn -0.6171 -0.7345 -0.2822
vn -0.7932 0.5387 -0.2839
vn -0.3615 -0.9116 -0.1956
vn 0.4224 0.0581 0.9045
vn -0.0785 0.9469 0.3118
vn -0.5298 -0.7522 -0.3918
vn 0.2097 0.8222 0.5292
vn -0.7352 -0.4511 -0.5060
vn -0.0499 -0.9473 0.3164
vn -0.5448 -0.8382 0.0243
vn 0.0979 0.7877 0.6082
vn -0.8028 -0.4412 -0.4010
vn -0.3110 -0.8020 0.5100
vn 0.1798 0.5708 0.8012
vn -0.8567 0.4924 -0.1538
vn -0.4958 -0.8675 -0.0402
vn 0.0796 0.0295 0.9964
vn -0.1699 0.9062 0.3873
vn -0.7349 -0.0505 0.6763
vn -0.0480 0.0182 0.9987
vn -0.1858 0.8975 0.3999
vn -0.6443 -0.7250 -0.2434
vn 0.0591 0.7723 0.6325
vn -0.8135 -0.4388 -0.3818
vn -0.3966 -0.7238 0.5646
vn 0.1043 0.5437 0.8327
vn -0.8593 0.4898 -0.1474
vn 0.7349 0.0505 -0.6763
vn -0.3066 -0.8552 -0.4178
vn 0.4059 0.4387 0.8017
vn 0.4409 0.7363 0.5133
vn 0.3923 0.8195 0.4178
vn 0.2070 0.9005 0.3825
vn -0.8614 0.4876 -0.1419
vn -0.5272 -0.6627 -0.5319
vn -0.2543 -0.9669 -0.0206
vn -0.1059 -0.8957 -0.4318
vn -0.5015 0.6001 -0.6232
vn 0.6143 0.6375 0.4651
vn 0.4163 -0.9017 -0.1166
vn -0.5315 -0.4461 -0.7201
vn 0.4056 0.8423 0.3549
vn -0.3401 -0.7451 -0.5737
vn 0.1399 0.9833 0.1161
vn 0.8818 0.0892 0.4631
vn -0.3273 0.5869 -0.7405
vn 0.5831 0.1884 -0.7903
vn 0.9239 -0.3625 -0.1222
vn 0.7595 -0.5551 0.3391
vn 0.6206 -0.5922 0.5140
vn 0.3663 -0.5920 0.7179
vn 0.1266 -0.5445 0.8291
vn -0.0761 0.5299 -0.8447
vn -0.7825 0.5444 -0.3023
vn -0.2228 0.5681 -0.7922
vn 0.5457 0.2172 -0.8094
vn 0.7858 -0.0073 -0.6184
vn 0.9161 -0.3968 -0.0573
vn 0.9212 -0.3773 -0.0947
vn -0.7232 0.5688 -0.3916
vn -0.7086 0.5734 -0.4112
vn -0.7172 0.5708 -0.3997
vn -0.9069 0.4212 0.0083
vn -0.5474 0.5990 -0.5844
vn 0.9165 -0.3954 -0.0600
vn 0.9234 -0.3659 -0.1159
vn 0.7972 -0.5365 0.2770
vn -0.5521 0.5988 -0.5802
vn 0.9215 -0.2687 -0.2805
vn -0.7985 0.5357 -0.2746
vn -0.7784 0.5464 -0.3091
vn -0.9088 0.4168 0.0173
vn 0.4105 -0.5964 0.6898
vn -0.0874 -0.4333 -0.8970
vt 0.441539 0.925676
vt 0.441539 0.934502
vt 0.435656 0.934502
vt 0.435656 0.925676
vt 0.438597 0.863896
vt 0.441539 0.872722
vt 0.435656 0.872722
vt 0.441539 0.890373
vt 0.441539 0.899199
vt 0.435656 0.899199
vt 0.435656 0.890373
vt 0.441539 0.916850
vt 0.435656 0.916850
vt 0.441539 0.943327
vt 0.438597 0.952153
vt 0.435656 0.943327
vt 0.441539 0.881548
vt 0.435656 0.881548
vt 0.441539 0.908025
vt 0.435656 0.908025
vt 0.429772 0.934502
vt 0.429772 0.925676
vt 0.432714 0.863896
vt 0.429772 0.872722
vt 0.429772 0.899199
vt 0.429772 0.890373
vt 0.429772 0.916850
vt 0.432714 0.952153
vt 0.429772 0.943327
vt 0.429772 0.881548
vt 0.429772 0.908025
vt 0.423888 0.908025
vt 0.423888 0.899199
vt 0.423888 0.934502
vt 0.423888 0.925676
vt 0.426830 0.863896
vt 0.423888 0.872722
vt 0.423888 0.890373
vt 0.423888 0.916850
vt 0.426830 0.952153
vt 0.423888 0.943327
vt 0.423888 0.881548
vt 0.418004 0.943327
vt 0.418004 0.934502
vt 0.418004 0.881548
vt 0.418004 0.872722
vt 0.418004 0.908025
vt 0.418004 0.899199
vt 0.418004 0.925676
vt 0.420946 0.863896
vt 0.418004 0.890373
vt 0.418004 0.916850
vt 0.420946 0.952153
vt 0.412120 0.890373
vt 0.412120 0.881548
vt 0.412120 0.916850
vt 0.412120 0.908025
vt 0.412120 0.943327
vt 0.412120 0.934502
vt 0.412120 0.872722
vt 0.412120 0.899199
vt 0.412120 0.925676
vt 0.415062 0.863896
vt 0.415062 0.952153
vt 0.406237 0.925676
vt 0.406237 0.916850
vt 0.409179 0.952153
vt 0.406237 0.943327
vt 0.406237 0.890373
vt 0.406237 0.881548
vt 0.406237 0.908025
vt 0.406237 0.934502
vt 0.406237 0.872722
vt 0.406237 0.899199
vt 0.409179 0.863896
vt 0.400353 0.899199
vt 0.400353 0.890373
vt 0.400353 0.925676
vt 0.400353 0.916850
vt 0.403295 0.952153
vt 0.400353 0.943327
vt 0.400353 0.881548
vt 0.400353 0.908025
vt 0.400353 0.934502
vt 0.400353 0.872722
vt 0.403295 0.863896
vt 0.394469 0.934502
vt 0.394469 0.925676
vt 0.397411 0.863896
vt 0.394469 0.872722
vt 0.394469 0.899199
vt 0.394469 0.890373
vt 0.394469 0.916850
vt 0.397411 0.952153
vt 0.394469 0.943327
vt 0.394469 0.881548
vt 0.394469 0.908025
vt 0.388585 0.881548
vt 0.388585 0.872722
vt 0.388585 0.908025
vt 0.388585 0.899199
vt 0.388585 0.934502
vt 0.388585 0.925676
vt 0.391527 0.863896
vt 0.388585 0.890373
vt 0.388585 0.916850
vt 0.391527 0.952153
vt 0.388585 0.943327
vt 0.382701 0.916850
vt 0.382701 0.908025
vt 0.382701 0.943327
vt 0.382701 0.934502
vt 0.382701 0.881548
vt 0.382701 0.872722
vt 0.382701 0.899199
vt 0.382701 0.925676
vt 0.385643 0.863896
vt 0.382701 0.890373
vt 0.385643 0.952153
vt 0.379760 0.952153
vt 0.376818 0.943327
vt 0.376818 0.890373
vt 0.376818 0.881548
vt 0.376818 0.916850
vt 0.376818 0.908025
vt 0.376818 0.934502
vt 0.376818 0.872722
vt 0.376818 0.899199
vt 0.376818 0.925676
vt 0.379760 0.863896
vt 0.465074 0.916850
vt 0.465074 0.925676
vt 0.459191 0.925676
vt 0.459191 0.916850
vt 0.465074 0.943327
vt 0.462133 0.952153
vt 0.459191 0.943327
vt 0.465074 0.881548
vt 0.465074 0.890373
vt 0.459191 0.890373
vt 0.459191 0.881548
vt 0.465074 0.908025
vt 0.459191 0.908025
vt 0.465074 0.934502
vt 0.459191 0.934502
vt 0.465074 0.872722
vt 0.459191 0.872722
vt 0.465074 0.899199
vt 0.459191 0.899199
vt 0.462133 0.863896
vt 0.456249 0.863896
vt 0.453307 0.872722
vt 0.453307 0.899199
vt 0.453307 0.890373
vt 0.453307 0.925676
vt 0.453307 0.916850
vt 0.456249 0.952153
vt 0.453307 0.943327
vt 0.453307 0.881548
vt 0.453307 0.908025
vt 0.453307 0.934502
vt 0.447423 0.908025
vt 0.447423 0.899199
vt 0.447423 0.934502
vt 0.447423 0.925676
vt 0.450365 0.863896
vt 0.447423 0.872722
vt 0.447423 0.890373
vt 0.447423 0.916850
vt 0.450365 0.952153
vt 0.447423 0.943327
vt 0.447423 0.881548
vt 0.444481 0.863896
vt 0.444481 0.952153
vt 0.978377 0.866376
vt 0.978377 0.975636
vt 0.954097 0.975636
vt 0.954097 0.866376
vt 0.929817 0.975636
vt 0.929817 0.866376
vt 0.905537 0.975636
vt 0.905537 0.866376
vt 0.881257 0.975636
vt 0.881257 0.866376
vt 0.856978 0.975636
vt 0.856978 0.866376
vt 0.832698 0.975636
vt 0.832698 0.866376
vt 0.808418 0.975636
vt 0.808418 0.866376
vt 0.784138 0.975636
vt 0.784138 0.866376
vt 0.759858 0.975636
vt 0.759858 0.866376
vt 0.848198 0.851922
vt 0.814488 0.864191
vt 0.780777 0.851922
vt 0.762840 0.820854
vt 0.769069 0.785524
vt 0.796551 0.762465
vt 0.832425 0.762465
vt 0.859906 0.785524
vt 0.866136 0.820854
vt 0.923747 0.864191
vt 0.957458 0.851922
vt 0.975395 0.820854
vt 0.969166 0.785524
vt 0.941684 0.762465
vt 0.905810 0.762465
vt 0.878329 0.785524
vt 0.872099 0.820854
vt 0.890037 0.851922
vt 0.046506 0.956471
vt 0.040305 0.970423
s 1
f 3023/1979/1535 3022/1980/1536 2894/1981/1537 2895/1982/1538
f 2965/1983/1539 2892/1984/1540 2901/1985/1541
f 2890/1986/1542 2889/1987/1543 2898/1988/1544 2899/1989/1545
f 2887/1990/1546 3023/1979/1535 2895/1982/1538 2896/1991/1547
f 3021/1992/1548 2966/1993/1549 2893/1994/1550
f 2891/1995/1551 2890/1986/1542 2899/1989/1545 2900/1996/1552
f 2888/1997/1553 2887/1990/1546 2896/1991/1547 2897/1998/1554
f 3022/1980/1536 3021/1992/1548 2893/1994/1550 2894/1981/1537
f 2892/1984/1540 2891/1995/1551 2900/1996/1552 2901/1985/1541
f 2889/1987/1543 2888/1997/1553 2897/1998/1554 2898/1988/1544
f 2895/1982/1538 2894/1981/1537 2903/1999/1555 2904/2000/1556
f 2965/2001/1539 2901/1985/1541 2910/2002/1557
f 2899/1989/1545 2898/1988/1544 2907/2003/1558 2908/2004/1559
f 2896/1991/1547 2895/1982/1538 2904/2000/1556 2905/2005/1560
f 2893/1994/1550 2966/2006/1549 2902/2007/1561
f 2900/1996/1552 2899/1989/1545 2908/2004/1559 2909/2008/1562
f 2897/1998/1554 2896/1991/1547 2905/2005/1560 2906/2009/1563
f 2894/1981/1537 2893/1994/1550 2902/2007/1561 2903/1999/1555
f 2901/1985/1541 2900/1996/1552 2909/2008/1562 2910/2002/1557
f 2898/1988/1544 2897/1998/1554 2906/2009/1563 2907/2003/1558
f 2907/2003/1558 2906/2009/1563 2915/2010/1564 2916/2011/1565
f 2904/2000/1556 2903/1999/1555 2912/2012/1566 2913/2013/1567
f 2965/2014/1539 2910/2002/1557 2919/2015/1568
f 2908/2004/1559 2907/2003/1558 2916/2011/1565 2917/2016/1569
f 2905/2005/1560 2904/2000/1556 2913/2013/1567 2914/2017/1570
f 2902/2007/1561 2966/2018/1549 2911/2019/1571
f 2909/2008/1562 2908/2004/1559 2917/2016/1569 2918/2020/1572
f 2906/2009/1563 2905/2005/1560 2914/2017/1570 2915/2010/1564
f 2903/1999/1555 2902/2007/1561 2911/2019/1571 2912/2012/1566
f 2910/2002/1557 2909/2008/1562 2918/2020/1572 2919/2015/1568
f 2912/2012/1566 2911/2019/1571 2920/2021/1573 2921/2022/1574
f 2919/2015/1568 2918/2020/1572 2927/2023/1575 2928/2024/1576
f 2916/2011/1565 2915/2010/1564 2924/2025/1577 2925/2026/1578
f 2913/2013/1567 2912/2012/1566 2921/2022/1574 2922/2027/1579
f 2965/2028/1539 2919/2015/1568 2928/2024/1576
f 2917/2016/1569 2916/2011/1565 2925/2026/1578 2926/2029/1580
f 2914/2017/1570 2913/2013/1567 2922/2027/1579 2923/2030/1581
f 2911/2019/1571 2966/2031/1549 2920/2021/1573
f 2918/2020/1572 2917/2016/1569 2926/2029/1580 2927/2023/1575
f 2915/2010/1564 2914/2017/1570 2923/2030/1581 2924/2025/1577
f 2927/2023/1575 2926/2029/1580 2935/2032/1582 2936/2033/1583
f 2924/2025/1577 2923/2030/1581 2932/2034/1584 2933/2035/1585
f 2921/2022/1574 2920/2021/1573 2929/2036/1586 2930/2037/1587
f 2928/2024/1576 2927/2023/1575 2936/2033/1583 2937/2038/1588
f 2925/2026/1578 2924/2025/1577 2933/2035/1585 2934/2039/1589
f 2922/2027/1579 2921/2022/1574 2930/2037/1587 2931/2040/1590
f 2965/2041/1539 2928/2024/1576 2937/2038/1588
f 2926/2029/1580 2925/2026/1578 2934/2039/1589 2935/2032/1582
f 2923/2030/1581 2922/2027/1579 2931/2040/1590 2932/2034/1584
f 2920/2021/1573 2966/2042/1549 2929/2036/1586
f 2932/2034/1584 2931/2040/1590 2940/2043/1591 2941/2044/1592
f 2929/2036/1586 2966/2045/1549 2938/2046/1593
f 2936/2033/1583 2935/2032/1582 2944/2047/1594 2945/2048/1595
f 2933/2035/1585 2932/2034/1584 2941/2044/1592 2942/2049/1596
f 2930/2037/1587 2929/2036/1586 2938/2046/1593 2939/2050/1597
f 2937/2038/1588 2936/2033/1583 2945/2048/1595 2946/2051/1598
f 2934/2039/1589 2933/2035/1585 2942/2049/1596 2943/2052/1599
f 2931/2040/1590 2930/2037/1587 2939/2050/1597 2940/2043/1591
f 2965/2053/1539 2937/2038/1588 2946/2051/1598
f 2935/2032/1582 2934/2039/1589 2943/2052/1599 2944/2047/1594
f 2944/2047/1594 2943/2052/1599 2952/2054/1600 2953/2055/1601
f 2941/2044/1592 2940/2043/1591 2949/2056/1602 2950/2057/1603
f 2938/2046/1593 2966/2058/1549 2947/2059/1604
f 2945/2048/1595 2944/2047/1594 2953/2055/1601 2954/2060/1605
f 2942/2049/1596 2941/2044/1592 2950/2057/1603 2951/2061/1606
f 2939/2050/1597 2938/2046/1593 2947/2059/1604 2948/2062/1607
f 2946/2051/1598 2945/2048/1595 2954/2060/1605 2955/2063/1608
f 2943/2052/1599 2942/2049/1596 2951/2061/1606 2952/2054/1600
f 2940/2043/1591 2939/2050/1597 2948/2062/1607 2949/2056/1602
f 2965/2064/1539 2946/2051/1598 2955/2063/1608
f 2949/2056/1602 2948/2062/1607 2957/2065/1609 2958/2066/1610
f 2965/2067/1539 2955/2063/1608 2964/2068/1611
f 2953/2055/1601 2952/2054/1600 2961/2069/1612 2962/2070/1613
f 2950/2057/1603 2949/2056/1602 2958/2066/1610 2959/2071/1614
f 2947/2059/1604 2966/2072/1549 2956/2073/1615
f 2954/2060/1605 2953/2055/1601 2962/2070/1613 2963/2074/1616
f 2951/2061/1606 2950/2057/1603 2959/2071/1614 2960/2075/1617
f 2948/2062/1607 2947/2059/1604 2956/2073/1615 2957/2065/1609
f 2955/2063/1608 2954/2060/1605 2963/2074/1616 2964/2068/1611
f 2952/2054/1600 2951/2061/1606 2960/2075/1617 2961/2069/1612
f 2964/2068/1611 2963/2074/1616 2974/2076/1618 2975/2077/1619
f 2961/2069/1612 2960/2075/1617 2971/2078/1620 2972/2079/1621
f 2958/2066/1610 2957/2065/1609 2968/2080/1622 2969/2081/1623
f 2965/2082/1539 2964/2068/1611 2975/2077/1619
f 2962/2070/1613 2961/2069/1612 2972/2079/1621 2973/2083/1624
f 2959/2071/1614 2958/2066/1610 2969/2081/1623 2970/2084/1625
f 2956/2073/1615 2966/2085/1549 2967/2086/1626
f 2963/2074/1616 2962/2070/1613 2973/2083/1624 2974/2076/1618
f 2960/2075/1617 2959/2071/1614 2970/2084/1625 2971/2078/1620
f 2957/2065/1609 2956/2073/1615 2967/2086/1626 2968/2080/1622
f 2971/2078/1620 2970/2084/1625 2979/2087/1627 2980/2088/1628
f 2968/2080/1622 2967/2086/1626 2976/2089/1629 2977/2090/1630
f 2975/2077/1619 2974/2076/1618 2983/2091/1631 2984/2092/1632
f 2972/2079/1621 2971/2078/1620 2980/2088/1628 2981/2093/1633
f 2969/2081/1623 2968/2080/1622 2977/2090/1630 2978/2094/1634
f 2965/2095/1539 2975/2077/1619 2984/2092/1632
f 2973/2083/1624 2972/2079/1621 2981/2093/1633 2982/2096/1635
f 2970/2084/1625 2969/2081/1623 2978/2094/1634 2979/2087/1627
f 2967/2086/1626 2966/2097/1549 2976/2089/1629
f 2974/2076/1618 2973/2083/1624 2982/2096/1635 2983/2091/1631
f 2976/2089/1629 2966/2098/1549 2985/2099/1636
f 2983/2091/1631 2982/2096/1635 2991/2100/1637 2992/2101/1638
f 2980/2088/1628 2979/2087/1627 2988/2102/1639 2989/2103/1640
f 2977/2090/1630 2976/2089/1629 2985/2099/1636 2986/2104/1641
f 2984/2092/1632 2983/2091/1631 2992/2101/1638 2993/2105/1642
f 2981/2093/1633 2980/2088/1628 2989/2103/1640 2990/2106/1643
f 2978/2094/1634 2977/2090/1630 2986/2104/1641 2987/2107/1644
f 2965/2108/1539 2984/2092/1632 2993/2105/1642
f 2982/2096/1635 2981/2093/1633 2990/2106/1643 2991/2100/1637
f 2979/2087/1627 2978/2094/1634 2987/2107/1644 2988/2102/1639
f 2988/2109/1639 2987/2110/1644 2996/2111/1645 2997/2112/1646
f 2985/2113/1636 2966/2114/1549 2994/2115/1647
f 2992/2116/1638 2991/2117/1637 3000/2118/1648 3001/2119/1649
f 2989/2120/1640 2988/2109/1639 2997/2112/1646 2998/2121/1650
f 2986/2122/1641 2985/2113/1636 2994/2115/1647 2995/2123/1651
f 2993/2124/1642 2992/2116/1638 3001/2119/1649 3002/2125/1652
f 2990/2126/1643 2989/2120/1640 2998/2121/1650 2999/2127/1653
f 2987/2110/1644 2986/2122/1641 2995/2123/1651 2996/2111/1645
f 2965/2128/1539 2993/2124/1642 3002/2125/1652
f 2991/2117/1637 2990/2126/1643 2999/2127/1653 3000/2118/1648
f 2965/2129/1539 3002/2125/1652 3011/2130/1654
f 3000/2118/1648 2999/2127/1653 3008/2131/1655 3009/2132/1656
f 2997/2112/1646 2996/2111/1645 3005/2133/1657 3006/2134/1658
f 2994/2115/1647 2966/2135/1549 3003/2136/1659
f 3001/2119/1649 3000/2118/1648 3009/2132/1656 3010/2137/1660
f 2998/2121/1650 2997/2112/1646 3006/2134/1658 3007/2138/1661
f 2995/2123/1651 2994/2115/1647 3003/2136/1659 3004/2139/1662
f 3002/2125/1652 3001/2119/1649 3010/2137/1660 3011/2130/1654
f 2999/2127/1653 2998/2121/1650 3007/2138/1661 3008/2131/1655
f 2996/2111/1645 2995/2123/1651 3004/2139/1662 3005/2133/1657
f 3008/2131/1655 3007/2138/1661 3016/2140/1663 3017/2141/1664
f 3005/2133/1657 3004/2139/1662 3013/2142/1665 3014/2143/1666
f 2965/2144/1539 3011/2130/1654 3020/2145/1667
f 3009/2132/1656 3008/2131/1655 3017/2141/1664 3018/2146/1668
f 3006/2134/1658 3005/2133/1657 3014/2143/1666 3015/2147/1669
f 3003/2136/1659 2966/2148/1549 3012/2149/1670
f 3010/2137/1660 3009/2132/1656 3018/2146/1668 3019/2150/1671
f 3007/2138/1661 3006/2134/1658 3015/2147/1669 3016/2140/1663
f 3004/2139/1662 3003/2136/1659 3012/2149/1670 3013/2142/1665
f 3011/2130/1654 3010/2137/1660 3019/2150/1671 3020/2145/1667
f 3013/2142/1665 3012/2149/1670 3021/1992/1548 3022/1980/1536
f 3020/2145/1667 3019/2150/1671 2891/1995/1551 2892/1984/1540
f 3017/2141/1664 3016/2140/1663 2888/1997/1553 2889/1987/1543
f 3014/2143/1666 3013/2142/1665 3022/1980/1536 3023/1979/1535
f 2965/2151/1539 3020/2145/1667 2892/1984/1540
f 3018/2146/1668 3017/2141/1664 2889/1987/1543 2890/1986/1542
f 3015/2147/1669 3014/2143/1666 3023/1979/1535 2887/1990/1546
f 3012/2149/1670 2966/2152/1549 3021/1992/1548
f 3019/2150/1671 3018/2146/1668 2890/1986/1542 2891/1995/1551
f 3016/2140/1663 3015/2147/1669 2887/1990/1546 2888/1997/1553
s 0
f 3024/2153/1672 3025/2154/1672 3027/2155/1672 3026/2156/1672
f 3026/2156/1673 3027/2155/1673 3029/2157/1673 3028/2158/1673
f 3028/2158/1674 3029/2157/1674 3031/2159/1674 3030/2160/1674
f 3030/2160/1675 3031/2159/1675 3033/2161/1675 3032/2162/1675
f 3032/2162/1676 3033/2161/1676 3035/2163/1676 3034/2164/1676
f 3034/2164/1677 3035/2163/1677 3037/2165/1677 3036/2166/1677
f 3036/2166/1678 3037/2165/1678 3039/2167/1678 3038/2168/1678
f 3027/2155/1679 3025/2154/1679 3043/2154/1679 3042/2155/1679
f 3038/2168/1680 3039/2167/1680 3041/2169/1680 3040/2170/1680
f 3040/2170/1681 3041/2169/1681 3025/2171/1681 3024/2172/1681
f 3028/2158/1682 3030/2160/1682 3090/2160/1682 3089/2158/1682
f 3097/2171/1683 3096/2169/1683 3059/2169/1683 3052/2171/1683
f 3031/2159/1684 3029/2157/1684 3044/2157/1684 3045/2159/1684
f 3029/2157/1685 3027/2155/1685 3042/2155/1685 3044/2157/1685
f 3025/2171/1686 3041/2169/1686 3050/2169/1686 3043/2171/1686
f 3041/2169/1687 3039/2167/1687 3049/2167/1687 3050/2169/1687
f 3039/2167/1688 3037/2165/1688 3048/2165/1688 3049/2167/1688
f 3037/2165/1689 3035/2163/1689 3047/2163/1689 3048/2165/1689
f 3035/2163/1690 3033/2161/1690 3046/2161/1690 3047/2163/1690
f 3033/2161/1691 3031/2159/1691 3045/2159/1691 3046/2161/1691
f 3059/2169/1692 3058/2167/1692 3067/2167/1692 3068/2169/1692
f 3099/2165/1693 3098/2163/1693 3056/2163/1693 3057/2165/1693
f 3101/2159/1694 3100/2157/1694 3053/2157/1694 3054/2159/1694
f 3102/2167/1695 3099/2165/1695 3057/2165/1695 3058/2167/1695
f 3103/2161/1696 3101/2159/1696 3054/2159/1696 3055/2161/1696
f 3104/2155/1697 3097/2154/1697 3052/2154/1697 3051/2155/1697
f 3096/2169/1698 3102/2167/1698 3058/2167/1698 3059/2169/1698
f 3098/2163/1699 3103/2161/1699 3055/2161/1699 3056/2163/1699
f 3100/2157/1700 3104/2155/1700 3051/2155/1700 3053/2157/1700
f 3063/2159/1701 3062/2157/1701 3071/2157/1701 3072/2159/1701
f 3056/2163/1702 3055/2161/1702 3064/2161/1702 3065/2163/1702
f 3053/2157/1703 3051/2155/1703 3060/2155/1703 3062/2157/1703
f 3052/2171/1704 3059/2169/1704 3068/2169/1704 3061/2171/1704
f 3057/2165/1705 3056/2163/1705 3065/2163/1705 3066/2165/1705
f 3054/2159/1706 3053/2157/1706 3062/2157/1706 3063/2159/1706
f 3058/2167/1707 3057/2165/1707 3066/2165/1707 3067/2167/1707
f 3055/2161/1708 3054/2159/1708 3063/2159/1708 3064/2161/1708
f 3051/2155/1709 3052/2154/1709 3061/2154/1709 3060/2155/1709
f 3071/2157/1710 3069/2155/1710 3078/2155/1710 3080/2157/1710
f 3067/2167/1711 3066/2165/1711 3075/2165/1711 3076/2167/1711
f 3064/2161/1712 3063/2159/1712 3072/2159/1712 3073/2161/1712
f 3060/2155/1713 3061/2154/1713 3070/2154/1713 3069/2155/1713
f 3068/2169/1714 3067/2167/1714 3076/2167/1714 3077/2169/1714
f 3065/2163/1715 3064/2161/1715 3073/2161/1715 3074/2163/1715
f 3062/2157/1716 3060/2155/1716 3069/2155/1716 3071/2157/1716
f 3061/2171/1717 3068/2169/1717 3077/2169/1717 3070/2171/1717
f 3066/2165/1718 3065/2163/1718 3074/2163/1718 3075/2165/1718
f 3078/2173/1719 3079/2174/1719 3086/2175/1719 3085/2176/1719 3084/2177/1719 3083/2178/1719 3082/2179/1719 3081/2180/1719 3080/2181/1719
f 3070/2171/1720 3077/2169/1720 3086/2169/1720 3079/2171/1720
f 3075/2165/1721 3074/2163/1721 3083/2163/1721 3084/2165/1721
f 3072/2159/1722 3071/2157/1722 3080/2157/1722 3081/2159/1722
f 3076/2167/1723 3075/2165/1723 3084/2165/1723 3085/2167/1723
f 3073/2161/1724 3072/2159/1724 3081/2159/1724 3082/2161/1724
f 3069/2155/1725 3070/2154/1725 3079/2154/1725 3078/2155/1725
f 3077/2169/1726 3076/2167/1726 3085/2167/1726 3086/2169/1726
f 3074/2163/1727 3073/2161/1727 3082/2161/1727 3083/2163/1727
f 3087/2182/1728 3088/2183/1728 3089/2184/1728 3090/2185/1728 3091/2186/1728 3092/2187/1728 3093/2188/1728 3094/2189/1728 3095/2190/1728
f 3026/2156/1729 3028/2158/1729 3089/2158/1729 3088/2156/1729
f 3040/2170/1730 3024/2172/1730 3087/2172/1730 3095/2170/1730
f 3038/2168/1731 3040/2170/1731 3095/2170/1731 3094/2168/1731
f 3036/2166/1732 3038/2168/1732 3094/2168/1732 3093/2166/1732
f 3034/2164/1733 3036/2166/1733 3093/2166/1733 3092/2164/1733
f 3032/2162/1734 3034/2164/1734 3092/2164/1734 3091/2162/1734
f 3030/2160/1735 3032/2162/1735 3091/2162/1735 3090/2160/1735
f 3024/2153/1736 3026/2156/1736 3088/2156/1736 3087/2153/1736
f 3044/2157/1737 3042/2155/1737 3104/2155/1737 3100/2157/1737
f 3047/2163/1738 3046/2161/1738 3103/2161/1738 3098/2163/1738
f 3050/2169/1739 3049/2167/1739 3102/2167/1739 3096/2169/1739
f 3042/2155/1740 3043/2154/1740 3097/2154/1740 3104/2155/1740
f 3046/2161/1741 3045/2159/1741 3101/2159/1741 3103/2161/1741
f 3049/2167/1742 3048/2165/1742 3099/2165/1742 3102/2167/1742
f 3045/2159/1743 3044/2157/1743 3100/2157/1743 3101/2159/1743
f 3048/2165/1744 3047/2163/1744 3098/2163/1744 3099/2165/1744
f 3043/2171/1745 3050/2169/1745 3096/2169/1745 3097/2171/1745
f 3105/2191/1549 3113/2191/1549 3112/2191/1549 3111/2191/1549 3110/2191/1549 3109/2191/1549 3108/2191/1549 3107/2191/1549 3106/2191/1549
f 3114/2191/1539 3115/2191/1539 3116/2191/1539 3117/2191/1539 3118/2191/1539 3119/2191/1539 3120/2191/1539 3121/2191/1539 3122/2191/1539
f 3105/2191/1746 3106/2191/1746 3115/2191/1746 3114/2191/1746
f 3106/2191/1747 3107/2191/1747 3116/2191/1747 3115/2191/1747
f 3107/2191/1748 3108/2191/1748 3117/2191/1748 3116/2191/1748
f 3108/2191/1749 3109/2191/1749 3118/2191/1749 3117/2191/1749
f 3109/2191/1750 3110/2191/1750 3119/2191/1750 3118/2191/1750
f 3110/2191/1751 3111/2191/1751 3120/2191/1751 3119/2191/1751
f 3111/2191/1752 3112/2191/1752 3121/2191/1752 3120/2191/1752
f 3113/2191/1753 3105/2191/1753 3114/2191/1753 3122/2191/1753
f 3112/2191/1754 3113/2191/1754 3122/2191/1754 3121/2191/1754
f 3127/2192/1539 3124/2192/1539 3125/2192/1539 3126/2192/1539 3123/2192/1539 3141/2192/1539 3140/2192/1539 3139/2192/1539 3138/2192/1539 3137/2192/1539 3136/2192/1539 3135/2192/1539 3134/2192/1539 3133/2192/1539 3132/2192/1539 3131/2192/1539 3130/2192/1539 3129/2192/1539 3128/2192/1539
f 3146/2192/1549 3147/2192/1549 3148/2192/1549 3149/2192/1549 3150/2192/1549 3151/2192/1549 3152/2192/1549 3153/2192/1549 3154/2192/1549 3155/2192/1549 3156/2192/1549 3157/2192/1549 3158/2192/1549 3159/2192/1549 3160/2192/1549 3142/2192/1549 3145/2192/1549 3144/2192/1549 3143/2192/1549
f 3127/2192/1755 3128/2192/1755 3147/2192/1755 3146/2192/1755
f 3124/2192/1756 3127/2192/1756 3146/2192/1756 3143/2192/1756
f 3125/2192/1757 3124/2192/1757 3143/2192/1757 3144/2192/1757
f 3126/2192/1758 3125/2192/1758 3144/2192/1758 3145/2192/1758
f 3123/2192/1759 3126/2192/1759 3145/2192/1759 3142/2192/1759
f 3128/2192/1760 3129/2192/1760 3148/2192/1760 3147/2192/1760
f 3129/2192/1761 3130/2192/1761 3149/2192/1761 3148/2192/1761
f 3130/2192/1762 3131/2192/1762 3150/2192/1762 3149/2192/1762
f 3131/2192/1763 3132/2192/1763 3151/2192/1763 3150/2192/1763
f 3132/2192/1764 3133/2192/1764 3152/2192/1764 3151/2192/1764
f 3133/2192/1765 3134/2192/1765 3153/2192/1765 3152/2192/1765
f 3134/2192/1766 3135/2192/1766 3154/2192/1766 3153/2192/1766
f 3135/2192/1767 3136/2192/1767 3155/2192/1767 3154/2192/1767
f 3136/2192/1768 3137/2192/1768 3156/2192/1768 3155/2192/1768
f 3137/2192/1769 3138/2192/1769 3157/2192/1769 3156/2192/1769
f 3138/2192/1770 3139/2192/1770 3158/2192/1770 3157/2192/1770
f 3139/2192/1771 3140/2192/1771 3159/2192/1771 3158/2192/1771
f 3140/2192/1772 3141/2192/1772 3160/2192/1772 3159/2192/1772
f 3141/2192/1773 3123/2192/1773 3142/2192/1773 3160/2192/1773
s 1
f 3297/1979/1535 3296/1980/1536 3168/1981/1537 3169/1982/1538
f 3239/1983/1539 3166/1984/1540 3175/1985/1541
f 3164/1986/1542 3163/1987/1543 3172/1988/1544 3173/1989/1545
f 3161/1990/1546 3297/1979/1535 3169/1982/1538 3170/1991/1547
f 3295/1992/1548 3240/1993/1549 3167/1994/1550
f 3165/1995/1551 3164/1986/1542 3173/1989/1545 3174/1996/1552
f 3162/1997/1553 3161/1990/1546 3170/1991/1547 3171/1998/1554
f 3296/1980/1536 3295/1992/1548 3167/1994/1550 3168/1981/1537
f 3166/1984/1540 3165/1995/1551 3174/1996/1552 3175/1985/1541
f 3163/1987/1543 3162/1997/1553 3171/1998/1554 3172/1988/1544
f 3169/1982/1538 3168/1981/1537 3177/1999/1555 3178/2000/1556
f 3239/2001/1539 3175/1985/1541 3184/2002/1557
f 3173/1989/1545 3172/1988/1544 3181/2003/1558 3182/2004/1559
f 3170/1991/1547 3169/1982/1538 3178/2000/1556 3179/2005/1560
f 3167/1994/1550 3240/2006/1549 3176/2007/1561
f 3174/1996/1552 3173/1989/1545 3182/2004/1559 3183/2008/1562
f 3171/1998/1554 3170/1991/1547 3179/2005/1560 3180/2009/1563
f 3168/1981/1537 3167/1994/1550 3176/2007/1561 3177/1999/1555
f 3175/1985/1541 3174/1996/1552 3183/2008/1562 3184/2002/1557
f 3172/1988/1544 3171/1998/1554 3180/2009/1563 3181/2003/1558
f 3181/2003/1558 3180/2009/1563 3189/2010/1564 3190/2011/1565
f 3178/2000/1556 3177/1999/1555 3186/2012/1566 3187/2013/1567
f 3239/2014/1539 3184/2002/1557 3193/2015/1568
f 3182/2004/1559 3181/2003/1558 3190/2011/1565 3191/2016/1569
f 3179/2005/1560 3178/2000/1556 3187/2013/1567 3188/2017/1570
f 3176/2007/1561 3240/2018/1549 3185/2019/1571
f 3183/2008/1562 3182/2004/1559 3191/2016/1569 3192/2020/1572
f 3180/2009/1563 3179/2005/1560 3188/2017/1570 3189/2010/1564
f 3177/1999/1555 3176/2007/1561 3185/2019/1571 3186/2012/1566
f 3184/2002/1557 3183/2008/1562 3192/2020/1572 3193/2015/1568
f 3186/2012/1566 3185/2019/1571 3194/2021/1573 3195/2022/1574
f 3193/2015/1568 3192/2020/1572 3201/2023/1575 3202/2024/1576
f 3190/2011/1565 3189/2010/1564 3198/2025/1577 3199/2026/1578
f 3187/2013/1567 3186/2012/1566 3195/2022/1574 3196/2027/1579
f 3239/2028/1539 3193/2015/1568 3202/2024/1576
f 3191/2016/1569 3190/2011/1565 3199/2026/1578 3200/2029/1580
f 3188/2017/1570 3187/2013/1567 3196/2027/1579 3197/2030/1581
f 3185/2019/1571 3240/2031/1549 3194/2021/1573
f 3192/2020/1572 3191/2016/1569 3200/2029/1580 3201/2023/1575
f 3189/2010/1564 3188/2017/1570 3197/2030/1581 3198/2025/1577
f 3201/2023/1575 3200/2029/1580 3209/2032/1582 3210/2033/1583
f 3198/2025/1577 3197/2030/1581 3206/2034/1584 3207/2035/1585
f 3195/2022/1574 3194/2021/1573 3203/2036/1586 3204/2037/1587
f 3202/2024/1576 3201/2023/1575 3210/2033/1583 3211/2038/1588
f 3199/2026/1578 3198/2025/1577 3207/2035/1585 3208/2039/1589
f 3196/2027/1579 3195/2022/1574 3204/2037/1587 3205/2040/1590
f 3239/2041/1539 3202/2024/1576 3211/2038/1588
f 3200/2029/1580 3199/2026/1578 3208/2039/1589 3209/2032/1582
f 3197/2030/1581 3196/2027/1579 3205/2040/1590 3206/2034/1584
f 3194/2021/1573 3240/2042/1549 3203/2036/1586
f 3206/2034/1584 3205/2040/1590 3214/2043/1591 3215/2044/1592
f 3203/2036/1586 3240/2045/1549 3212/2046/1593
f 3210/2033/1583 3209/2032/1582 3218/2047/1594 3219/2048/1595
f 3207/2035/1585 3206/2034/1584 3215/2044/1592 3216/2049/1596
f 3204/2037/1587 3203/2036/1586 3212/2046/1593 3213/2050/1597
f 3211/2038/1588 3210/2033/1583 3219/2048/1595 3220/2051/1598
f 3208/2039/1589 3207/2035/1585 3216/2049/1596 3217/2052/1599
f 3205/2040/1590 3204/2037/1587 3213/2050/1597 3214/2043/1591
f 3239/2053/1539 3211/2038/1588 3220/2051/1598
f 3209/2032/1582 3208/2039/1589 3217/2052/1599 3218/2047/1594
f 3218/2047/1594 3217/2052/1599 3226/2054/1600 3227/2055/1601
f 3215/2044/1592 3214/2043/1591 3223/2056/1602 3224/2057/1603
f 3212/2046/1593 3240/2058/1549 3221/2059/1604
f 3219/2048/1595 3218/2047/1594 3227/2055/1601 3228/2060/1605
f 3216/2049/1596 3215/2044/1592 3224/2057/1603 3225/2061/1606
f 3213/2050/1597 3212/2046/1593 3221/2059/1604 3222/2062/1607
f 3220/2051/1598 3219/2048/1595 3228/2060/1605 3229/2063/1608
f 3217/2052/1599 3216/2049/1596 3225/2061/1606 3226/2054/1600
f 3214/2043/1591 3213/2050/1597 3222/2062/1607 3223/2056/1602
f 3239/2064/1539 3220/2051/1598 3229/2063/1608
f 3223/2056/1602 3222/2062/1607 3231/2065/1609 3232/2066/1610
f 3239/2067/1539 3229/2063/1608 3238/2068/1611
f 3227/2055/1601 3226/2054/1600 3235/2069/1612 3236/2070/1613
f 3224/2057/1603 3223/2056/1602 3232/2066/1610 3233/2071/1614
f 3221/2059/1604 3240/2072/1549 3230/2073/1615
f 3228/2060/1605 3227/2055/1601 3236/2070/1613 3237/2074/1616
f 3225/2061/1606 3224/2057/1603 3233/2071/1614 3234/2075/1617
f 3222/2062/1607 3221/2059/1604 3230/2073/1615 3231/2065/1609
f 3229/2063/1608 3228/2060/1605 3237/2074/1616 3238/2068/1611
f 3226/2054/1600 3225/2061/1606 3234/2075/1617 3235/2069/1612
f 3238/2068/1611 3237/2074/1616 3248/2076/1618 3249/2077/1619
f 3235/2069/1612 3234/2075/1617 3245/2078/1620 3246/2079/1621
f 3232/2066/1610 3231/2065/1609 3242/2080/1622 3243/2081/1623
f 3239/2082/1539 3238/2068/1611 3249/2077/1619
f 3236/2070/1613 3235/2069/1612 3246/2079/1621 3247/2083/1624
f 3233/2071/1614 3232/2066/1610 3243/2081/1623 3244/2084/1625
f 3230/2073/1615 3240/2085/1549 3241/2086/1626
f 3237/2074/1616 3236/2070/1613 3247/2083/1624 3248/2076/1618
f 3234/2075/1617 3233/2071/1614 3244/2084/1625 3245/2078/1620
f 3231/2065/1609 3230/2073/1615 3241/2086/1626 3242/2080/1622
f 3245/2078/1620 3244/2084/1625 3253/2087/1627 3254/2088/1628
f 3242/2080/1622 3241/2086/1626 3250/2089/1629 3251/2090/1630
f 3249/2077/1619 3248/2076/1618 3257/2091/1774 3258/2092/1632
f 3246/2079/1621 3245/2078/1620 3254/2088/1628 3255/2093/1633
f 3243/2081/1623 3242/2080/1622 3251/2090/1630 3252/2094/1634
f 3239/2095/1539 3249/2077/1619 3258/2092/1632
f 3247/2083/1624 3246/2079/1621 3255/2093/1633 3256/2096/1635
f 3244/2084/1625 3243/2081/1623 3252/2094/1634 3253/2087/1627
f 3241/2086/1626 3240/2097/1549 3250/2089/1629
f 3248/2076/1618 3247/2083/1624 3256/2096/1635 3257/2091/1774
f 3250/2089/1629 3240/2098/1549 3259/2099/1636
f 3257/2091/1774 3256/2096/1635 3265/2100/1637 3266/2101/1638
f 3254/2088/1628 3253/2087/1627 3262/2102/1639 3263/2103/1640
f 3251/2090/1630 3250/2089/1629 3259/2099/1636 3260/2104/1641
f 3258/2092/1632 3257/2091/1774 3266/2101/1638 3267/2105/1642
f 3255/2093/1633 3254/2088/1628 3263/2103/1640 3264/2106/1643
f 3252/2094/1634 3251/2090/1630 3260/2104/1641 3261/2107/1644
f 3239/2108/1539 3258/2092/1632 3267/2105/1642
f 3256/2096/1635 3255/2093/1633 3264/2106/1643 3265/2100/1637
f 3253/2087/1627 3252/2094/1634 3261/2107/1644 3262/2102/1639
f 3262/2109/1639 3261/2110/1644 3270/2111/1645 3271/2112/1646
f 3259/2113/1636 3240/2114/1549 3268/2115/1647
f 3266/2116/1638 3265/2117/1637 3274/2118/1648 3275/2119/1649
f 3263/2120/1640 3262/2109/1639 3271/2112/1646 3272/2121/1650
f 3260/2122/1641 3259/2113/1636 3268/2115/1647 3269/2123/1651
f 3267/2124/1642 3266/2116/1638 3275/2119/1649 3276/2125/1652
f 3264/2126/1643 3263/2120/1640 3272/2121/1650 3273/2127/1653
f 3261/2110/1644 3260/2122/1641 3269/2123/1651 3270/2111/1645
f 3239/2128/1539 3267/2124/1642 3276/2125/1652
f 3265/2117/1637 3264/2126/1643 3273/2127/1653 3274/2118/1648
f 3239/2129/1539 3276/2125/1652 3285/2130/1654
f 3274/2118/1648 3273/2127/1653 3282/2131/1655 3283/2132/1656
f 3271/2112/1646 3270/2111/1645 3279/2133/1657 3280/2134/1658
f 3268/2115/1647 3240/2135/1549 3277/2136/1659
f 3275/2119/1649 3274/2118/1648 3283/2132/1656 3284/2137/1660
f 3272/2121/1650 3271/2112/1646 3280/2134/1658 3281/2138/1661
f 3269/2123/1651 3268/2115/1647 3277/2136/1659 3278/2139/1662
f 3276/2125/1652 3275/2119/1649 3284/2137/1660 3285/2130/1654
f 3273/2127/1653 3272/2121/1650 3281/2138/1661 3282/2131/1655
f 3270/2111/1645 3269/2123/1651 3278/2139/1662 3279/2133/1657
f 3282/2131/1655 3281/2138/1661 3290/2140/1663 3291/2141/1664
f 3279/2133/1657 3278/2139/1662 3287/2142/1665 3288/2143/1666
f 3239/2144/1539 3285/2130/1654 3294/2145/1667
f 3283/2132/1656 3282/2131/1655 3291/2141/1664 3292/2146/1668
f 3280/2134/1658 3279/2133/1657 3288/2143/1666 3289/2147/1669
f 3277/2136/1659 3240/2148/1549 3286/2149/1670
f 3284/2137/1660 3283/2132/1656 3292/2146/1668 3293/2150/1671
f 3281/2138/1661 3280/2134/1658 3289/2147/1669 3290/2140/1663
f 3278/2139/1662 3277/2136/1659 3286/2149/1670 3287/2142/1665
f 3285/2130/1654 3284/2137/1660 3293/2150/1671 3294/2145/1667
f 3287/2142/1665 3286/2149/1670 3295/1992/1548 3296/1980/1536
f 3294/2145/1667 3293/2150/1671 3165/1995/1551 3166/1984/1540
f 3291/2141/1664 3290/2140/1663 3162/1997/1553 3163/1987/1543
f 3288/2143/1666 3287/2142/1665 3296/1980/1536 3297/1979/1535
f 3239/2151/1539 3294/2145/1667 3166/1984/1540
f 3292/2146/1668 3291/2141/1664 3163/1987/1543 3164/1986/1542
f 3289/2147/1669 3288/2143/1666 3297/1979/1535 3161/1990/1546
f 3286/2149/1670 3240/2152/1549 3295/1992/1548
f 3293/2150/1671 3292/2146/1668 3164/1986/1542 3165/1995/1551
f 3290/2140/1663 3289/2147/1669 3161/1990/1546 3162/1997/1553
o TropicalFish.006
v 1.651152 0.036786 -0.416738
v 1.649882 0.047965 -0.417609
v 1.648353 0.058830 -0.414973
v 1.646714 0.068318 -0.409088
v 1.645125 0.075500 -0.400529
v 1.643742 0.079672 -0.390136
v 1.647800 0.011202 -0.394993
v 1.643787 0.016599 -0.404054
v 1.640110 0.024752 -0.410936
v 1.637130 0.034863 -0.414963
v 1.635139 0.045943 -0.415743
v 1.634331 0.056908 -0.413198
v 1.634786 0.066683 -0.407578
v 1.636459 0.074312 -0.399432
v 1.639186 0.079048 -0.389559
v 1.643890 0.010514 -0.392602
v 1.636349 0.015290 -0.399506
v 1.629873 0.022951 -0.404675
v 1.625096 0.032746 -0.407603
v 1.622486 0.043717 -0.408004
v 1.622297 0.054790 -0.405838
v 1.624550 0.064882 -0.401317
v 1.629022 0.073003 -0.394884
v 1.635276 0.078360 -0.387168
v 1.641302 0.009882 -0.388809
v 1.631427 0.014087 -0.392292
v 1.623098 0.021295 -0.394746
v 1.617132 0.030800 -0.395931
v 1.614111 0.041671 -0.395731
v 1.614333 0.052844 -0.394166
v 1.617774 0.063226 -0.391388
v 1.624099 0.071800 -0.387670
v 1.632688 0.077727 -0.383375
v 1.640484 0.009414 -0.384271
v 1.629870 0.013198 -0.383661
v 1.620956 0.020072 -0.382866
v 1.614613 0.029362 -0.381965
v 1.611463 0.040159 -0.381046
v 1.611814 0.051406 -0.380200
v 1.615632 0.062003 -0.379508
v 1.622543 0.070911 -0.379038
v 1.631870 0.077260 -0.378838
v 1.641577 0.009193 -0.379773
v 1.631949 0.012777 -0.375104
v 1.623817 0.019492 -0.371089
v 1.617976 0.028680 -0.368120
v 1.614999 0.039442 -0.366489
v 1.615177 0.050724 -0.366355
v 1.618493 0.061423 -0.367730
v 1.624621 0.070490 -0.370482
v 1.632963 0.077039 -0.374339
v 1.644392 0.009255 -0.376091
v 1.637303 0.012896 -0.368101
v 1.631186 0.019655 -0.361451
v 1.626639 0.028872 -0.356790
v 1.624108 0.039644 -0.354576
v 1.623840 0.050917 -0.355024
v 1.625862 0.061586 -0.358092
v 1.629975 0.070609 -0.363479
v 1.635777 0.077101 -0.370658
v 1.648442 0.009591 -0.373864
v 1.645007 0.013535 -0.363864
v 1.641790 0.020535 -0.355618
v 1.639105 0.029906 -0.349934
v 1.637215 0.040731 -0.347366
v 1.636306 0.051950 -0.348168
v 1.636466 0.062466 -0.352260
v 1.637679 0.071248 -0.359242
v 1.639828 0.077437 -0.368430
v 1.653027 0.010142 -0.373475
v 1.653729 0.014583 -0.363124
v 1.653794 0.021977 -0.354600
v 1.653217 0.031602 -0.348737
v 1.652053 0.042514 -0.346108
v 1.650418 0.053646 -0.346971
v 1.648470 0.063908 -0.351242
v 1.646401 0.072296 -0.358502
v 1.644413 0.077988 -0.368041
v 1.642701 0.080427 -0.378925
v 1.651758 0.009090 -0.384638
v 1.657355 0.010813 -0.374992
v 1.661960 0.015859 -0.366010
v 1.665124 0.023734 -0.358572
v 1.666536 0.033667 -0.353406
v 1.666058 0.044685 -0.351018
v 1.663737 0.055711 -0.351641
v 1.659800 0.065665 -0.355214
v 1.654633 0.073572 -0.361388
v 1.648741 0.078659 -0.369558
v 1.660676 0.011488 -0.378153
v 1.668278 0.017143 -0.372023
v 1.673820 0.025501 -0.366848
v 1.676758 0.035744 -0.363135
v 1.676806 0.046869 -0.361247
v 1.673959 0.057788 -0.361370
v 1.668496 0.067432 -0.363490
v 1.660950 0.074856 -0.367401
v 1.652062 0.079334 -0.372719
v 1.662417 0.012050 -0.382411
v 1.671590 0.018212 -0.380123
v 1.678378 0.026972 -0.377996
v 1.682117 0.037474 -0.376240
v 1.682441 0.048688 -0.375027
v 1.679318 0.059518 -0.374475
v 1.673054 0.068903 -0.374638
v 1.664262 0.075925 -0.375500
v 1.653803 0.079896 -0.376978
v 1.662277 0.012402 -0.387030
v 1.671323 0.018882 -0.388909
v 1.678011 0.027894 -0.390089
v 1.681685 0.038558 -0.390457
v 1.681987 0.049828 -0.389975
v 1.678886 0.060602 -0.388691
v 1.672687 0.069825 -0.386731
v 1.663996 0.076595 -0.384287
v 1.653663 0.080248 -0.381597
v 1.660280 0.012484 -0.391212
v 1.667524 0.019036 -0.396862
v 1.672781 0.028107 -0.401036
v 1.675538 0.038808 -0.403326
v 1.675523 0.050091 -0.403506
v 1.672739 0.060852 -0.401560
v 1.667458 0.070038 -0.397678
v 1.660196 0.076749 -0.392240
v 1.651665 0.080329 -0.385778
v 1.656770 0.012280 -0.394232
v 1.660849 0.018649 -0.402607
v 1.663594 0.027574 -0.408944
v 1.664738 0.038181 -0.412622
v 1.664167 0.049432 -0.413281
v 1.661939 0.060225 -0.410856
v 1.658270 0.069505 -0.405586
v 1.653521 0.076362 -0.397985
v 1.648156 0.080126 -0.388799
v 1.652356 0.011827 -0.395570
v 1.652453 0.017787 -0.405152
v 1.652038 0.026387 -0.412446
v 2.220007 0.143452 -0.273083
v 2.141270 0.134783 -0.289661
v 2.217063 0.157576 -0.258384
v 2.137823 0.151320 -0.272451
v 2.213502 0.162680 -0.223620
v 2.133653 0.157296 -0.231746
v 2.210989 0.156376 -0.185058
v 2.130711 0.149915 -0.186594
v 2.210701 0.141613 -0.160741
v 2.130374 0.132630 -0.158122
v 2.212772 0.125300 -0.162047
v 2.132799 0.113529 -0.159652
v 2.216234 0.115069 -0.188366
v 2.136852 0.101550 -0.190468
v 2.219466 0.115708 -0.227382
v 2.140636 0.102298 -0.236151
v 2.220956 0.126917 -0.260839
v 2.142381 0.115422 -0.275326
v 2.019161 0.166582 -0.363342
v 2.026937 0.129276 -0.402167
v 2.009754 0.180063 -0.271519
v 2.003118 0.163412 -0.169663
v 2.002357 0.124420 -0.105434
v 2.007827 0.081332 -0.108884
v 2.016970 0.054309 -0.178401
v 2.025507 0.055995 -0.281455
v 2.029443 0.085602 -0.369828
v 1.756949 0.152790 -0.441417
v 1.767213 0.103547 -0.492665
v 1.744532 0.170585 -0.320212
v 1.735771 0.148606 -0.185764
v 1.734767 0.097138 -0.100982
v 1.741988 0.040261 -0.105537
v 1.754057 0.004591 -0.197298
v 1.765325 0.006817 -0.333328
v 1.770521 0.045898 -0.449978
v 1.656959 0.127057 -0.419048
v 1.665111 0.087948 -0.459750
v 1.647097 0.141190 -0.322787
v 1.640140 0.123734 -0.216007
v 1.639342 0.082857 -0.148673
v 1.645077 0.037686 -0.152290
v 1.654662 0.009356 -0.225167
v 1.663612 0.011124 -0.333203
v 1.667738 0.042162 -0.425847
v 1.558735 0.087388 -0.348783
v 1.562835 0.067715 -0.369258
v 1.553774 0.094498 -0.300359
v 1.550274 0.085717 -0.246644
v 1.549872 0.065154 -0.212772
v 1.552758 0.042431 -0.214592
v 1.557579 0.028180 -0.251252
v 1.562081 0.029069 -0.305599
v 1.564157 0.044683 -0.352203
v 1.503487 0.061824 -0.295836
v 1.504901 0.055044 -0.302893
v 1.501778 0.064275 -0.279146
v 1.500571 0.061248 -0.260632
v 1.500433 0.054161 -0.248958
v 1.501427 0.046329 -0.249585
v 1.503089 0.041417 -0.262220
v 1.504641 0.041724 -0.280952
v 1.505356 0.047105 -0.297015
v 2.394576 0.172997 -0.365236
v 2.390531 0.179064 -0.326137
v 2.382701 0.175430 -0.228656
v 2.374749 0.163796 -0.118405
v 2.370397 0.149605 -0.046972
v 2.371680 0.139498 -0.047782
v 2.377999 0.138203 -0.120455
v 2.386396 0.146327 -0.230987
v 2.392943 0.160068 -0.327659
v 1.904082 0.064600 -0.435667
v 1.900949 0.119201 -0.476098
v 1.877058 0.059261 -0.109438
v 1.888488 0.025477 -0.196347
v 1.879467 0.182694 -0.312762
v 1.871170 0.161877 -0.185423
v 1.899161 0.027585 -0.325185
v 1.870218 0.113130 -0.105124
v 1.891228 0.165840 -0.427559
v 2.155121 0.136673 -0.291312
v 2.187572 0.141351 -0.298276
v 2.216555 0.152305 -0.389093
v 2.168913 0.151248 -0.451430
v 2.046824 0.139766 -0.501620
v 1.889073 0.121820 -0.527629
v 1.769529 0.105041 -0.507647
v 1.662266 0.087404 -0.457475
v 2.092636 0.126052 -0.257746
v 2.153586 0.148757 -0.290344
v 2.186038 0.153435 -0.297308
v 2.215020 0.164388 -0.388125
v 2.167379 0.163332 -0.450463
v 2.045290 0.151850 -0.500653
v 1.887539 0.133904 -0.526662
v 1.767995 0.117125 -0.506679
v 1.660732 0.099488 -0.456507
v 2.091101 0.138135 -0.256778
v 2.125174 0.122881 -0.166570
v 2.176184 0.121727 -0.071300
v 2.175381 0.124526 -0.107513
v 2.149658 0.123582 -0.136511
v 2.161726 0.116815 -0.032885
v 2.104531 0.107981 -0.013250
v 2.049012 0.102429 -0.031950
v 2.012684 0.098717 -0.043192
v 1.959388 0.093339 -0.060537
v 1.921570 0.091596 -0.098722
v 1.871861 0.085529 -0.101772
v 1.901857 0.086612 -0.067748
v 1.924119 0.087140 -0.039043
v 1.963309 0.090542 -0.019397
v 1.895135 0.082256 -0.024012
v 1.906285 0.081915 -0.002080
v 1.836880 0.075909 -0.037114
v 1.770593 0.069904 -0.067220
v 1.718803 0.067602 -0.120582
v 2.126197 0.114825 -0.167215
v 2.177207 0.113672 -0.071946
v 2.176404 0.116470 -0.108158
v 2.150681 0.115526 -0.137156
v 2.162749 0.108759 -0.033530
v 2.105553 0.099925 -0.013895
v 2.050035 0.094373 -0.032595
v 2.013706 0.090661 -0.043837
v 1.960411 0.085283 -0.061182
v 1.922593 0.083540 -0.099368
v 1.872884 0.077473 -0.102417
v 1.902880 0.078556 -0.068393
v 1.925142 0.079084 -0.039689
v 1.964332 0.082486 -0.020042
v 1.896158 0.074200 -0.024657
v 1.907308 0.073859 -0.002725
v 1.837903 0.067853 -0.037759
v 1.771616 0.061848 -0.067865
v 1.719826 0.059546 -0.121227
v 1.642541 0.104606 -0.411307
v 1.641271 0.115785 -0.412177
v 1.639742 0.126650 -0.409541
v 1.638103 0.136138 -0.403656
v 1.636514 0.143320 -0.395098
v 1.635131 0.147492 -0.384705
v 1.639189 0.079022 -0.389561
v 1.635176 0.084419 -0.398623
v 1.631499 0.092572 -0.405504
v 1.628519 0.102683 -0.409531
v 1.626528 0.113763 -0.410311
v 1.625720 0.124728 -0.407766
v 1.626175 0.134503 -0.402146
v 1.627848 0.142132 -0.394001
v 1.630575 0.146868 -0.384128
v 1.635279 0.078334 -0.387170
v 1.627738 0.083110 -0.394074
v 1.621262 0.090771 -0.399243
v 1.616485 0.100566 -0.402172
v 1.613875 0.111537 -0.402572
v 1.613686 0.122610 -0.400406
v 1.615939 0.132702 -0.395885
v 1.620411 0.140823 -0.389452
v 1.626665 0.146180 -0.381736
v 1.632691 0.077702 -0.383377
v 1.622816 0.081907 -0.386860
v 1.614487 0.089115 -0.389314
v 1.608521 0.098620 -0.390499
v 1.605500 0.109491 -0.390299
v 1.605722 0.120664 -0.388734
v 1.609163 0.131046 -0.385956
v 1.615488 0.139620 -0.382238
v 1.624077 0.145547 -0.377944
v 1.631873 0.077234 -0.378840
v 1.621259 0.081018 -0.378229
v 1.612345 0.087892 -0.377434
v 1.606002 0.097182 -0.376533
v 1.602852 0.107979 -0.375615
v 1.603203 0.119226 -0.374768
v 1.607021 0.129823 -0.374076
v 1.613932 0.138731 -0.373607
v 1.623259 0.145080 -0.373406
v 1.632966 0.077013 -0.374341
v 1.623338 0.080597 -0.369672
v 1.615206 0.087312 -0.365657
v 1.609365 0.096500 -0.362688
v 1.606388 0.107262 -0.361057
v 1.606566 0.118544 -0.360923
v 1.609882 0.129243 -0.362299
v 1.616010 0.138310 -0.365050
v 1.624352 0.144859 -0.368907
v 1.635781 0.077075 -0.370660
v 1.628692 0.080716 -0.362670
v 1.622575 0.087476 -0.356019
v 1.618028 0.096692 -0.351358
v 1.615497 0.107464 -0.349144
v 1.615229 0.118737 -0.349593
v 1.617251 0.129406 -0.352661
v 1.621364 0.138429 -0.358048
v 1.627166 0.144921 -0.365226
v 1.639831 0.077411 -0.368432
v 1.636396 0.081355 -0.358432
v 1.633179 0.088355 -0.350187
v 1.630494 0.097726 -0.344502
v 1.628604 0.108551 -0.341935
v 1.627695 0.119770 -0.342736
v 1.627855 0.130286 -0.346828
v 1.629068 0.139068 -0.353810
v 1.631217 0.145257 -0.362998
v 1.644416 0.077962 -0.368043
v 1.645118 0.082403 -0.357693
v 1.645183 0.089797 -0.349169
v 1.644606 0.099422 -0.343305
v 1.643443 0.110334 -0.340676
v 1.641807 0.121466 -0.341540
v 1.639859 0.131728 -0.345810
v 1.637790 0.140116 -0.353071
v 1.635802 0.145808 -0.362610
v 1.634090 0.148247 -0.373493
v 1.643147 0.076910 -0.379207
v 1.648744 0.078633 -0.369560
v 1.653349 0.083679 -0.360579
v 1.656513 0.091554 -0.353141
v 1.657925 0.101487 -0.347975
v 1.657447 0.112506 -0.345586
v 1.655126 0.123531 -0.346209
v 1.651189 0.133485 -0.349783
v 1.646021 0.141392 -0.355957
v 1.640130 0.146479 -0.364127
v 1.652065 0.079308 -0.372721
v 1.659667 0.084963 -0.366591
v 1.665209 0.093321 -0.361416
v 1.668147 0.103564 -0.357703
v 1.668195 0.114689 -0.355816
v 1.665348 0.125608 -0.355938
v 1.659885 0.135252 -0.358058
v 1.652339 0.142676 -0.361969
v 1.643451 0.147154 -0.367288
v 1.653806 0.079870 -0.376980
v 1.662979 0.086032 -0.374691
v 1.669767 0.094792 -0.372565
v 1.673506 0.105294 -0.370809
v 1.673830 0.116508 -0.369595
v 1.670707 0.127338 -0.369043
v 1.664443 0.136723 -0.369206
v 1.655651 0.143745 -0.370069
v 1.645192 0.147716 -0.371546
v 1.653666 0.080222 -0.381599
v 1.662712 0.086702 -0.383477
v 1.669400 0.095714 -0.384658
v 1.673074 0.106378 -0.385025
v 1.673376 0.117648 -0.384543
v 1.670275 0.128422 -0.383260
v 1.664076 0.137645 -0.381299
v 1.655385 0.144415 -0.378855
v 1.645052 0.148068 -0.376165
v 1.651669 0.080304 -0.385780
v 1.658913 0.086856 -0.391430
v 1.664171 0.095927 -0.395604
v 1.666927 0.106628 -0.397894
v 1.666912 0.117911 -0.398074
v 1.664128 0.128672 -0.396128
v 1.658847 0.137858 -0.392246
v 1.651585 0.144569 -0.386808
v 1.643054 0.148149 -0.380346
v 1.648160 0.080100 -0.388801
v 1.652238 0.086469 -0.397176
v 1.654983 0.095394 -0.403512
v 1.656127 0.106001 -0.407190
v 1.655556 0.117252 -0.407849
v 1.653328 0.128045 -0.405425
v 1.649659 0.137325 -0.400154
v 1.644910 0.144182 -0.392554
v 1.639545 0.147946 -0.383367
v 1.643745 0.079647 -0.390138
v 1.643842 0.085607 -0.399720
v 1.643427 0.094207 -0.407014
vn 0.1326 -0.4992 -0.8563
vn 0.1446 -0.7369 -0.6604
vn -0.1011 -0.7706 -0.6293
vn -0.2009 -0.5449 -0.8141
vn -0.1256 0.9889 0.0792
vn -0.0945 0.9635 -0.2506
vn -0.2285 0.9451 -0.2337
vn -0.0126 0.6442 -0.7647
vn 0.0320 0.3844 -0.9226
vn -0.3575 0.3310 -0.8733
vn -0.3461 0.5985 -0.7225
vn 0.1082 -0.2150 -0.9706
vn -0.2814 -0.2684 -0.9213
vn 0.1427 -0.9052 -0.4003
vn 0.1256 -0.9889 -0.0792
vn 0.0088 -0.9236 -0.3833
vn -0.0561 0.8438 -0.5338
vn -0.3018 0.8101 -0.5027
vn 0.0736 0.0889 -0.9933
vn -0.3352 0.0328 -0.9416
vn -0.3120 -0.8077 -0.5003
vn -0.4872 -0.5953 -0.6390
vn -0.3434 0.9249 -0.1634
vn -0.6918 0.2722 -0.6688
vn -0.6323 0.5481 -0.5474
vn -0.6157 -0.3273 -0.7168
vn -0.1061 -0.9438 -0.3130
vn -0.5127 0.7730 -0.3737
vn -0.6860 -0.0289 -0.7270
vn -0.9182 -0.0856 -0.3867
vn -0.9131 0.2182 -0.3445
vn -0.4516 -0.8418 -0.2958
vn -0.6766 -0.6416 -0.3614
vn -0.4195 0.9063 -0.0519
vn -0.8218 0.5019 -0.2698
vn -0.8370 -0.3813 -0.3926
vn -0.1822 -0.9624 -0.2015
vn -0.6523 0.7389 -0.1692
vn -0.2062 -0.9761 -0.0681
vn -0.4957 -0.8670 -0.0510
vn -0.6964 0.7137 0.0756
vn -0.4435 0.8926 0.0815
vn -0.9916 -0.1275 0.0204
vn -0.9830 0.1782 0.0434
vn -0.7365 -0.6758 -0.0292
vn -0.8817 0.4676 0.0624
vn -0.9069 -0.4213 -0.0046
vn -0.8017 0.4514 0.3918
vn -0.6375 0.7017 0.3182
vn -0.8135 -0.4402 0.3800
vn -0.8936 -0.1474 0.4240
vn -0.1741 -0.9826 0.0641
vn -0.4368 -0.8789 0.1916
vn -0.4114 0.8860 0.2137
vn -0.8896 0.1593 0.4281
vn -0.6565 -0.6920 0.3002
vn -0.4505 -0.6874 0.5697
vn -0.5728 -0.4349 0.6948
vn -0.0914 -0.9808 0.1723
vn -0.5956 0.4560 0.6613
vn -0.4857 0.7051 0.5167
vn -0.6410 -0.1418 0.7543
vn -0.2850 -0.8756 0.3901
vn -0.3287 0.8879 0.3220
vn -0.6489 0.1646 0.7428
vn -0.3026 0.1933 0.9333
vn -0.2991 0.4806 0.8243
vn -0.1540 -0.6628 0.7328
vn -0.2265 -0.4062 0.8853
vn 0.0277 -0.9709 0.2378
vn -0.2672 0.7232 0.6368
vn -0.2776 -0.1117 0.9542
vn -0.0665 -0.8575 0.5102
vn -0.2096 0.8978 0.3874
vn 0.1807 -0.8277 0.5312
vn 0.1817 -0.6225 0.7612
vn -0.0748 0.9140 0.3989
vn 0.0894 0.2404 0.9665
vn 0.0365 0.5209 0.8528
vn 0.1655 -0.3590 0.9185
vn 0.1625 -0.9547 0.2492
vn -0.0200 0.7529 0.6578
vn 0.1338 -0.0622 0.9891
vn 0.2134 0.7891 0.5760
vn 0.0524 0.9337 0.3543
vn 0.5220 -0.0020 0.8529
vn 0.4594 0.2978 0.8368
vn 0.4141 -0.7916 0.4494
vn 0.4985 -0.5734 0.6502
vn 0.3534 0.5701 0.7417
vn 0.5355 -0.3017 0.7888
vn 0.2897 -0.9350 0.2046
vn 0.8195 -0.2440 0.5185
vn 0.8200 0.0585 0.5693
vn 0.3873 -0.9152 0.1117
vn 0.5932 -0.7552 0.2789
vn 0.3926 0.8255 0.4055
vn 0.1500 0.9535 0.2614
vn 0.7434 0.3555 0.5665
vn 0.7417 -0.5240 0.4188
vn 0.5965 0.6195 0.5103
vn 0.4385 -0.8986 -0.0135
vn 0.7240 0.6606 0.1986
vn 0.4865 0.8558 0.1759
vn 0.9684 -0.1959 0.1545
vn 0.9762 0.1090 0.1873
vn 0.6871 -0.7248 0.0493
vn 0.2012 0.9700 0.1362
vn 0.8923 0.4036 0.2025
vn 0.8692 -0.4828 0.1070
vn 0.8589 -0.4570 -0.2311
vn 0.9564 -0.1658 -0.2405
vn 0.4344 -0.8883 -0.1493
vn 0.7137 0.6864 -0.1396
vn 0.4789 0.8748 -0.0732
vn 0.9637 0.1405 -0.2272
vn 0.6796 -0.7059 -0.1998
vn 0.1971 0.9804 0.0004
vn 0.8803 0.4337 -0.1925
vn 0.1384 0.9828 -0.1225
vn 0.7095 0.4406 -0.5500
vn 0.5675 0.6923 -0.4457
vn 0.7127 -0.4511 -0.5372
vn 0.7856 -0.1589 -0.5980
vn 0.3756 -0.8859 -0.2722
vn 0.3712 0.8792 -0.2987
vn 0.7845 0.1478 -0.6023
vn 0.5719 -0.7015 -0.4253
vn 0.4696 0.1296 -0.8733
vn 0.4095 0.4232 -0.8082
vn 0.3826 -0.7125 -0.5882
vn 0.4558 -0.4660 -0.7584
vn 0.0352 0.9768 -0.2113
vn 0.3106 0.6774 -0.6668
vn 0.4856 -0.1763 -0.8562
vn 0.2725 -0.8919 -0.3610
vn 0.1819 0.8682 -0.4616
vn 0.0642 0.7260 -0.6847
vn -0.0513 0.9873 -0.1502
vn -0.0822 0.9844 0.1556
vn -0.0785 0.8526 0.5167
vn 0.0408 -0.0746 0.9964
vn 0.1460 -0.9154 0.3751
vn 0.1679 -0.9858 -0.0022
vn 0.5032 0.6713 -0.5442
vn 0.1925 -0.9330 -0.3040
vn 0.2289 -0.5708 -0.7886
vn -0.0810 0.9902 0.1137
vn 0.1667 -0.5806 -0.7970
vn 0.1257 0.9777 0.1680
vn 0.2166 0.9689 -0.1201
vn 0.6432 -0.4315 -0.6325
vn 0.4480 -0.8536 -0.2660
vn 0.3679 -0.9297 0.0153
vn 0.3721 -0.8476 0.3784
vn 0.3819 -0.0255 0.9239
vn 0.1574 0.8433 0.5138
vn -0.0405 -0.9469 -0.3190
vn 0.1397 -0.9166 0.3747
vn -0.0968 0.9833 0.1544
vn 0.1535 -0.9881 -0.0035
vn -0.0848 0.8522 0.5163
vn 0.0014 0.7212 -0.6927
vn 0.1641 -0.9375 -0.3068
vn 0.0393 -0.0748 0.9964
vn -0.0800 0.9850 -0.1528
vn -0.4211 0.8991 0.1195
vn -0.4283 -0.1260 0.8948
vn -0.2807 0.9451 -0.1675
vn -0.1635 -0.5931 -0.7883
vn -0.1406 -0.9289 0.3426
vn -0.2894 0.9475 0.1360
vn -0.0423 -0.9989 -0.0199
vn -0.3600 0.7994 0.4810
vn -0.3213 0.6499 -0.6888
vn -0.5474 0.8181 -0.1762
vn -0.1822 -0.9828 -0.0312
vn -0.4739 0.7552 0.4529
vn -0.6290 0.4938 -0.6005
vn -0.2481 -0.9152 -0.3177
vn -0.5590 -0.1365 0.8179
vn -0.4739 0.8630 -0.1752
vn -0.4984 -0.5342 -0.6828
vn -0.2624 -0.9106 0.3195
vn -0.9894 -0.1189 -0.0839
vn -0.6050 -0.4959 -0.6229
vn -0.2834 -0.9058 0.3148
vn -0.4643 0.8784 0.1133
vn -0.2293 -0.9727 -0.0349
vn -0.4932 0.7462 0.4472
vn -0.7215 0.4214 -0.5494
vn -0.3305 -0.8904 -0.3130
vn -0.5651 -0.1369 0.8136
vn 0.9894 0.1189 0.0839
vn -0.1036 0.9944 -0.0200
vn -0.0780 -0.8577 -0.5083
vn 0.1462 -0.9732 -0.1776
vn 0.1697 -0.9845 -0.0445
vn 0.0472 -0.9916 0.1201
vn -0.5702 -0.1373 0.8100
vn -0.1982 0.9408 0.2749
vn -0.2986 0.8801 -0.3691
vn 0.0638 0.9883 -0.1386
vn 0.0091 -0.0787 0.9969
vn 0.3045 -0.9072 -0.2904
vn 0.3099 0.7158 -0.6257
vn -0.0717 0.8530 0.5170
vn 0.2187 -0.9758 0.0021
vn -0.0305 0.9868 0.1593
vn 0.1527 -0.9142 0.3755
vn 0.4655 -0.5093 -0.7238
vn 0.2165 -0.0506 0.9750
vn 0.9450 0.0949 0.3130
vn 0.7846 0.1478 -0.6021
vn 0.3677 0.1205 -0.9221
vn 0.1510 0.0980 -0.9837
vn -0.1724 0.0569 -0.9834
vn -0.4261 0.0183 -0.9045
vn 0.4745 -0.0102 0.8802
vn -0.4085 -0.1243 0.9043
vn 0.3292 -0.0338 0.9437
vn 0.9284 0.0890 0.3608
vn 0.9918 0.1269 -0.0122
vn 0.7376 0.1464 -0.6591
vn 0.7652 0.1473 -0.6267
vn -0.3068 -0.1146 0.9449
vn -0.2833 -0.1122 0.9524
vn -0.2971 -0.1136 0.9481
vn -0.6997 -0.1449 0.6996
vn -0.0505 -0.0861 0.9950
vn 0.7397 0.1465 -0.6568
vn 0.7802 0.1477 -0.6078
vn 0.4357 0.1267 -0.8911
vn -0.0568 -0.0869 0.9946
vn 0.8826 0.1478 -0.4464
vn -0.4382 -0.1269 0.8899
vn -0.4011 -0.1236 0.9077
vn -0.7069 -0.1452 0.6923
vn -0.1208 0.0640 -0.9906
vn -0.9131 0.2182 -0.3446
vt 0.441539 0.925676
vt 0.441539 0.934502
vt 0.435656 0.934502
vt 0.435656 0.925676
vt 0.438597 0.863896
vt 0.441539 0.872722
vt 0.435656 0.872722
vt 0.441539 0.890373
vt 0.441539 0.899199
vt 0.435656 0.899199
vt 0.435656 0.890373
vt 0.441539 0.916850
vt 0.435656 0.916850
vt 0.441539 0.943327
vt 0.438597 0.952153
vt 0.435656 0.943327
vt 0.441539 0.881548
vt 0.435656 0.881548
vt 0.441539 0.908025
vt 0.435656 0.908025
vt 0.429772 0.934502
vt 0.429772 0.925676
vt 0.432714 0.863896
vt 0.429772 0.872722
vt 0.429772 0.899199
vt 0.429772 0.890373
vt 0.429772 0.916850
vt 0.432714 0.952153
vt 0.429772 0.943327
vt 0.429772 0.881548
vt 0.429772 0.908025
vt 0.423888 0.908025
vt 0.423888 0.899199
vt 0.423888 0.934502
vt 0.423888 0.925676
vt 0.426830 0.863896
vt 0.423888 0.872722
vt 0.423888 0.890373
vt 0.423888 0.916850
vt 0.426830 0.952153
vt 0.423888 0.943327
vt 0.423888 0.881548
vt 0.418004 0.943327
vt 0.418004 0.934502
vt 0.418004 0.881548
vt 0.418004 0.872722
vt 0.418004 0.908025
vt 0.418004 0.899199
vt 0.418004 0.925676
vt 0.420946 0.863896
vt 0.418004 0.890373
vt 0.418004 0.916850
vt 0.420946 0.952153
vt 0.412120 0.890373
vt 0.412120 0.881548
vt 0.412120 0.916850
vt 0.412120 0.908025
vt 0.412120 0.943327
vt 0.412120 0.934502
vt 0.412120 0.872722
vt 0.412120 0.899199
vt 0.412120 0.925676
vt 0.415062 0.863896
vt 0.415062 0.952153
vt 0.406237 0.925676
vt 0.406237 0.916850
vt 0.409179 0.952153
vt 0.406237 0.943327
vt 0.406237 0.890373
vt 0.406237 0.881548
vt 0.406237 0.908025
vt 0.406237 0.934502
vt 0.406237 0.872722
vt 0.406237 0.899199
vt 0.409179 0.863896
vt 0.400353 0.899199
vt 0.400353 0.890373
vt 0.400353 0.925676
vt 0.400353 0.916850
vt 0.403295 0.952153
vt 0.400353 0.943327
vt 0.400353 0.881548
vt 0.400353 0.908025
vt 0.400353 0.934502
vt 0.400353 0.872722
vt 0.403295 0.863896
vt 0.394469 0.934502
vt 0.394469 0.925676
vt 0.397411 0.863896
vt 0.394469 0.872722
vt 0.394469 0.899199
vt 0.394469 0.890373
vt 0.394469 0.916850
vt 0.397411 0.952153
vt 0.394469 0.943327
vt 0.394469 0.881548
vt 0.394469 0.908025
vt 0.388585 0.881548
vt 0.388585 0.872722
vt 0.388585 0.908025
vt 0.388585 0.899199
vt 0.388585 0.934502
vt 0.388585 0.925676
vt 0.391527 0.863896
vt 0.388585 0.890373
vt 0.388585 0.916850
vt 0.391527 0.952153
vt 0.388585 0.943327
vt 0.382701 0.916850
vt 0.382701 0.908025
vt 0.382701 0.943327
vt 0.382701 0.934502
vt 0.382701 0.881548
vt 0.382701 0.872722
vt 0.382701 0.899199
vt 0.382701 0.925676
vt 0.385643 0.863896
vt 0.382701 0.890373
vt 0.385643 0.952153
vt 0.379760 0.952153
vt 0.376818 0.943327
vt 0.376818 0.890373
vt 0.376818 0.881548
vt 0.376818 0.916850
vt 0.376818 0.908025
vt 0.376818 0.934502
vt 0.376818 0.872722
vt 0.376818 0.899199
vt 0.376818 0.925676
vt 0.379760 0.863896
vt 0.465074 0.916850
vt 0.465074 0.925676
vt 0.459191 0.925676
vt 0.459191 0.916850
vt 0.465074 0.943327
vt 0.462133 0.952153
vt 0.459191 0.943327
vt 0.465074 0.881548
vt 0.465074 0.890373
vt 0.459191 0.890373
vt 0.459191 0.881548
vt 0.465074 0.908025
vt 0.459191 0.908025
vt 0.465074 0.934502
vt 0.459191 0.934502
vt 0.465074 0.872722
vt 0.459191 0.872722
vt 0.465074 0.899199
vt 0.459191 0.899199
vt 0.462133 0.863896
vt 0.456249 0.863896
vt 0.453307 0.872722
vt 0.453307 0.899199
vt 0.453307 0.890373
vt 0.453307 0.925676
vt 0.453307 0.916850
vt 0.456249 0.952153
vt 0.453307 0.943327
vt 0.453307 0.881548
vt 0.453307 0.908025
vt 0.453307 0.934502
vt 0.447423 0.908025
vt 0.447423 0.899199
vt 0.447423 0.934502
vt 0.447423 0.925676
vt 0.450365 0.863896
vt 0.447423 0.872722
vt 0.447423 0.890373
vt 0.447423 0.916850
vt 0.450365 0.952153
vt 0.447423 0.943327
vt 0.447423 0.881548
vt 0.444481 0.863896
vt 0.444481 0.952153
vt 0.978377 0.866376
vt 0.978377 0.975636
vt 0.954097 0.975636
vt 0.954097 0.866376
vt 0.929817 0.975636
vt 0.929817 0.866376
vt 0.905537 0.975636
vt 0.905537 0.866376
vt 0.881257 0.975636
vt 0.881257 0.866376
vt 0.856978 0.975636
vt 0.856978 0.866376
vt 0.832698 0.975636
vt 0.832698 0.866376
vt 0.808418 0.975636
vt 0.808418 0.866376
vt 0.784138 0.975636
vt 0.784138 0.866376
vt 0.759858 0.975636
vt 0.759858 0.866376
vt 0.848198 0.851922
vt 0.814488 0.864191
vt 0.780777 0.851922
vt 0.762840 0.820854
vt 0.769069 0.785524
vt 0.796551 0.762465
vt 0.832425 0.762465
vt 0.859906 0.785524
vt 0.866136 0.820854
vt 0.923747 0.864191
vt 0.957458 0.851922
vt 0.975395 0.820854
vt 0.969166 0.785524
vt 0.941684 0.762465
vt 0.905810 0.762465
vt 0.878329 0.785524
vt 0.872099 0.820854
vt 0.890037 0.851922
vt 0.046506 0.956471
vt 0.040305 0.970423
s 1
f 3434/2193/1775 3433/2194/1776 3305/2195/1777 3306/2196/1778
f 3376/2197/1779 3303/2198/1780 3312/2199/1781
f 3301/2200/1782 3300/2201/1783 3309/2202/1784 3310/2203/1785
f 3298/2204/1786 3434/2193/1775 3306/2196/1778 3307/2205/1787
f 3432/2206/1788 3377/2207/1789 3304/2208/1790
f 3302/2209/1791 3301/2200/1782 3310/2203/1785 3311/2210/1792
f 3299/2211/1793 3298/2204/1786 3307/2205/1787 3308/2212/1794
f 3433/2194/1776 3432/2206/1788 3304/2208/1790 3305/2195/1777
f 3303/2198/1780 3302/2209/1791 3311/2210/1792 3312/2199/1781
f 3300/2201/1783 3299/2211/1793 3308/2212/1794 3309/2202/1784
f 3306/2196/1778 3305/2195/1777 3314/2213/1795 3315/2214/1796
f 3376/2215/1779 3312/2199/1781 3321/2216/1797
f 3310/2203/1785 3309/2202/1784 3318/2217/1798 3319/2218/1799
f 3307/2205/1787 3306/2196/1778 3315/2214/1796 3316/2219/1800
f 3304/2208/1790 3377/2220/1789 3313/2221/1801
f 3311/2210/1792 3310/2203/1785 3319/2218/1799 3320/2222/1802
f 3308/2212/1794 3307/2205/1787 3316/2219/1800 3317/2223/1803
f 3305/2195/1777 3304/2208/1790 3313/2221/1801 3314/2213/1795
f 3312/2199/1781 3311/2210/1792 3320/2222/1802 3321/2216/1797
f 3309/2202/1784 3308/2212/1794 3317/2223/1803 3318/2217/1798
f 3318/2217/1798 3317/2223/1803 3326/2224/1804 3327/2225/1805
f 3315/2214/1796 3314/2213/1795 3323/2226/1806 3324/2227/1807
f 3376/2228/1779 3321/2216/1797 3330/2229/1808
f 3319/2218/1799 3318/2217/1798 3327/2225/1805 3328/2230/1809
f 3316/2219/1800 3315/2214/1796 3324/2227/1807 3325/2231/1810
f 3313/2221/1801 3377/2232/1789 3322/2233/1811
f 3320/2222/1802 3319/2218/1799 3328/2230/1809 3329/2234/1812
f 3317/2223/1803 3316/2219/1800 3325/2231/1810 3326/2224/1804
f 3314/2213/1795 3313/2221/1801 3322/2233/1811 3323/2226/1806
f 3321/2216/1797 3320/2222/1802 3329/2234/1812 3330/2229/1808
f 3323/2226/1806 3322/2233/1811 3331/2235/1813 3332/2236/1814
f 3330/2229/1808 3329/2234/1812 3338/2237/1815 3339/2238/1816
f 3327/2225/1805 3326/2224/1804 3335/2239/1817 3336/2240/1818
f 3324/2227/1807 3323/2226/1806 3332/2236/1814 3333/2241/1819
f 3376/2242/1779 3330/2229/1808 3339/2238/1816
f 3328/2230/1809 3327/2225/1805 3336/2240/1818 3337/2243/1820
f 3325/2231/1810 3324/2227/1807 3333/2241/1819 3334/2244/1821
f 3322/2233/1811 3377/2245/1789 3331/2235/1813
f 3329/2234/1812 3328/2230/1809 3337/2243/1820 3338/2237/1815
f 3326/2224/1804 3325/2231/1810 3334/2244/1821 3335/2239/1817
f 3338/2237/1815 3337/2243/1820 3346/2246/1822 3347/2247/1823
f 3335/2239/1817 3334/2244/1821 3343/2248/1824 3344/2249/1825
f 3332/2236/1814 3331/2235/1813 3340/2250/1826 3341/2251/1827
f 3339/2238/1816 3338/2237/1815 3347/2247/1823 3348/2252/1828
f 3336/2240/1818 3335/2239/1817 3344/2249/1825 3345/2253/1829
f 3333/2241/1819 3332/2236/1814 3341/2251/1827 3342/2254/1830
f 3376/2255/1779 3339/2238/1816 3348/2252/1828
f 3337/2243/1820 3336/2240/1818 3345/2253/1829 3346/2246/1822
f 3334/2244/1821 3333/2241/1819 3342/2254/1830 3343/2248/1824
f 3331/2235/1813 3377/2256/1789 3340/2250/1826
f 3343/2248/1824 3342/2254/1830 3351/2257/1831 3352/2258/1832
f 3340/2250/1826 3377/2259/1789 3349/2260/1833
f 3347/2247/1823 3346/2246/1822 3355/2261/1834 3356/2262/1835
f 3344/2249/1825 3343/2248/1824 3352/2258/1832 3353/2263/1836
f 3341/2251/1827 3340/2250/1826 3349/2260/1833 3350/2264/1837
f 3348/2252/1828 3347/2247/1823 3356/2262/1835 3357/2265/1838
f 3345/2253/1829 3344/2249/1825 3353/2263/1836 3354/2266/1839
f 3342/2254/1830 3341/2251/1827 3350/2264/1837 3351/2257/1831
f 3376/2267/1779 3348/2252/1828 3357/2265/1838
f 3346/2246/1822 3345/2253/1829 3354/2266/1839 3355/2261/1834
f 3355/2261/1834 3354/2266/1839 3363/2268/1840 3364/2269/1841
f 3352/2258/1832 3351/2257/1831 3360/2270/1842 3361/2271/1843
f 3349/2260/1833 3377/2272/1789 3358/2273/1844
f 3356/2262/1835 3355/2261/1834 3364/2269/1841 3365/2274/1845
f 3353/2263/1836 3352/2258/1832 3361/2271/1843 3362/2275/1846
f 3350/2264/1837 3349/2260/1833 3358/2273/1844 3359/2276/1847
f 3357/2265/1838 3356/2262/1835 3365/2274/1845 3366/2277/1848
f 3354/2266/1839 3353/2263/1836 3362/2275/1846 3363/2268/1840
f 3351/2257/1831 3350/2264/1837 3359/2276/1847 3360/2270/1842
f 3376/2278/1779 3357/2265/1838 3366/2277/1848
f 3360/2270/1842 3359/2276/1847 3368/2279/1849 3369/2280/1850
f 3376/2281/1779 3366/2277/1848 3375/2282/1851
f 3364/2269/1841 3363/2268/1840 3372/2283/1852 3373/2284/1853
f 3361/2271/1843 3360/2270/1842 3369/2280/1850 3370/2285/1854
f 3358/2273/1844 3377/2286/1789 3367/2287/1855
f 3365/2274/1845 3364/2269/1841 3373/2284/1853 3374/2288/1856
f 3362/2275/1846 3361/2271/1843 3370/2285/1854 3371/2289/1857
f 3359/2276/1847 3358/2273/1844 3367/2287/1855 3368/2279/1849
f 3366/2277/1848 3365/2274/1845 3374/2288/1856 3375/2282/1851
f 3363/2268/1840 3362/2275/1846 3371/2289/1857 3372/2283/1852
f 3375/2282/1851 3374/2288/1856 3385/2290/1858 3386/2291/1859
f 3372/2283/1852 3371/2289/1857 3382/2292/1860 3383/2293/1861
f 3369/2280/1850 3368/2279/1849 3379/2294/1862 3380/2295/1863
f 3376/2296/1779 3375/2282/1851 3386/2291/1859
f 3373/2284/1853 3372/2283/1852 3383/2293/1861 3384/2297/1864
f 3370/2285/1854 3369/2280/1850 3380/2295/1863 3381/2298/1865
f 3367/2287/1855 3377/2299/1789 3378/2300/1866
f 3374/2288/1856 3373/2284/1853 3384/2297/1864 3385/2290/1858
f 3371/2289/1857 3370/2285/1854 3381/2298/1865 3382/2292/1860
f 3368/2279/1849 3367/2287/1855 3378/2300/1866 3379/2294/1862
f 3382/2292/1860 3381/2298/1865 3390/2301/1867 3391/2302/1868
f 3379/2294/1862 3378/2300/1866 3387/2303/1869 3388/2304/1870
f 3386/2291/1859 3385/2290/1858 3394/2305/1871 3395/2306/1872
f 3383/2293/1861 3382/2292/1860 3391/2302/1868 3392/2307/1873
f 3380/2295/1863 3379/2294/1862 3388/2304/1870 3389/2308/1874
f 3376/2309/1779 3386/2291/1859 3395/2306/1872
f 3384/2297/1864 3383/2293/1861 3392/2307/1873 3393/2310/1875
f 3381/2298/1865 3380/2295/1863 3389/2308/1874 3390/2301/1867
f 3378/2300/1866 3377/2311/1789 3387/2303/1869
f 3385/2290/1858 3384/2297/1864 3393/2310/1875 3394/2305/1871
f 3387/2303/1869 3377/2312/1789 3396/2313/1876
f 3394/2305/1871 3393/2310/1875 3402/2314/1877 3403/2315/1878
f 3391/2302/1868 3390/2301/1867 3399/2316/1879 3400/2317/1880
f 3388/2304/1870 3387/2303/1869 3396/2313/1876 3397/2318/1881
f 3395/2306/1872 3394/2305/1871 3403/2315/1878 3404/2319/1882
f 3392/2307/1873 3391/2302/1868 3400/2317/1880 3401/2320/1883
f 3389/2308/1874 3388/2304/1870 3397/2318/1881 3398/2321/1884
f 3376/2322/1779 3395/2306/1872 3404/2319/1882
f 3393/2310/1875 3392/2307/1873 3401/2320/1883 3402/2314/1877
f 3390/2301/1867 3389/2308/1874 3398/2321/1884 3399/2316/1879
f 3399/2323/1879 3398/2324/1884 3407/2325/1885 3408/2326/1886
f 3396/2327/1876 3377/2328/1789 3405/2329/1887
f 3403/2330/1878 3402/2331/1877 3411/2332/1888 3412/2333/1889
f 3400/2334/1880 3399/2323/1879 3408/2326/1886 3409/2335/1890
f 3397/2336/1881 3396/2327/1876 3405/2329/1887 3406/2337/1891
f 3404/2338/1882 3403/2330/1878 3412/2333/1889 3413/2339/1892
f 3401/2340/1883 3400/2334/1880 3409/2335/1890 3410/2341/1893
f 3398/2324/1884 3397/2336/1881 3406/2337/1891 3407/2325/1885
f 3376/2342/1779 3404/2338/1882 3413/2339/1892
f 3402/2331/1877 3401/2340/1883 3410/2341/1893 3411/2332/1888
f 3376/2343/1779 3413/2339/1892 3422/2344/1894
f 3411/2332/1888 3410/2341/1893 3419/2345/1895 3420/2346/1896
f 3408/2326/1886 3407/2325/1885 3416/2347/1897 3417/2348/1898
f 3405/2329/1887 3377/2349/1789 3414/2350/1899
f 3412/2333/1889 3411/2332/1888 3420/2346/1896 3421/2351/1900
f 3409/2335/1890 3408/2326/1886 3417/2348/1898 3418/2352/1901
f 3406/2337/1891 3405/2329/1887 3414/2350/1899 3415/2353/1902
f 3413/2339/1892 3412/2333/1889 3421/2351/1900 3422/2344/1894
f 3410/2341/1893 3409/2335/1890 3418/2352/1901 3419/2345/1895
f 3407/2325/1885 3406/2337/1891 3415/2353/1902 3416/2347/1897
f 3419/2345/1895 3418/2352/1901 3427/2354/1903 3428/2355/1904
f 3416/2347/1897 3415/2353/1902 3424/2356/1905 3425/2357/1906
f 3376/2358/1779 3422/2344/1894 3431/2359/1907
f 3420/2346/1896 3419/2345/1895 3428/2355/1904 3429/2360/1908
f 3417/2348/1898 3416/2347/1897 3425/2357/1906 3426/2361/1909
f 3414/2350/1899 3377/2362/1789 3423/2363/1910
f 3421/2351/1900 3420/2346/1896 3429/2360/1908 3430/2364/1911
f 3418/2352/1901 3417/2348/1898 3426/2361/1909 3427/2354/1903
f 3415/2353/1902 3414/2350/1899 3423/2363/1910 3424/2356/1905
f 3422/2344/1894 3421/2351/1900 3430/2364/1911 3431/2359/1907
f 3424/2356/1905 3423/2363/1910 3432/2206/1788 3433/2194/1776
f 3431/2359/1907 3430/2364/1911 3302/2209/1791 3303/2198/1780
f 3428/2355/1904 3427/2354/1903 3299/2211/1793 3300/2201/1783
f 3425/2357/1906 3424/2356/1905 3433/2194/1776 3434/2193/1775
f 3376/2365/1779 3431/2359/1907 3303/2198/1780
f 3429/2360/1908 3428/2355/1904 3300/2201/1783 3301/2200/1782
f 3426/2361/1909 3425/2357/1906 3434/2193/1775 3298/2204/1786
f 3423/2363/1910 3377/2366/1789 3432/2206/1788
f 3430/2364/1911 3429/2360/1908 3301/2200/1782 3302/2209/1791
f 3427/2354/1903 3426/2361/1909 3298/2204/1786 3299/2211/1793
s 0
f 3435/2367/1912 3436/2368/1912 3438/2369/1912 3437/2370/1912
f 3437/2370/1913 3438/2369/1913 3440/2371/1913 3439/2372/1913
f 3439/2372/1914 3440/2371/1914 3442/2373/1914 3441/2374/1914
f 3441/2374/1915 3442/2373/1915 3444/2375/1915 3443/2376/1915
f 3443/2376/1916 3444/2375/1916 3446/2377/1916 3445/2378/1916
f 3445/2378/1917 3446/2377/1917 3448/2379/1917 3447/2380/1917
f 3447/2380/1918 3448/2379/1918 3450/2381/1918 3449/2382/1918
f 3438/2369/1919 3436/2368/1919 3454/2368/1919 3453/2369/1919
f 3449/2382/1920 3450/2381/1920 3452/2383/1920 3451/2384/1920
f 3451/2384/1921 3452/2383/1921 3436/2385/1921 3435/2386/1921
f 3439/2372/1922 3441/2374/1922 3501/2374/1922 3500/2372/1922
f 3508/2385/1923 3507/2383/1923 3470/2383/1923 3463/2385/1923
f 3442/2373/1924 3440/2371/1924 3455/2371/1924 3456/2373/1924
f 3440/2371/1925 3438/2369/1925 3453/2369/1925 3455/2371/1925
f 3436/2385/1926 3452/2383/1926 3461/2383/1926 3454/2385/1926
f 3452/2383/1927 3450/2381/1927 3460/2381/1927 3461/2383/1927
f 3450/2381/1928 3448/2379/1928 3459/2379/1928 3460/2381/1928
f 3448/2379/1929 3446/2377/1929 3458/2377/1929 3459/2379/1929
f 3446/2377/1930 3444/2375/1930 3457/2375/1930 3458/2377/1930
f 3444/2375/1931 3442/2373/1931 3456/2373/1931 3457/2375/1931
f 3470/2383/1932 3469/2381/1932 3478/2381/1932 3479/2383/1932
f 3510/2379/1933 3509/2377/1933 3467/2377/1933 3468/2379/1933
f 3512/2373/1934 3511/2371/1934 3464/2371/1934 3465/2373/1934
f 3513/2381/1935 3510/2379/1935 3468/2379/1935 3469/2381/1935
f 3514/2375/1936 3512/2373/1936 3465/2373/1936 3466/2375/1936
f 3515/2369/1937 3508/2368/1937 3463/2368/1937 3462/2369/1937
f 3507/2383/1938 3513/2381/1938 3469/2381/1938 3470/2383/1938
f 3509/2377/1939 3514/2375/1939 3466/2375/1939 3467/2377/1939
f 3511/2371/1940 3515/2369/1940 3462/2369/1940 3464/2371/1940
f 3474/2373/1941 3473/2371/1941 3482/2371/1941 3483/2373/1941
f 3467/2377/1942 3466/2375/1942 3475/2375/1942 3476/2377/1942
f 3464/2371/1943 3462/2369/1943 3471/2369/1943 3473/2371/1943
f 3463/2385/1944 3470/2383/1944 3479/2383/1944 3472/2385/1944
f 3468/2379/1945 3467/2377/1945 3476/2377/1945 3477/2379/1945
f 3465/2373/1946 3464/2371/1946 3473/2371/1946 3474/2373/1946
f 3469/2381/1947 3468/2379/1947 3477/2379/1947 3478/2381/1947
f 3466/2375/1948 3465/2373/1948 3474/2373/1948 3475/2375/1948
f 3462/2369/1949 3463/2368/1949 3472/2368/1949 3471/2369/1949
f 3482/2371/1950 3480/2369/1950 3489/2369/1950 3491/2371/1950
f 3478/2381/1951 3477/2379/1951 3486/2379/1951 3487/2381/1951
f 3475/2375/1952 3474/2373/1952 3483/2373/1952 3484/2375/1952
f 3471/2369/1953 3472/2368/1953 3481/2368/1953 3480/2369/1953
f 3479/2383/1954 3478/2381/1954 3487/2381/1954 3488/2383/1954
f 3476/2377/1955 3475/2375/1955 3484/2375/1955 3485/2377/1955
f 3473/2371/1956 3471/2369/1956 3480/2369/1956 3482/2371/1956
f 3472/2385/1957 3479/2383/1957 3488/2383/1957 3481/2385/1957
f 3477/2379/1958 3476/2377/1958 3485/2377/1958 3486/2379/1958
f 3489/2387/1959 3490/2388/1959 3497/2389/1959 3496/2390/1959 3495/2391/1959 3494/2392/1959 3493/2393/1959 3492/2394/1959 3491/2395/1959
f 3481/2385/1960 3488/2383/1960 3497/2383/1960 3490/2385/1960
f 3486/2379/1961 3485/2377/1961 3494/2377/1961 3495/2379/1961
f 3483/2373/1962 3482/2371/1962 3491/2371/1962 3492/2373/1962
f 3487/2381/1963 3486/2379/1963 3495/2379/1963 3496/2381/1963
f 3484/2375/1964 3483/2373/1964 3492/2373/1964 3493/2375/1964
f 3480/2369/1965 3481/2368/1965 3490/2368/1965 3489/2369/1965
f 3488/2383/1966 3487/2381/1966 3496/2381/1966 3497/2383/1966
f 3485/2377/1967 3484/2375/1967 3493/2375/1967 3494/2377/1967
f 3498/2396/1968 3499/2397/1968 3500/2398/1968 3501/2399/1968 3502/2400/1968 3503/2401/1968 3504/2402/1968 3505/2403/1968 3506/2404/1968
f 3437/2370/1969 3439/2372/1969 3500/2372/1969 3499/2370/1969
f 3451/2384/1970 3435/2386/1970 3498/2386/1970 3506/2384/1970
f 3449/2382/1971 3451/2384/1971 3506/2384/1971 3505/2382/1971
f 3447/2380/1972 3449/2382/1972 3505/2382/1972 3504/2380/1972
f 3445/2378/1973 3447/2380/1973 3504/2380/1973 3503/2378/1973
f 3443/2376/1974 3445/2378/1974 3503/2378/1974 3502/2376/1974
f 3441/2374/1975 3443/2376/1975 3502/2376/1975 3501/2374/1975
f 3435/2367/1976 3437/2370/1976 3499/2370/1976 3498/2367/1976
f 3455/2371/1977 3453/2369/1977 3515/2369/1977 3511/2371/1977
f 3458/2377/1978 3457/2375/1978 3514/2375/1978 3509/2377/1978
f 3461/2383/1979 3460/2381/1979 3513/2381/1979 3507/2383/1979
f 3453/2369/1980 3454/2368/1980 3508/2368/1980 3515/2369/1980
f 3457/2375/1981 3456/2373/1981 3512/2373/1981 3514/2375/1981
f 3460/2381/1982 3459/2379/1982 3510/2379/1982 3513/2381/1982
f 3456/2373/1983 3455/2371/1983 3511/2371/1983 3512/2373/1983
f 3459/2379/1984 3458/2377/1984 3509/2377/1984 3510/2379/1984
f 3454/2385/1985 3461/2383/1985 3507/2383/1985 3508/2385/1985
f 3516/2405/1789 3524/2405/1789 3523/2405/1789 3522/2405/1789 3521/2405/1789 3520/2405/1789 3519/2405/1789 3518/2405/1789 3517/2405/1789
f 3525/2405/1779 3526/2405/1779 3527/2405/1779 3528/2405/1779 3529/2405/1779 3530/2405/1779 3531/2405/1779 3532/2405/1779 3533/2405/1779
f 3516/2405/1986 3517/2405/1986 3526/2405/1986 3525/2405/1986
f 3517/2405/1987 3518/2405/1987 3527/2405/1987 3526/2405/1987
f 3518/2405/1988 3519/2405/1988 3528/2405/1988 3527/2405/1988
f 3519/2405/1989 3520/2405/1989 3529/2405/1989 3528/2405/1989
f 3520/2405/1990 3521/2405/1990 3530/2405/1990 3529/2405/1990
f 3521/2405/1991 3522/2405/1991 3531/2405/1991 3530/2405/1991
f 3522/2405/1992 3523/2405/1992 3532/2405/1992 3531/2405/1992
f 3524/2405/1993 3516/2405/1993 3525/2405/1993 3533/2405/1993
f 3523/2405/1994 3524/2405/1994 3533/2405/1994 3532/2405/1994
f 3538/2406/1779 3535/2406/1779 3536/2406/1779 3537/2406/1779 3534/2406/1779 3552/2406/1779 3551/2406/1779 3550/2406/1779 3549/2406/1779 3548/2406/1779 3547/2406/1779 3546/2406/1779 3545/2406/1779 3544/2406/1779 3543/2406/1779 3542/2406/1779 3541/2406/1779 3540/2406/1779 3539/2406/1779
f 3557/2406/1789 3558/2406/1789 3559/2406/1789 3560/2406/1789 3561/2406/1789 3562/2406/1789 3563/2406/1789 3564/2406/1789 3565/2406/1789 3566/2406/1789 3567/2406/1789 3568/2406/1789 3569/2406/1789 3570/2406/1789 3571/2406/1789 3553/2406/1789 3556/2406/1789 3555/2406/1789 3554/2406/1789
f 3538/2406/1995 3539/2406/1995 3558/2406/1995 3557/2406/1995
f 3535/2406/1996 3538/2406/1996 3557/2406/1996 3554/2406/1996
f 3536/2406/1997 3535/2406/1997 3554/2406/1997 3555/2406/1997
f 3537/2406/1998 3536/2406/1998 3555/2406/1998 3556/2406/1998
f 3534/2406/1999 3537/2406/1999 3556/2406/1999 3553/2406/1999
f 3539/2406/2000 3540/2406/2000 3559/2406/2000 3558/2406/2000
f 3540/2406/2001 3541/2406/2001 3560/2406/2001 3559/2406/2001
f 3541/2406/2002 3542/2406/2002 3561/2406/2002 3560/2406/2002
f 3542/2406/2003 3543/2406/2003 3562/2406/2003 3561/2406/2003
f 3543/2406/2004 3544/2406/2004 3563/2406/2004 3562/2406/2004
f 3544/2406/2005 3545/2406/2005 3564/2406/2005 3563/2406/2005
f 3545/2406/2006 3546/2406/2006 3565/2406/2006 3564/2406/2006
f 3546/2406/2007 3547/2406/2007 3566/2406/2007 3565/2406/2007
f 3547/2406/2008 3548/2406/2008 3567/2406/2008 3566/2406/2008
f 3548/2406/2009 3549/2406/2009 3568/2406/2009 3567/2406/2009
f 3549/2406/2010 3550/2406/2010 3569/2406/2010 3568/2406/2010
f 3550/2406/2011 3551/2406/2011 3570/2406/2011 3569/2406/2011
f 3551/2406/2012 3552/2406/2012 3571/2406/2012 3570/2406/2012
f 3552/2406/2013 3534/2406/2013 3553/2406/2013 3571/2406/2013
s 1
f 3708/2193/1775 3707/2194/1776 3579/2195/1777 3580/2196/1778
f 3650/2197/1779 3577/2198/1780 3586/2199/1781
f 3575/2200/1782 3574/2201/1783 3583/2202/1784 3584/2203/1785
f 3572/2204/1786 3708/2193/1775 3580/2196/1778 3581/2205/1787
f 3706/2206/1788 3651/2207/1789 3578/2208/1790
f 3576/2209/1791 3575/2200/1782 3584/2203/1785 3585/2210/1792
f 3573/2211/1793 3572/2204/1786 3581/2205/1787 3582/2212/1794
f 3707/2194/1776 3706/2206/1788 3578/2208/1790 3579/2195/1777
f 3577/2198/1780 3576/2209/1791 3585/2210/1792 3586/2199/1781
f 3574/2201/1783 3573/2211/1793 3582/2212/1794 3583/2202/1784
f 3580/2196/1778 3579/2195/1777 3588/2213/1795 3589/2214/1796
f 3650/2215/1779 3586/2199/1781 3595/2216/1797
f 3584/2203/1785 3583/2202/1784 3592/2217/1798 3593/2218/1799
f 3581/2205/1787 3580/2196/1778 3589/2214/1796 3590/2219/1800
f 3578/2208/1790 3651/2220/1789 3587/2221/1801
f 3585/2210/1792 3584/2203/1785 3593/2218/1799 3594/2222/1802
f 3582/2212/1794 3581/2205/1787 3590/2219/1800 3591/2223/1803
f 3579/2195/1777 3578/2208/1790 3587/2221/1801 3588/2213/1795
f 3586/2199/1781 3585/2210/1792 3594/2222/1802 3595/2216/1797
f 3583/2202/1784 3582/2212/1794 3591/2223/1803 3592/2217/1798
f 3592/2217/1798 3591/2223/1803 3600/2224/1804 3601/2225/2014
f 3589/2214/1796 3588/2213/1795 3597/2226/1806 3598/2227/1807
f 3650/2228/1779 3595/2216/1797 3604/2229/1808
f 3593/2218/1799 3592/2217/1798 3601/2225/2014 3602/2230/1809
f 3590/2219/1800 3589/2214/1796 3598/2227/1807 3599/2231/1810
f 3587/2221/1801 3651/2232/1789 3596/2233/1811
f 3594/2222/1802 3593/2218/1799 3602/2230/1809 3603/2234/1812
f 3591/2223/1803 3590/2219/1800 3599/2231/1810 3600/2224/1804
f 3588/2213/1795 3587/2221/1801 3596/2233/1811 3597/2226/1806
f 3595/2216/1797 3594/2222/1802 3603/2234/1812 3604/2229/1808
f 3597/2226/1806 3596/2233/1811 3605/2235/1813 3606/2236/1814
f 3604/2229/1808 3603/2234/1812 3612/2237/1815 3613/2238/1816
f 3601/2225/2014 3600/2224/1804 3609/2239/1817 3610/2240/1818
f 3598/2227/1807 3597/2226/1806 3606/2236/1814 3607/2241/1819
f 3650/2242/1779 3604/2229/1808 3613/2238/1816
f 3602/2230/1809 3601/2225/2014 3610/2240/1818 3611/2243/1820
f 3599/2231/1810 3598/2227/1807 3607/2241/1819 3608/2244/1821
f 3596/2233/1811 3651/2245/1789 3605/2235/1813
f 3603/2234/1812 3602/2230/1809 3611/2243/1820 3612/2237/1815
f 3600/2224/1804 3599/2231/1810 3608/2244/1821 3609/2239/1817
f 3612/2237/1815 3611/2243/1820 3620/2246/1822 3621/2247/1823
f 3609/2239/1817 3608/2244/1821 3617/2248/1824 3618/2249/1825
f 3606/2236/1814 3605/2235/1813 3614/2250/1826 3615/2251/1827
f 3613/2238/1816 3612/2237/1815 3621/2247/1823 3622/2252/1828
f 3610/2240/1818 3609/2239/1817 3618/2249/1825 3619/2253/1829
f 3607/2241/1819 3606/2236/1814 3615/2251/1827 3616/2254/1830
f 3650/2255/1779 3613/2238/1816 3622/2252/1828
f 3611/2243/1820 3610/2240/1818 3619/2253/1829 3620/2246/1822
f 3608/2244/1821 3607/2241/1819 3616/2254/1830 3617/2248/1824
f 3605/2235/1813 3651/2256/1789 3614/2250/1826
f 3617/2248/1824 3616/2254/1830 3625/2257/1831 3626/2258/1832
f 3614/2250/1826 3651/2259/1789 3623/2260/1833
f 3621/2247/1823 3620/2246/1822 3629/2261/1834 3630/2262/1835
f 3618/2249/1825 3617/2248/1824 3626/2258/1832 3627/2263/1836
f 3615/2251/1827 3614/2250/1826 3623/2260/1833 3624/2264/1837
f 3622/2252/1828 3621/2247/1823 3630/2262/1835 3631/2265/1838
f 3619/2253/1829 3618/2249/1825 3627/2263/1836 3628/2266/1839
f 3616/2254/1830 3615/2251/1827 3624/2264/1837 3625/2257/1831
f 3650/2267/1779 3622/2252/1828 3631/2265/1838
f 3620/2246/1822 3619/2253/1829 3628/2266/1839 3629/2261/1834
f 3629/2261/1834 3628/2266/1839 3637/2268/1840 3638/2269/1841
f 3626/2258/1832 3625/2257/1831 3634/2270/1842 3635/2271/1843
f 3623/2260/1833 3651/2272/1789 3632/2273/1844
f 3630/2262/1835 3629/2261/1834 3638/2269/1841 3639/2274/1845
f 3627/2263/1836 3626/2258/1832 3635/2271/1843 3636/2275/1846
f 3624/2264/1837 3623/2260/1833 3632/2273/1844 3633/2276/1847
f 3631/2265/1838 3630/2262/1835 3639/2274/1845 3640/2277/1848
f 3628/2266/1839 3627/2263/1836 3636/2275/1846 3637/2268/1840
f 3625/2257/1831 3624/2264/1837 3633/2276/1847 3634/2270/1842
f 3650/2278/1779 3631/2265/1838 3640/2277/1848
f 3634/2270/1842 3633/2276/1847 3642/2279/1849 3643/2280/1850
f 3650/2281/1779 3640/2277/1848 3649/2282/1851
f 3638/2269/1841 3637/2268/1840 3646/2283/1852 3647/2284/1853
f 3635/2271/1843 3634/2270/1842 3643/2280/1850 3644/2285/1854
f 3632/2273/1844 3651/2286/1789 3641/2287/1855
f 3639/2274/1845 3638/2269/1841 3647/2284/1853 3648/2288/1856
f 3636/2275/1846 3635/2271/1843 3644/2285/1854 3645/2289/1857
f 3633/2276/1847 3632/2273/1844 3641/2287/1855 3642/2279/1849
f 3640/2277/1848 3639/2274/1845 3648/2288/1856 3649/2282/1851
f 3637/2268/1840 3636/2275/1846 3645/2289/1857 3646/2283/1852
f 3649/2282/1851 3648/2288/1856 3659/2290/1858 3660/2291/1859
f 3646/2283/1852 3645/2289/1857 3656/2292/1860 3657/2293/1861
f 3643/2280/1850 3642/2279/1849 3653/2294/1862 3654/2295/1863
f 3650/2296/1779 3649/2282/1851 3660/2291/1859
f 3647/2284/1853 3646/2283/1852 3657/2293/1861 3658/2297/1864
f 3644/2285/1854 3643/2280/1850 3654/2295/1863 3655/2298/1865
f 3641/2287/1855 3651/2299/1789 3652/2300/1866
f 3648/2288/1856 3647/2284/1853 3658/2297/1864 3659/2290/1858
f 3645/2289/1857 3644/2285/1854 3655/2298/1865 3656/2292/1860
f 3642/2279/1849 3641/2287/1855 3652/2300/1866 3653/2294/1862
f 3656/2292/1860 3655/2298/1865 3664/2301/1867 3665/2302/1868
f 3653/2294/1862 3652/2300/1866 3661/2303/1869 3662/2304/1870
f 3660/2291/1859 3659/2290/1858 3668/2305/1871 3669/2306/1872
f 3657/2293/1861 3656/2292/1860 3665/2302/1868 3666/2307/1873
f 3654/2295/1863 3653/2294/1862 3662/2304/1870 3663/2308/1874
f 3650/2309/1779 3660/2291/1859 3669/2306/1872
f 3658/2297/1864 3657/2293/1861 3666/2307/1873 3667/2310/1875
f 3655/2298/1865 3654/2295/1863 3663/2308/1874 3664/2301/1867
f 3652/2300/1866 3651/2311/1789 3661/2303/1869
f 3659/2290/1858 3658/2297/1864 3667/2310/1875 3668/2305/1871
f 3661/2303/1869 3651/2312/1789 3670/2313/1876
f 3668/2305/1871 3667/2310/1875 3676/2314/1877 3677/2315/1878
f 3665/2302/1868 3664/2301/1867 3673/2316/1879 3674/2317/1880
f 3662/2304/1870 3661/2303/1869 3670/2313/1876 3671/2318/1881
f 3669/2306/1872 3668/2305/1871 3677/2315/1878 3678/2319/1882
f 3666/2307/1873 3665/2302/1868 3674/2317/1880 3675/2320/1883
f 3663/2308/1874 3662/2304/1870 3671/2318/1881 3672/2321/1884
f 3650/2322/1779 3669/2306/1872 3678/2319/1882
f 3667/2310/1875 3666/2307/1873 3675/2320/1883 3676/2314/1877
f 3664/2301/1867 3663/2308/1874 3672/2321/1884 3673/2316/1879
f 3673/2323/1879 3672/2324/1884 3681/2325/1885 3682/2326/1886
f 3670/2327/1876 3651/2328/1789 3679/2329/1887
f 3677/2330/1878 3676/2331/1877 3685/2332/1888 3686/2333/1889
f 3674/2334/1880 3673/2323/1879 3682/2326/1886 3683/2335/1890
f 3671/2336/1881 3670/2327/1876 3679/2329/1887 3680/2337/1891
f 3678/2338/1882 3677/2330/1878 3686/2333/1889 3687/2339/1892
f 3675/2340/1883 3674/2334/1880 3683/2335/1890 3684/2341/1893
f 3672/2324/1884 3671/2336/1881 3680/2337/1891 3681/2325/1885
f 3650/2342/1779 3678/2338/1882 3687/2339/1892
f 3676/2331/1877 3675/2340/1883 3684/2341/1893 3685/2332/1888
f 3650/2343/1779 3687/2339/1892 3696/2344/1894
f 3685/2332/1888 3684/2341/1893 3693/2345/1895 3694/2346/1896
f 3682/2326/1886 3681/2325/1885 3690/2347/1897 3691/2348/1898
f 3679/2329/1887 3651/2349/1789 3688/2350/1899
f 3686/2333/1889 3685/2332/1888 3694/2346/1896 3695/2351/1900
f 3683/2335/1890 3682/2326/1886 3691/2348/1898 3692/2352/1901
f 3680/2337/1891 3679/2329/1887 3688/2350/1899 3689/2353/1902
f 3687/2339/1892 3686/2333/1889 3695/2351/1900 3696/2344/1894
f 3684/2341/1893 3683/2335/1890 3692/2352/1901 3693/2345/1895
f 3681/2325/1885 3680/2337/1891 3689/2353/1902 3690/2347/1897
f 3693/2345/1895 3692/2352/1901 3701/2354/1903 3702/2355/1904
f 3690/2347/1897 3689/2353/1902 3698/2356/1905 3699/2357/1906
f 3650/2358/1779 3696/2344/1894 3705/2359/1907
f 3694/2346/1896 3693/2345/1895 3702/2355/1904 3703/2360/1908
f 3691/2348/1898 3690/2347/1897 3699/2357/1906 3700/2361/1909
f 3688/2350/1899 3651/2362/1789 3697/2363/1910
f 3695/2351/1900 3694/2346/1896 3703/2360/1908 3704/2364/1911
f 3692/2352/1901 3691/2348/1898 3700/2361/1909 3701/2354/1903
f 3689/2353/1902 3688/2350/1899 3697/2363/1910 3698/2356/1905
f 3696/2344/1894 3695/2351/1900 3704/2364/1911 3705/2359/1907
f 3698/2356/1905 3697/2363/1910 3706/2206/1788 3707/2194/1776
f 3705/2359/1907 3704/2364/1911 3576/2209/1791 3577/2198/1780
f 3702/2355/1904 3701/2354/1903 3573/2211/1793 3574/2201/1783
f 3699/2357/1906 3698/2356/1905 3707/2194/1776 3708/2193/1775
f 3650/2365/1779 3705/2359/1907 3577/2198/1780
f 3703/2360/1908 3702/2355/1904 3574/2201/1783 3575/2200/1782
f 3700/2361/1909 3699/2357/1906 3708/2193/1775 3572/2204/1786
f 3697/2363/1910 3651/2366/1789 3706/2206/1788
f 3704/2364/1911 3703/2360/1908 3575/2200/1782 3576/2209/1791
f 3701/2354/1903 3700/2361/1909 3572/2204/1786 3573/2211/1793
o TropicalFish.007
v 1.738621 -0.172298 -0.050486
v 1.735473 -0.163972 -0.057423
v 1.733380 -0.153702 -0.061607
v 1.732547 -0.142495 -0.062629
v 1.733056 -0.131447 -0.060388
v 1.734856 -0.121639 -0.055106
v 1.747079 -0.178494 -0.018413
v 1.739348 -0.179416 -0.026581
v 1.732292 -0.176883 -0.035016
v 1.726602 -0.171143 -0.042891
v 1.722836 -0.162757 -0.049437
v 1.721362 -0.152547 -0.054012
v 1.722324 -0.141513 -0.056168
v 1.725628 -0.130733 -0.055694
v 1.730951 -0.121263 -0.052638
v 1.744425 -0.177123 -0.014870
v 1.734300 -0.176808 -0.019841
v 1.725344 -0.173293 -0.025739
v 1.718434 -0.166923 -0.031986
v 1.714248 -0.158320 -0.037970
v 1.713194 -0.148327 -0.043106
v 1.715376 -0.137923 -0.046891
v 1.720580 -0.128125 -0.048954
v 1.728297 -0.119892 -0.049094
v 1.743481 -0.174993 -0.010863
v 1.732504 -0.172757 -0.012220
v 1.722872 -0.167717 -0.015250
v 1.715529 -0.160368 -0.019655
v 1.711193 -0.151428 -0.025004
v 1.710289 -0.141772 -0.030775
v 1.712904 -0.132347 -0.036402
v 1.718784 -0.124073 -0.041333
v 1.727353 -0.117762 -0.045088
v 1.744410 -0.172472 -0.007086
v 1.734271 -0.167962 -0.005036
v 1.725305 -0.161118 -0.005362
v 1.718389 -0.152610 -0.008031
v 1.714200 -0.143271 -0.012783
v 1.713148 -0.134015 -0.019151
v 1.715337 -0.125748 -0.026514
v 1.720552 -0.119279 -0.034150
v 1.728282 -0.115242 -0.041311
v 1.747052 -0.169997 -0.004192
v 1.739296 -0.163254 0.000468
v 1.732221 -0.154638 0.002215
v 1.726519 -0.144993 0.000876
v 1.722749 -0.135262 -0.003417
v 1.721279 -0.126398 -0.010245
v 1.722253 -0.119268 -0.018937
v 1.725576 -0.114571 -0.028645
v 1.730924 -0.112767 -0.038417
v 1.750950 -0.167995 -0.002682
v 1.746709 -0.159447 0.003342
v 1.742424 -0.149398 0.006170
v 1.738514 -0.138832 0.005526
v 1.735361 -0.128784 0.001472
v 1.733274 -0.120236 -0.005595
v 1.732457 -0.114027 -0.014982
v 1.732990 -0.110764 -0.025771
v 1.734821 -0.110765 -0.036906
v 1.755429 -0.166813 -0.002815
v 1.755230 -0.157198 0.003088
v 1.754151 -0.146302 0.005820
v 1.752300 -0.135193 0.005114
v 1.749856 -0.124957 0.001039
v 1.747059 -0.116597 -0.006006
v 1.744183 -0.110932 -0.015332
v 1.741510 -0.108514 -0.026025
v 1.739300 -0.109583 -0.037040
v 1.759715 -0.166654 -0.004570
v 1.763383 -0.156896 -0.000250
v 1.765374 -0.145887 0.001226
v 1.765493 -0.134705 -0.000287
v 1.763728 -0.124444 -0.004640
v 1.760252 -0.116109 -0.011407
v 1.755406 -0.110516 -0.019926
v 1.749663 -0.108213 -0.029363
v 1.743587 -0.109424 -0.038795
v 1.737771 -0.114031 -0.047297
v 1.754730 -0.174207 -0.011311
v 1.763068 -0.167547 -0.007643
v 1.769760 -0.158594 -0.006095
v 1.774152 -0.148224 -0.006819
v 1.775811 -0.137452 -0.009744
v 1.774578 -0.127333 -0.014584
v 1.770571 -0.118857 -0.020864
v 1.764184 -0.112854 -0.027971
v 1.756041 -0.109911 -0.035208
v 1.746940 -0.110317 -0.041868
v 1.764907 -0.169337 -0.011502
v 1.773259 -0.161998 -0.013436
v 1.778967 -0.152909 -0.016923
v 1.781472 -0.142960 -0.021622
v 1.780529 -0.133124 -0.027073
v 1.776231 -0.124365 -0.032742
v 1.768999 -0.117539 -0.038075
v 1.759539 -0.113315 -0.042549
v 1.748779 -0.112106 -0.045727
v 1.764915 -0.171714 -0.015481
v 1.773273 -0.166520 -0.021004
v 1.778986 -0.159133 -0.027339
v 1.781495 -0.150276 -0.033867
v 1.780554 -0.140817 -0.039948
v 1.776255 -0.131681 -0.044987
v 1.769018 -0.123762 -0.048491
v 1.759554 -0.117837 -0.050117
v 1.748786 -0.114484 -0.049706
v 1.763090 -0.174267 -0.018891
v 1.769801 -0.171377 -0.027490
v 1.774208 -0.165818 -0.036266
v 1.775877 -0.158135 -0.044361
v 1.774647 -0.149080 -0.050982
v 1.770637 -0.139540 -0.055481
v 1.764240 -0.130448 -0.057418
v 1.756082 -0.122694 -0.056603
v 1.746961 -0.117037 -0.053115
v 1.759747 -0.176556 -0.021142
v 1.763443 -0.175730 -0.031772
v 1.765457 -0.171809 -0.042161
v 1.765590 -0.165178 -0.051291
v 1.763830 -0.156486 -0.058269
v 1.760349 -0.146583 -0.062411
v 1.755489 -0.136439 -0.063313
v 1.749724 -0.127047 -0.060886
v 1.743618 -0.119326 -0.055367
v 1.755465 -0.178184 -0.021846
v 1.755298 -0.178826 -0.033112
v 1.754246 -0.176071 -0.044004
v 1.752411 -0.170188 -0.053457
v 1.749973 -0.161753 -0.060547
v 1.747171 -0.151593 -0.064578
v 1.744278 -0.140700 -0.065156
v 1.741579 -0.130143 -0.062225
v 1.739336 -0.120953 -0.056071
v 1.750984 -0.178869 -0.020881
v 1.746775 -0.180130 -0.031275
v 1.742515 -0.177865 -0.041477
v 2.298656 -0.064001 -0.224392
v 2.221407 -0.072202 -0.201700
v 2.299064 -0.043606 -0.221552
v 2.221885 -0.048321 -0.198375
v 2.307386 -0.017824 -0.198895
v 2.231629 -0.018134 -0.171847
v 2.319728 0.001280 -0.167023
v 2.246080 0.004235 -0.134529
v 2.330314 0.004768 -0.140849
v 2.258475 0.008319 -0.103882
v 2.334192 -0.008993 -0.132620
v 2.263016 -0.007794 -0.094247
v 2.329547 -0.033563 -0.146186
v 2.257577 -0.036562 -0.110131
v 2.318552 -0.057447 -0.175200
v 2.244704 -0.064527 -0.144103
v 2.306353 -0.069468 -0.206086
v 2.230419 -0.078602 -0.180267
v 2.077795 -0.079159 -0.227730
v 2.076716 -0.133030 -0.235231
v 2.099775 -0.011061 -0.167887
v 2.132373 0.039400 -0.083702
v 2.160336 0.048612 -0.014567
v 2.170579 0.012265 0.007169
v 2.158310 -0.052633 -0.028665
v 2.129269 -0.115717 -0.105301
v 2.097045 -0.147468 -0.186880
v 1.810155 -0.108782 -0.177402
v 1.808732 -0.179891 -0.187303
v 1.839169 -0.018894 -0.098409
v 1.882199 0.047713 0.012713
v 1.919109 0.059873 0.103969
v 1.932630 0.011896 0.132660
v 1.916434 -0.073769 0.085361
v 1.878101 -0.157038 -0.015797
v 1.835566 -0.198949 -0.123481
v 1.729699 -0.103948 -0.109109
v 1.728569 -0.160423 -0.116972
v 1.752743 -0.032558 -0.046372
v 1.786917 0.020342 0.041882
v 1.816231 0.029999 0.114359
v 1.826969 -0.008105 0.137145
v 1.814107 -0.076140 0.099580
v 1.783662 -0.142273 0.019239
v 1.749881 -0.175559 -0.066284
v 1.669990 -0.080692 0.000677
v 1.669422 -0.109101 -0.003279
v 1.681582 -0.044780 0.032236
v 1.698773 -0.018169 0.076632
v 1.713520 -0.013311 0.113091
v 1.718921 -0.032478 0.124553
v 1.712451 -0.066703 0.105656
v 1.697136 -0.099971 0.065242
v 1.680143 -0.116715 0.022220
v 1.641668 -0.061882 0.073843
v 1.641472 -0.071674 0.072479
v 1.645664 -0.049504 0.084720
v 1.651589 -0.040332 0.100022
v 1.656671 -0.038658 0.112588
v 1.658533 -0.045264 0.116538
v 1.656303 -0.057061 0.110025
v 1.651024 -0.068527 0.096096
v 1.645167 -0.074298 0.081268
v 2.422522 -0.117133 -0.371611
v 2.431797 -0.087878 -0.346313
v 2.459797 -0.029823 -0.272674
v 2.493421 0.029866 -0.185150
v 2.516936 0.063260 -0.124694
v 2.519338 0.054734 -0.119596
v 2.499505 0.008277 -0.172239
v 2.466715 -0.054373 -0.257993
v 2.436312 -0.103901 -0.336731
v 1.961093 -0.190425 -0.174111
v 1.935678 -0.172375 -0.234559
v 2.053025 0.009272 0.068487
v 2.037686 -0.071864 0.023689
v 1.964506 -0.019890 -0.150365
v 2.005260 0.043195 -0.045118
v 2.001379 -0.150730 -0.072121
v 2.040219 0.054712 0.041313
v 1.937026 -0.105025 -0.225181
v 2.233317 -0.073285 -0.209125
v 2.260081 -0.077538 -0.228849
v 2.252876 -0.128136 -0.310063
v 2.186901 -0.162033 -0.335655
v 2.058116 -0.188293 -0.318876
v 1.905997 -0.200736 -0.267996
v 1.805316 -0.188207 -0.199600
v 1.726835 -0.159129 -0.113992
v 2.189194 -0.053946 -0.155993
v 2.230444 -0.063092 -0.215220
v 2.257208 -0.067345 -0.234945
v 2.250004 -0.117943 -0.316159
v 2.184028 -0.151840 -0.341751
v 2.055243 -0.178100 -0.324972
v 1.903124 -0.190543 -0.274092
v 1.802444 -0.178014 -0.205696
v 1.723963 -0.148936 -0.120087
v 2.186321 -0.043753 -0.162088
v 2.252126 -0.003908 -0.101977
v 2.333255 0.048166 -0.053131
v 2.319213 0.028143 -0.079996
v 2.285305 0.012418 -0.090311
v 2.334316 0.069596 -0.017796
v 2.289850 0.081163 0.022501
v 2.232804 0.071503 0.033231
v 2.195841 0.065731 0.041000
v 2.141300 0.056793 0.051756
v 2.093084 0.036135 0.039934
v 2.047042 0.035061 0.059835
v 2.086660 0.053514 0.072021
v 2.117332 0.069119 0.083661
v 2.159972 0.079504 0.080933
v 2.096668 0.077791 0.107902
v 2.114809 0.089787 0.119411
v 2.039206 0.071262 0.124062
v 1.968234 0.055424 0.131024
v 1.901811 0.026543 0.114032
v 2.254041 -0.010704 -0.097913
v 2.335170 0.041370 -0.049067
v 2.321128 0.021347 -0.075932
v 2.287220 0.005623 -0.086247
v 2.336231 0.062800 -0.013732
v 2.291765 0.074367 0.026565
v 2.234719 0.064707 0.037295
v 2.197756 0.058936 0.045063
v 2.143215 0.049998 0.055819
v 2.094999 0.029340 0.043997
v 2.048957 0.028266 0.063899
v 2.088575 0.046718 0.076085
v 2.119248 0.062323 0.087725
v 2.161887 0.072709 0.084997
v 2.098583 0.070996 0.111965
v 2.116724 0.082992 0.123475
v 2.041121 0.064466 0.128125
v 1.970149 0.048629 0.135088
v 1.903726 0.019748 0.118096
v 1.722498 -0.115089 -0.084698
v 1.719351 -0.106763 -0.091634
v 1.717258 -0.096494 -0.095818
v 1.716425 -0.085286 -0.096840
v 1.716933 -0.074238 -0.094600
v 1.718733 -0.064430 -0.089317
v 1.730957 -0.121285 -0.052625
v 1.723225 -0.122207 -0.060793
v 1.716169 -0.119674 -0.069227
v 1.710480 -0.113934 -0.077103
v 1.706714 -0.105549 -0.083648
v 1.705240 -0.095339 -0.088223
v 1.706202 -0.084304 -0.090379
v 1.709506 -0.073524 -0.089906
v 1.714828 -0.064055 -0.086850
v 1.728303 -0.119914 -0.049081
v 1.718177 -0.119599 -0.054053
v 1.709221 -0.116084 -0.059950
v 1.702312 -0.109714 -0.066197
v 1.698125 -0.101111 -0.072181
v 1.697072 -0.091119 -0.077317
v 1.699253 -0.080714 -0.081102
v 1.704458 -0.070916 -0.083166
v 1.712174 -0.062684 -0.083306
v 1.727359 -0.117784 -0.045075
v 1.716382 -0.115548 -0.046432
v 1.706750 -0.110508 -0.049461
v 1.699407 -0.103159 -0.053866
v 1.695071 -0.094219 -0.059216
v 1.694166 -0.084563 -0.064987
v 1.696782 -0.075138 -0.070613
v 1.702662 -0.066865 -0.075545
v 1.711230 -0.060554 -0.079299
v 1.728288 -0.115264 -0.041298
v 1.718149 -0.110754 -0.039248
v 1.709183 -0.103910 -0.039574
v 1.702266 -0.095402 -0.042243
v 1.698077 -0.086063 -0.046994
v 1.697026 -0.076806 -0.053363
v 1.699215 -0.068539 -0.060726
v 1.704429 -0.062071 -0.068361
v 1.712160 -0.058033 -0.075523
v 1.730930 -0.112789 -0.038404
v 1.723174 -0.106046 -0.033743
v 1.716099 -0.097430 -0.031997
v 1.710397 -0.087784 -0.033336
v 1.706626 -0.078053 -0.037629
v 1.705156 -0.069189 -0.044456
v 1.706131 -0.062059 -0.053149
v 1.709454 -0.057363 -0.062857
v 1.714801 -0.055558 -0.072629
v 1.734827 -0.110787 -0.036893
v 1.730587 -0.102238 -0.030870
v 1.726302 -0.092189 -0.028042
v 1.722392 -0.081623 -0.028686
v 1.719239 -0.071575 -0.032740
v 1.717151 -0.063028 -0.039806
v 1.716334 -0.056818 -0.049194
v 1.716867 -0.053555 -0.059983
v 1.718699 -0.053556 -0.071118
v 1.739306 -0.109604 -0.037027
v 1.739107 -0.099989 -0.031124
v 1.738029 -0.089093 -0.028391
v 1.736177 -0.077984 -0.029097
v 1.733734 -0.067748 -0.033172
v 1.730937 -0.059389 -0.040218
v 1.728061 -0.053723 -0.049543
v 1.725388 -0.051306 -0.060237
v 1.723178 -0.052374 -0.071252
v 1.743593 -0.109446 -0.038782
v 1.747261 -0.099687 -0.034462
v 1.749252 -0.088678 -0.032986
v 1.749370 -0.077496 -0.034498
v 1.747606 -0.067235 -0.038851
v 1.744130 -0.058901 -0.045619
v 1.739284 -0.053308 -0.054138
v 1.733541 -0.051004 -0.063575
v 1.727465 -0.052215 -0.073006
v 1.721649 -0.056823 -0.081509
v 1.738607 -0.116998 -0.045523
v 1.746946 -0.110338 -0.041855
v 1.753638 -0.101385 -0.040307
v 1.758029 -0.091015 -0.041031
v 1.759689 -0.080243 -0.043955
v 1.758455 -0.070124 -0.048795
v 1.754449 -0.061648 -0.055076
v 1.748061 -0.055645 -0.062183
v 1.739918 -0.052702 -0.069420
v 1.730817 -0.053108 -0.076079
v 1.748785 -0.112128 -0.045714
v 1.757136 -0.104789 -0.047648
v 1.762844 -0.095701 -0.051134
v 1.765349 -0.085751 -0.055833
v 1.764407 -0.075915 -0.061284
v 1.760109 -0.067156 -0.066954
v 1.752876 -0.060330 -0.072286
v 1.743417 -0.056106 -0.076761
v 1.732656 -0.054898 -0.079939
v 1.748793 -0.114505 -0.049693
v 1.757151 -0.109311 -0.055215
v 1.762864 -0.101924 -0.061551
v 1.765373 -0.093067 -0.068078
v 1.764431 -0.083608 -0.074159
v 1.760132 -0.074472 -0.079198
v 1.752896 -0.066554 -0.082703
v 1.743431 -0.060628 -0.084328
v 1.732664 -0.057275 -0.083917
v 1.746967 -0.117059 -0.053102
v 1.753679 -0.114168 -0.061701
v 1.758085 -0.108609 -0.070478
v 1.759755 -0.100926 -0.078573
v 1.758525 -0.091872 -0.085194
v 1.754514 -0.082331 -0.089693
v 1.748117 -0.073239 -0.091630
v 1.739959 -0.065485 -0.090814
v 1.730839 -0.059828 -0.087327
v 1.743625 -0.119347 -0.055354
v 1.747321 -0.118521 -0.065984
v 1.749334 -0.114601 -0.076373
v 1.749467 -0.107970 -0.085502
v 1.747708 -0.099277 -0.092480
v 1.744227 -0.089374 -0.096623
v 1.739366 -0.079230 -0.097525
v 1.733601 -0.069838 -0.095097
v 1.727496 -0.062117 -0.089579
v 1.739343 -0.120975 -0.056058
v 1.739176 -0.121617 -0.067323
v 1.738124 -0.118862 -0.078216
v 1.736289 -0.112979 -0.087669
v 1.733851 -0.104545 -0.094758
v 1.731049 -0.094384 -0.098789
v 1.728156 -0.083492 -0.099368
v 1.725456 -0.072934 -0.096436
v 1.723214 -0.063745 -0.090283
v 1.734862 -0.121660 -0.055093
v 1.730653 -0.122921 -0.065487
v 1.726393 -0.120657 -0.075688
vn -0.1079 -0.9314 -0.3477
vn 0.0083 -0.9975 -0.0699
vn -0.2023 -0.9773 0.0632
vn -0.3938 -0.9039 -0.1671
vn -0.2351 0.8342 -0.4989
vn -0.3200 0.6078 -0.7267
vn -0.4348 0.6189 -0.6542
vn -0.3797 0.0331 -0.9245
vn -0.3560 -0.2717 -0.8941
vn -0.6899 -0.2396 -0.6831
vn -0.6656 0.0606 -0.7438
vn -0.2135 -0.7774 -0.5917
vn -0.5474 -0.7453 -0.3807
vn 0.1242 -0.9685 0.2159
vn 0.2351 -0.8342 0.4989
vn 0.0094 -0.9574 0.2885
vn -0.3675 0.3358 -0.8673
vn -0.5781 0.3561 -0.7342
vn -0.2988 -0.5504 -0.7796
vn -0.6492 -0.5167 -0.5582
vn -0.3454 -0.9033 0.2543
vn -0.5881 -0.8035 0.0924
vn -0.5128 0.6592 -0.5500
vn -0.9168 -0.1224 -0.3802
vn -0.8599 0.1610 -0.4844
vn -0.7743 -0.6280 -0.0778
vn -0.0686 -0.9171 0.3926
vn -0.7212 0.4300 -0.5431
vn -0.8873 -0.3937 -0.2403
vn -0.9720 -0.2026 0.1192
vn -0.9975 0.0597 -0.0376
vn -0.3963 -0.7885 0.4703
vn -0.6572 -0.6476 0.3857
vn -0.5406 0.7218 -0.4323
vn -0.9290 0.3169 -0.1911
vn -0.8550 -0.4459 0.2648
vn -0.0963 -0.8545 0.5104
vn -0.7721 0.5449 -0.3270
vn -0.0690 -0.7804 0.6214
vn -0.3462 -0.6525 0.6740
vn -0.7220 0.6808 -0.1233
vn -0.5132 0.7959 -0.3213
vn -0.8886 0.0235 0.4581
vn -0.9181 0.2752 0.2853
vn -0.5892 -0.4631 0.6622
vn -0.8610 0.5014 0.0854
vn -0.7756 -0.2304 0.5877
vn -0.6676 0.6826 0.2972
vn -0.5795 0.8143 0.0327
vn -0.5497 -0.0188 0.8352
vn -0.6516 0.2456 0.7177
vn 0.0086 -0.7077 0.7065
vn -0.2038 -0.5191 0.8301
vn -0.4356 0.8686 -0.2362
vn -0.6922 0.4869 0.5328
vn -0.3958 -0.2819 0.8740
vn -0.1104 -0.1353 0.9846
vn -0.2165 0.1523 0.9643
vn 0.1232 -0.6488 0.7509
vn -0.3823 0.8292 0.4078
vn -0.3694 0.9222 0.1142
vn -0.3019 0.4252 0.8533
vn 0.0064 -0.4111 0.9116
vn -0.3210 0.9275 -0.1918
vn -0.3590 0.6580 0.6619
vn 0.0240 0.7591 0.6505
vn -0.0543 0.9158 0.3981
vn 0.2175 -0.0488 0.9748
vn 0.1665 0.2534 0.9529
vn 0.2549 -0.6141 0.7470
vn -0.1278 0.9860 0.1070
vn 0.1000 0.5313 0.8413
vn 0.2480 -0.3473 0.9044
vn -0.1894 0.9622 -0.1957
vn 0.4791 -0.3388 0.8097
vn 0.5313 -0.0372 0.8464
vn -0.0634 0.9669 -0.2473
vn 0.3905 0.7727 0.5005
vn 0.2595 0.9274 0.2696
vn 0.5330 0.2670 0.8029
vn 0.3809 -0.6094 0.6954
vn 0.1034 0.9946 0.0123
vn 0.4846 0.5455 0.6838
vn 0.2842 0.9464 -0.1534
vn 0.0352 0.9406 -0.3376
vn 0.7854 0.4654 0.4081
vn 0.6772 0.6964 0.2377
vn 0.6600 -0.3869 0.6440
vn 0.7767 -0.1025 0.6214
vn 0.5049 0.8620 0.0446
vn 0.8197 0.1907 0.5401
vn 0.4794 -0.6357 0.6050
vn 0.9769 0.0377 0.2102
vn 0.9504 0.3048 0.0619
vn 0.5335 -0.6883 0.4916
vn 0.7591 -0.4834 0.4359
vn 0.3834 0.8499 -0.3615
vn 0.0893 0.8880 -0.4511
vn 0.8344 0.5433 -0.0922
vn 0.9114 -0.2335 0.3389
vn 0.6396 0.7310 -0.2379
vn 0.5337 -0.7582 0.3746
vn 0.6401 0.5570 -0.5292
vn 0.3838 0.7217 -0.5761
vn 0.9776 -0.1656 -0.1300
vn 0.9511 0.0916 -0.2951
vn 0.7595 -0.6116 0.2213
vn 0.0895 0.8181 -0.5680
vn 0.8351 0.3401 -0.4324
vn 0.9119 -0.4075 0.0476
vn 0.7783 -0.5945 -0.2020
vn 0.8215 -0.3839 -0.4216
vn 0.4801 -0.8332 0.2744
vn 0.5065 0.3700 -0.7788
vn 0.2853 0.5840 -0.7599
vn 0.7873 -0.1375 -0.6010
vn 0.6611 -0.7494 0.0374
vn 0.0358 0.7431 -0.6682
vn 0.6790 0.1218 -0.7240
vn -0.0624 0.6758 -0.7344
vn 0.3932 -0.0739 -0.9165
vn 0.2618 0.2025 -0.9436
vn 0.5336 -0.7620 -0.3668
vn 0.5357 -0.5796 -0.6141
vn 0.3818 -0.9005 0.2082
vn 0.1051 0.4606 -0.8814
vn 0.4874 -0.3429 -0.8030
vn 0.4808 -0.8728 -0.0840
vn 0.1032 -0.4889 -0.8662
vn 0.0271 -0.2131 -0.9767
vn 0.2499 -0.9606 -0.1220
vn 0.2201 -0.8812 -0.4184
vn -0.1883 0.6280 -0.7551
vn -0.0517 0.0833 -0.9952
vn 0.1696 -0.7188 -0.6743
vn 0.2559 -0.9483 0.1875
vn -0.1258 0.3728 -0.9193
vn -0.2926 0.1376 -0.9463
vn -0.2479 0.6834 -0.6866
vn -0.1672 0.8729 -0.4584
vn -0.0157 0.9919 -0.1258
vn 0.4033 0.5507 0.7308
vn 0.4046 -0.4995 0.7661
vn 0.3011 -0.7891 0.5354
vn 0.1706 0.1325 -0.9764
vn 0.2086 -0.9364 0.2821
vn 0.0157 -0.9562 -0.2921
vn -0.1819 0.8515 -0.4919
vn -0.0432 -0.9621 -0.2691
vn 0.0300 0.8522 -0.5224
vn 0.0127 0.6578 -0.7531
vn 0.4327 -0.7977 -0.4201
vn 0.4459 -0.8795 0.1662
vn 0.4835 -0.7569 0.4398
vn 0.6043 -0.4696 0.6437
vn 0.6848 0.5064 0.5240
vn 0.2023 0.9567 -0.2093
vn -0.0097 -0.9306 0.3660
vn 0.3989 -0.4999 0.7688
vn -0.1809 0.8729 -0.4532
vn 0.2877 -0.7901 0.5413
vn -0.0216 0.9921 -0.1235
vn -0.3527 0.1360 -0.9258
vn 0.1821 -0.9385 0.2934
vn 0.4019 0.5507 0.7315
vn -0.2750 0.6832 -0.6765
vn -0.4800 0.8219 -0.3068
vn -0.0580 0.5003 0.8639
vn -0.4595 0.6654 -0.5884
vn -0.3429 -0.9298 -0.1335
vn 0.1307 -0.4980 0.8573
vn -0.3599 0.8551 -0.3732
vn 0.1028 -0.7867 0.6087
vn -0.2802 0.9598 -0.0146
vn -0.6384 0.1187 -0.7605
vn -0.6897 0.5907 -0.4188
vn -0.0327 -0.7656 0.6425
vn -0.3887 0.9207 0.0345
vn -0.8675 0.0856 -0.4900
vn -0.2055 -0.8819 0.4244
vn -0.2044 0.4593 0.8644
vn -0.6282 0.6181 -0.4726
vn -0.6232 -0.7816 0.0286
vn 0.0073 -0.4844 0.8748
vn -0.9249 -0.0342 0.3787
vn -0.7059 -0.7030 0.0869
vn -0.0144 -0.4812 0.8765
vn -0.5190 0.8067 -0.2826
vn -0.0790 -0.7548 0.6512
vn -0.4072 0.9123 0.0431
vn -0.9240 0.0708 -0.3759
vn -0.2835 -0.8505 0.4430
vn -0.2114 0.4571 0.8639
vn 0.9249 0.0342 -0.3787
vn -0.2509 0.7750 -0.5800
vn -0.1249 -0.9733 0.1926
vn 0.2168 -0.8848 0.4125
vn 0.2875 -0.8143 0.5043
vn 0.2341 -0.7049 0.6696
vn -0.2174 0.4551 0.8635
vn -0.2253 0.9252 -0.3052
vn -0.5380 0.4926 -0.6840
vn -0.1377 0.6785 -0.7215
vn 0.3748 0.5514 0.7454
vn 0.3128 -0.9204 0.2346
vn -0.0434 0.1386 -0.9894
vn -0.0094 0.9917 -0.1284
vn 0.3480 -0.7842 0.5137
vn -0.1186 0.8712 -0.4763
vn 0.4107 -0.4990 0.7631
vn 0.2478 -0.8948 -0.3714
vn 0.5542 0.5367 0.6363
vn 0.9691 0.1615 -0.1866
vn 0.4876 -0.3428 -0.8030
vn -0.0068 -0.5146 -0.8574
vn -0.2252 -0.5460 -0.8069
vn -0.5174 -0.5419 -0.6623
vn -0.7177 -0.4951 -0.4897
vn 0.7525 0.4811 0.4498
vn -0.0366 0.5053 0.8622
vn 0.6445 0.5180 0.5625
vn 0.9716 0.1881 -0.1433
vn 0.8918 -0.0190 -0.4520
vn 0.4242 -0.3737 -0.8248
vn 0.4610 -0.3561 -0.8128
vn 0.0702 0.5265 0.8473
vn 0.0942 0.5304 0.8425
vn 0.0802 0.5281 0.8454
vn -0.3751 0.3956 0.8383
vn 0.3202 0.5511 0.7706
vn 0.4269 -0.3725 -0.8240
vn 0.4816 -0.3459 -0.8053
vn 0.0661 -0.4983 -0.8645
vn 0.3144 0.5509 0.7731
vn 0.6334 -0.2578 -0.7296
vn -0.0688 0.4977 0.8646
vn -0.0286 0.5071 0.8614
vn -0.3842 0.3917 0.8360
vn -0.4734 -0.5465 -0.6908
vn -0.7220 0.6808 -0.1234
vt 0.441539 0.925676
vt 0.441539 0.934502
vt 0.435656 0.934502
vt 0.435656 0.925676
vt 0.438597 0.863896
vt 0.441539 0.872722
vt 0.435656 0.872722
vt 0.441539 0.890373
vt 0.441539 0.899199
vt 0.435656 0.899199
vt 0.435656 0.890373
vt 0.441539 0.916850
vt 0.435656 0.916850
vt 0.441539 0.943327
vt 0.438597 0.952153
vt 0.435656 0.943327
vt 0.441539 0.881548
vt 0.435656 0.881548
vt 0.441539 0.908025
vt 0.435656 0.908025
vt 0.429772 0.934502
vt 0.429772 0.925676
vt 0.432714 0.863896
vt 0.429772 0.872722
vt 0.429772 0.899199
vt 0.429772 0.890373
vt 0.429772 0.916850
vt 0.432714 0.952153
vt 0.429772 0.943327
vt 0.429772 0.881548
vt 0.429772 0.908025
vt 0.423888 0.908025
vt 0.423888 0.899199
vt 0.423888 0.934502
vt 0.423888 0.925676
vt 0.426830 0.863896
vt 0.423888 0.872722
vt 0.423888 0.890373
vt 0.423888 0.916850
vt 0.426830 0.952153
vt 0.423888 0.943327
vt 0.423888 0.881548
vt 0.418004 0.943327
vt 0.418004 0.934502
vt 0.418004 0.881548
vt 0.418004 0.872722
vt 0.418004 0.908025
vt 0.418004 0.899199
vt 0.418004 0.925676
vt 0.420946 0.863896
vt 0.418004 0.890373
vt 0.418004 0.916850
vt 0.420946 0.952153
vt 0.412120 0.890373
vt 0.412120 0.881548
vt 0.412120 0.916850
vt 0.412120 0.908025
vt 0.412120 0.943327
vt 0.412120 0.934502
vt 0.412120 0.872722
vt 0.412120 0.899199
vt 0.412120 0.925676
vt 0.415062 0.863896
vt 0.415062 0.952153
vt 0.406237 0.925676
vt 0.406237 0.916850
vt 0.409179 0.952153
vt 0.406237 0.943327
vt 0.406237 0.890373
vt 0.406237 0.881548
vt 0.406237 0.908025
vt 0.406237 0.934502
vt 0.406237 0.872722
vt 0.406237 0.899199
vt 0.409179 0.863896
vt 0.400353 0.899199
vt 0.400353 0.890373
vt 0.400353 0.925676
vt 0.400353 0.916850
vt 0.403295 0.952153
vt 0.400353 0.943327
vt 0.400353 0.881548
vt 0.400353 0.908025
vt 0.400353 0.934502
vt 0.400353 0.872722
vt 0.403295 0.863896
vt 0.394469 0.934502
vt 0.394469 0.925676
vt 0.397411 0.863896
vt 0.394469 0.872722
vt 0.394469 0.899199
vt 0.394469 0.890373
vt 0.394469 0.916850
vt 0.397411 0.952153
vt 0.394469 0.943327
vt 0.394469 0.881548
vt 0.394469 0.908025
vt 0.388585 0.881548
vt 0.388585 0.872722
vt 0.388585 0.908025
vt 0.388585 0.899199
vt 0.388585 0.934502
vt 0.388585 0.925676
vt 0.391527 0.863896
vt 0.388585 0.890373
vt 0.388585 0.916850
vt 0.391527 0.952153
vt 0.388585 0.943327
vt 0.382701 0.916850
vt 0.382701 0.908025
vt 0.382701 0.943327
vt 0.382701 0.934502
vt 0.382701 0.881548
vt 0.382701 0.872722
vt 0.382701 0.899199
vt 0.382701 0.925676
vt 0.385643 0.863896
vt 0.382701 0.890373
vt 0.385643 0.952153
vt 0.379760 0.952153
vt 0.376818 0.943327
vt 0.376818 0.890373
vt 0.376818 0.881548
vt 0.376818 0.916850
vt 0.376818 0.908025
vt 0.376818 0.934502
vt 0.376818 0.872722
vt 0.376818 0.899199
vt 0.376818 0.925676
vt 0.379760 0.863896
vt 0.465074 0.916850
vt 0.465074 0.925676
vt 0.459191 0.925676
vt 0.459191 0.916850
vt 0.465074 0.943327
vt 0.462133 0.952153
vt 0.459191 0.943327
vt 0.465074 0.881548
vt 0.465074 0.890373
vt 0.459191 0.890373
vt 0.459191 0.881548
vt 0.465074 0.908025
vt 0.459191 0.908025
vt 0.465074 0.934502
vt 0.459191 0.934502
vt 0.465074 0.872722
vt 0.459191 0.872722
vt 0.465074 0.899199
vt 0.459191 0.899199
vt 0.462133 0.863896
vt 0.456249 0.863896
vt 0.453307 0.872722
vt 0.453307 0.899199
vt 0.453307 0.890373
vt 0.453307 0.925676
vt 0.453307 0.916850
vt 0.456249 0.952153
vt 0.453307 0.943327
vt 0.453307 0.881548
vt 0.453307 0.908025
vt 0.453307 0.934502
vt 0.447423 0.908025
vt 0.447423 0.899199
vt 0.447423 0.934502
vt 0.447423 0.925676
vt 0.450365 0.863896
vt 0.447423 0.872722
vt 0.447423 0.890373
vt 0.447423 0.916850
vt 0.450365 0.952153
vt 0.447423 0.943327
vt 0.447423 0.881548
vt 0.444481 0.863896
vt 0.444481 0.952153
vt 0.978377 0.866376
vt 0.978377 0.975636
vt 0.954097 0.975636
vt 0.954097 0.866376
vt 0.929817 0.975636
vt 0.929817 0.866376
vt 0.905537 0.975636
vt 0.905537 0.866376
vt 0.881257 0.975636
vt 0.881257 0.866376
vt 0.856978 0.975636
vt 0.856978 0.866376
vt 0.832698 0.975636
vt 0.832698 0.866376
vt 0.808418 0.975636
vt 0.808418 0.866376
vt 0.784138 0.975636
vt 0.784138 0.866376
vt 0.759858 0.975636
vt 0.759858 0.866376
vt 0.848198 0.851922
vt 0.814488 0.864191
vt 0.780777 0.851922
vt 0.762840 0.820854
vt 0.769069 0.785524
vt 0.796551 0.762465
vt 0.832425 0.762465
vt 0.859906 0.785524
vt 0.866136 0.820854
vt 0.923747 0.864191
vt 0.957458 0.851922
vt 0.975395 0.820854
vt 0.969166 0.785524
vt 0.941684 0.762465
vt 0.905810 0.762465
vt 0.878329 0.785524
vt 0.872099 0.820854
vt 0.890037 0.851922
vt 0.046506 0.956471
vt 0.040305 0.970423
s 1
usemtl TropicalFish
f 3845/2407/2015 3844/2408/2016 3716/2409/2017 3717/2410/2018
f 3787/2411/2019 3714/2412/2020 3723/2413/2021
f 3712/2414/2022 3711/2415/2023 3720/2416/2024 3721/2417/2025
f 3709/2418/2026 3845/2407/2015 3717/2410/2018 3718/2419/2027
f 3843/2420/2028 3788/2421/2029 3715/2422/2030
f 3713/2423/2031 3712/2414/2022 3721/2417/2025 3722/2424/2032
f 3710/2425/2033 3709/2418/2026 3718/2419/2027 3719/2426/2034
f 3844/2408/2016 3843/2420/2028 3715/2422/2030 3716/2409/2017
f 3714/2412/2020 3713/2423/2031 3722/2424/2032 3723/2413/2021
f 3711/2415/2023 3710/2425/2033 3719/2426/2034 3720/2416/2024
f 3717/2410/2018 3716/2409/2017 3725/2427/2035 3726/2428/2036
f 3787/2429/2019 3723/2413/2021 3732/2430/2037
f 3721/2417/2025 3720/2416/2024 3729/2431/2038 3730/2432/2039
f 3718/2419/2027 3717/2410/2018 3726/2428/2036 3727/2433/2040
f 3715/2422/2030 3788/2434/2029 3724/2435/2041
f 3722/2424/2032 3721/2417/2025 3730/2432/2039 3731/2436/2042
f 3719/2426/2034 3718/2419/2027 3727/2433/2040 3728/2437/2043
f 3716/2409/2017 3715/2422/2030 3724/2435/2041 3725/2427/2035
f 3723/2413/2021 3722/2424/2032 3731/2436/2042 3732/2430/2037
f 3720/2416/2024 3719/2426/2034 3728/2437/2043 3729/2431/2038
f 3729/2431/2038 3728/2437/2043 3737/2438/2044 3738/2439/2045
f 3726/2428/2036 3725/2427/2035 3734/2440/2046 3735/2441/2047
f 3787/2442/2019 3732/2430/2037 3741/2443/2048
f 3730/2432/2039 3729/2431/2038 3738/2439/2045 3739/2444/2049
f 3727/2433/2040 3726/2428/2036 3735/2441/2047 3736/2445/2050
f 3724/2435/2041 3788/2446/2029 3733/2447/2051
f 3731/2436/2042 3730/2432/2039 3739/2444/2049 3740/2448/2052
f 3728/2437/2043 3727/2433/2040 3736/2445/2050 3737/2438/2044
f 3725/2427/2035 3724/2435/2041 3733/2447/2051 3734/2440/2046
f 3732/2430/2037 3731/2436/2042 3740/2448/2052 3741/2443/2048
f 3734/2440/2046 3733/2447/2051 3742/2449/2053 3743/2450/2054
f 3741/2443/2048 3740/2448/2052 3749/2451/2055 3750/2452/2056
f 3738/2439/2045 3737/2438/2044 3746/2453/2057 3747/2454/2058
f 3735/2441/2047 3734/2440/2046 3743/2450/2054 3744/2455/2059
f 3787/2456/2019 3741/2443/2048 3750/2452/2056
f 3739/2444/2049 3738/2439/2045 3747/2454/2058 3748/2457/2060
f 3736/2445/2050 3735/2441/2047 3744/2455/2059 3745/2458/2061
f 3733/2447/2051 3788/2459/2029 3742/2449/2053
f 3740/2448/2052 3739/2444/2049 3748/2457/2060 3749/2451/2055
f 3737/2438/2044 3736/2445/2050 3745/2458/2061 3746/2453/2057
f 3749/2451/2055 3748/2457/2060 3757/2460/2062 3758/2461/2063
f 3746/2453/2057 3745/2458/2061 3754/2462/2064 3755/2463/2065
f 3743/2450/2054 3742/2449/2053 3751/2464/2066 3752/2465/2067
f 3750/2452/2056 3749/2451/2055 3758/2461/2063 3759/2466/2068
f 3747/2454/2058 3746/2453/2057 3755/2463/2065 3756/2467/2069
f 3744/2455/2059 3743/2450/2054 3752/2465/2067 3753/2468/2070
f 3787/2469/2019 3750/2452/2056 3759/2466/2068
f 3748/2457/2060 3747/2454/2058 3756/2467/2069 3757/2460/2062
f 3745/2458/2061 3744/2455/2059 3753/2468/2070 3754/2462/2064
f 3742/2449/2053 3788/2470/2029 3751/2464/2066
f 3754/2462/2064 3753/2468/2070 3762/2471/2071 3763/2472/2072
f 3751/2464/2066 3788/2473/2029 3760/2474/2073
f 3758/2461/2063 3757/2460/2062 3766/2475/2074 3767/2476/2075
f 3755/2463/2065 3754/2462/2064 3763/2472/2072 3764/2477/2076
f 3752/2465/2067 3751/2464/2066 3760/2474/2073 3761/2478/2077
f 3759/2466/2068 3758/2461/2063 3767/2476/2075 3768/2479/2078
f 3756/2467/2069 3755/2463/2065 3764/2477/2076 3765/2480/2079
f 3753/2468/2070 3752/2465/2067 3761/2478/2077 3762/2471/2071
f 3787/2481/2019 3759/2466/2068 3768/2479/2078
f 3757/2460/2062 3756/2467/2069 3765/2480/2079 3766/2475/2074
f 3766/2475/2074 3765/2480/2079 3774/2482/2080 3775/2483/2081
f 3763/2472/2072 3762/2471/2071 3771/2484/2082 3772/2485/2083
f 3760/2474/2073 3788/2486/2029 3769/2487/2084
f 3767/2476/2075 3766/2475/2074 3775/2483/2081 3776/2488/2085
f 3764/2477/2076 3763/2472/2072 3772/2485/2083 3773/2489/2086
f 3761/2478/2077 3760/2474/2073 3769/2487/2084 3770/2490/2087
f 3768/2479/2078 3767/2476/2075 3776/2488/2085 3777/2491/2088
f 3765/2480/2079 3764/2477/2076 3773/2489/2086 3774/2482/2080
f 3762/2471/2071 3761/2478/2077 3770/2490/2087 3771/2484/2082
f 3787/2492/2019 3768/2479/2078 3777/2491/2088
f 3771/2484/2082 3770/2490/2087 3779/2493/2089 3780/2494/2090
f 3787/2495/2019 3777/2491/2088 3786/2496/2091
f 3775/2483/2081 3774/2482/2080 3783/2497/2092 3784/2498/2093
f 3772/2485/2083 3771/2484/2082 3780/2494/2090 3781/2499/2094
f 3769/2487/2084 3788/2500/2029 3778/2501/2095
f 3776/2488/2085 3775/2483/2081 3784/2498/2093 3785/2502/2096
f 3773/2489/2086 3772/2485/2083 3781/2499/2094 3782/2503/2097
f 3770/2490/2087 3769/2487/2084 3778/2501/2095 3779/2493/2089
f 3777/2491/2088 3776/2488/2085 3785/2502/2096 3786/2496/2091
f 3774/2482/2080 3773/2489/2086 3782/2503/2097 3783/2497/2092
f 3786/2496/2091 3785/2502/2096 3796/2504/2098 3797/2505/2099
f 3783/2497/2092 3782/2503/2097 3793/2506/2100 3794/2507/2101
f 3780/2494/2090 3779/2493/2089 3790/2508/2102 3791/2509/2103
f 3787/2510/2019 3786/2496/2091 3797/2505/2099
f 3784/2498/2093 3783/2497/2092 3794/2507/2101 3795/2511/2104
f 3781/2499/2094 3780/2494/2090 3791/2509/2103 3792/2512/2105
f 3778/2501/2095 3788/2513/2029 3789/2514/2106
f 3785/2502/2096 3784/2498/2093 3795/2511/2104 3796/2504/2098
f 3782/2503/2097 3781/2499/2094 3792/2512/2105 3793/2506/2100
f 3779/2493/2089 3778/2501/2095 3789/2514/2106 3790/2508/2102
f 3793/2506/2100 3792/2512/2105 3801/2515/2107 3802/2516/2108
f 3790/2508/2102 3789/2514/2106 3798/2517/2109 3799/2518/2110
f 3797/2505/2099 3796/2504/2098 3805/2519/2111 3806/2520/2112
f 3794/2507/2101 3793/2506/2100 3802/2516/2108 3803/2521/2113
f 3791/2509/2103 3790/2508/2102 3799/2518/2110 3800/2522/2114
f 3787/2523/2019 3797/2505/2099 3806/2520/2112
f 3795/2511/2104 3794/2507/2101 3803/2521/2113 3804/2524/2115
f 3792/2512/2105 3791/2509/2103 3800/2522/2114 3801/2515/2107
f 3789/2514/2106 3788/2525/2029 3798/2517/2109
f 3796/2504/2098 3795/2511/2104 3804/2524/2115 3805/2519/2111
f 3798/2517/2109 3788/2526/2029 3807/2527/2116
f 3805/2519/2111 3804/2524/2115 3813/2528/2117 3814/2529/2118
f 3802/2516/2108 3801/2515/2107 3810/2530/2119 3811/2531/2120
f 3799/2518/2110 3798/2517/2109 3807/2527/2116 3808/2532/2121
f 3806/2520/2112 3805/2519/2111 3814/2529/2118 3815/2533/2122
f 3803/2521/2113 3802/2516/2108 3811/2531/2120 3812/2534/2123
f 3800/2522/2114 3799/2518/2110 3808/2532/2121 3809/2535/2124
f 3787/2536/2019 3806/2520/2112 3815/2533/2122
f 3804/2524/2115 3803/2521/2113 3812/2534/2123 3813/2528/2117
f 3801/2515/2107 3800/2522/2114 3809/2535/2124 3810/2530/2119
f 3810/2537/2119 3809/2538/2124 3818/2539/2125 3819/2540/2126
f 3807/2541/2116 3788/2542/2029 3816/2543/2127
f 3814/2544/2118 3813/2545/2117 3822/2546/2128 3823/2547/2129
f 3811/2548/2120 3810/2537/2119 3819/2540/2126 3820/2549/2130
f 3808/2550/2121 3807/2541/2116 3816/2543/2127 3817/2551/2131
f 3815/2552/2122 3814/2544/2118 3823/2547/2129 3824/2553/2132
f 3812/2554/2123 3811/2548/2120 3820/2549/2130 3821/2555/2133
f 3809/2538/2124 3808/2550/2121 3817/2551/2131 3818/2539/2125
f 3787/2556/2019 3815/2552/2122 3824/2553/2132
f 3813/2545/2117 3812/2554/2123 3821/2555/2133 3822/2546/2128
f 3787/2557/2019 3824/2553/2132 3833/2558/2134
f 3822/2546/2128 3821/2555/2133 3830/2559/2135 3831/2560/2136
f 3819/2540/2126 3818/2539/2125 3827/2561/2137 3828/2562/2138
f 3816/2543/2127 3788/2563/2029 3825/2564/2139
f 3823/2547/2129 3822/2546/2128 3831/2560/2136 3832/2565/2140
f 3820/2549/2130 3819/2540/2126 3828/2562/2138 3829/2566/2141
f 3817/2551/2131 3816/2543/2127 3825/2564/2139 3826/2567/2142
f 3824/2553/2132 3823/2547/2129 3832/2565/2140 3833/2558/2134
f 3821/2555/2133 3820/2549/2130 3829/2566/2141 3830/2559/2135
f 3818/2539/2125 3817/2551/2131 3826/2567/2142 3827/2561/2137
f 3830/2559/2135 3829/2566/2141 3838/2568/2143 3839/2569/2144
f 3827/2561/2137 3826/2567/2142 3835/2570/2145 3836/2571/2146
f 3787/2572/2019 3833/2558/2134 3842/2573/2147
f 3831/2560/2136 3830/2559/2135 3839/2569/2144 3840/2574/2148
f 3828/2562/2138 3827/2561/2137 3836/2571/2146 3837/2575/2149
f 3825/2564/2139 3788/2576/2029 3834/2577/2150
f 3832/2565/2140 3831/2560/2136 3840/2574/2148 3841/2578/2151
f 3829/2566/2141 3828/2562/2138 3837/2575/2149 3838/2568/2143
f 3826/2567/2142 3825/2564/2139 3834/2577/2150 3835/2570/2145
f 3833/2558/2134 3832/2565/2140 3841/2578/2151 3842/2573/2147
f 3835/2570/2145 3834/2577/2150 3843/2420/2028 3844/2408/2016
f 3842/2573/2147 3841/2578/2151 3713/2423/2031 3714/2412/2020
f 3839/2569/2144 3838/2568/2143 3710/2425/2033 3711/2415/2023
f 3836/2571/2146 3835/2570/2145 3844/2408/2016 3845/2407/2015
f 3787/2579/2019 3842/2573/2147 3714/2412/2020
f 3840/2574/2148 3839/2569/2144 3711/2415/2023 3712/2414/2022
f 3837/2575/2149 3836/2571/2146 3845/2407/2015 3709/2418/2026
f 3834/2577/2150 3788/2580/2029 3843/2420/2028
f 3841/2578/2151 3840/2574/2148 3712/2414/2022 3713/2423/2031
f 3838/2568/2143 3837/2575/2149 3709/2418/2026 3710/2425/2033
s 0
f 3846/2581/2152 3847/2582/2152 3849/2583/2152 3848/2584/2152
f 3848/2584/2153 3849/2583/2153 3851/2585/2153 3850/2586/2153
f 3850/2586/2154 3851/2585/2154 3853/2587/2154 3852/2588/2154
f 3852/2588/2155 3853/2587/2155 3855/2589/2155 3854/2590/2155
f 3854/2590/2156 3855/2589/2156 3857/2591/2156 3856/2592/2156
f 3856/2592/2157 3857/2591/2157 3859/2593/2157 3858/2594/2157
f 3858/2594/2158 3859/2593/2158 3861/2595/2158 3860/2596/2158
f 3849/2583/2159 3847/2582/2159 3865/2582/2159 3864/2583/2159
f 3860/2596/2160 3861/2595/2160 3863/2597/2160 3862/2598/2160
f 3862/2598/2161 3863/2597/2161 3847/2599/2161 3846/2600/2161
f 3850/2586/2162 3852/2588/2162 3912/2588/2162 3911/2586/2162
f 3919/2599/2163 3918/2597/2163 3881/2597/2163 3874/2599/2163
f 3853/2587/2164 3851/2585/2164 3866/2585/2164 3867/2587/2164
f 3851/2585/2165 3849/2583/2165 3864/2583/2165 3866/2585/2165
f 3847/2599/2166 3863/2597/2166 3872/2597/2166 3865/2599/2166
f 3863/2597/2167 3861/2595/2167 3871/2595/2167 3872/2597/2167
f 3861/2595/2168 3859/2593/2168 3870/2593/2168 3871/2595/2168
f 3859/2593/2169 3857/2591/2169 3869/2591/2169 3870/2593/2169
f 3857/2591/2170 3855/2589/2170 3868/2589/2170 3869/2591/2170
f 3855/2589/2171 3853/2587/2171 3867/2587/2171 3868/2589/2171
f 3881/2597/2172 3880/2595/2172 3889/2595/2172 3890/2597/2172
f 3921/2593/2173 3920/2591/2173 3878/2591/2173 3879/2593/2173
f 3923/2587/2174 3922/2585/2174 3875/2585/2174 3876/2587/2174
f 3924/2595/2175 3921/2593/2175 3879/2593/2175 3880/2595/2175
f 3925/2589/2176 3923/2587/2176 3876/2587/2176 3877/2589/2176
f 3926/2583/2177 3919/2582/2177 3874/2582/2177 3873/2583/2177
f 3918/2597/2178 3924/2595/2178 3880/2595/2178 3881/2597/2178
f 3920/2591/2179 3925/2589/2179 3877/2589/2179 3878/2591/2179
f 3922/2585/2180 3926/2583/2180 3873/2583/2180 3875/2585/2180
f 3885/2587/2181 3884/2585/2181 3893/2585/2181 3894/2587/2181
f 3878/2591/2182 3877/2589/2182 3886/2589/2182 3887/2591/2182
f 3875/2585/2183 3873/2583/2183 3882/2583/2183 3884/2585/2183
f 3874/2599/2184 3881/2597/2184 3890/2597/2184 3883/2599/2184
f 3879/2593/2185 3878/2591/2185 3887/2591/2185 3888/2593/2185
f 3876/2587/2186 3875/2585/2186 3884/2585/2186 3885/2587/2186
f 3880/2595/2187 3879/2593/2187 3888/2593/2187 3889/2595/2187
f 3877/2589/2188 3876/2587/2188 3885/2587/2188 3886/2589/2188
f 3873/2583/2189 3874/2582/2189 3883/2582/2189 3882/2583/2189
f 3893/2585/2190 3891/2583/2190 3900/2583/2190 3902/2585/2190
f 3889/2595/2191 3888/2593/2191 3897/2593/2191 3898/2595/2191
f 3886/2589/2192 3885/2587/2192 3894/2587/2192 3895/2589/2192
f 3882/2583/2193 3883/2582/2193 3892/2582/2193 3891/2583/2193
f 3890/2597/2194 3889/2595/2194 3898/2595/2194 3899/2597/2194
f 3887/2591/2195 3886/2589/2195 3895/2589/2195 3896/2591/2195
f 3884/2585/2196 3882/2583/2196 3891/2583/2196 3893/2585/2196
f 3883/2599/2197 3890/2597/2197 3899/2597/2197 3892/2599/2197
f 3888/2593/2198 3887/2591/2198 3896/2591/2198 3897/2593/2198
f 3900/2601/2199 3901/2602/2199 3908/2603/2199 3907/2604/2199 3906/2605/2199 3905/2606/2199 3904/2607/2199 3903/2608/2199 3902/2609/2199
f 3892/2599/2200 3899/2597/2200 3908/2597/2200 3901/2599/2200
f 3897/2593/2201 3896/2591/2201 3905/2591/2201 3906/2593/2201
f 3894/2587/2202 3893/2585/2202 3902/2585/2202 3903/2587/2202
f 3898/2595/2203 3897/2593/2203 3906/2593/2203 3907/2595/2203
f 3895/2589/2204 3894/2587/2204 3903/2587/2204 3904/2589/2204
f 3891/2583/2205 3892/2582/2205 3901/2582/2205 3900/2583/2205
f 3899/2597/2206 3898/2595/2206 3907/2595/2206 3908/2597/2206
f 3896/2591/2207 3895/2589/2207 3904/2589/2207 3905/2591/2207
f 3909/2610/2208 3910/2611/2208 3911/2612/2208 3912/2613/2208 3913/2614/2208 3914/2615/2208 3915/2616/2208 3916/2617/2208 3917/2618/2208
f 3848/2584/2209 3850/2586/2209 3911/2586/2209 3910/2584/2209
f 3862/2598/2210 3846/2600/2210 3909/2600/2210 3917/2598/2210
f 3860/2596/2211 3862/2598/2211 3917/2598/2211 3916/2596/2211
f 3858/2594/2212 3860/2596/2212 3916/2596/2212 3915/2594/2212
f 3856/2592/2213 3858/2594/2213 3915/2594/2213 3914/2592/2213
f 3854/2590/2214 3856/2592/2214 3914/2592/2214 3913/2590/2214
f 3852/2588/2215 3854/2590/2215 3913/2590/2215 3912/2588/2215
f 3846/2581/2216 3848/2584/2216 3910/2584/2216 3909/2581/2216
f 3866/2585/2217 3864/2583/2217 3926/2583/2217 3922/2585/2217
f 3869/2591/2218 3868/2589/2218 3925/2589/2218 3920/2591/2218
f 3872/2597/2219 3871/2595/2219 3924/2595/2219 3918/2597/2219
f 3864/2583/2220 3865/2582/2220 3919/2582/2220 3926/2583/2220
f 3868/2589/2221 3867/2587/2221 3923/2587/2221 3925/2589/2221
f 3871/2595/2222 3870/2593/2222 3921/2593/2222 3924/2595/2222
f 3867/2587/2223 3866/2585/2223 3922/2585/2223 3923/2587/2223
f 3870/2593/2224 3869/2591/2224 3920/2591/2224 3921/2593/2224
f 3865/2599/2225 3872/2597/2225 3918/2597/2225 3919/2599/2225
f 3927/2619/2029 3935/2619/2029 3934/2619/2029 3933/2619/2029 3932/2619/2029 3931/2619/2029 3930/2619/2029 3929/2619/2029 3928/2619/2029
f 3936/2619/2019 3937/2619/2019 3938/2619/2019 3939/2619/2019 3940/2619/2019 3941/2619/2019 3942/2619/2019 3943/2619/2019 3944/2619/2019
f 3927/2619/2226 3928/2619/2226 3937/2619/2226 3936/2619/2226
f 3928/2619/2227 3929/2619/2227 3938/2619/2227 3937/2619/2227
f 3929/2619/2228 3930/2619/2228 3939/2619/2228 3938/2619/2228
f 3930/2619/2229 3931/2619/2229 3940/2619/2229 3939/2619/2229
f 3931/2619/2230 3932/2619/2230 3941/2619/2230 3940/2619/2230
f 3932/2619/2231 3933/2619/2231 3942/2619/2231 3941/2619/2231
f 3933/2619/2232 3934/2619/2232 3943/2619/2232 3942/2619/2232
f 3935/2619/2233 3927/2619/2233 3936/2619/2233 3944/2619/2233
f 3934/2619/2234 3935/2619/2234 3944/2619/2234 3943/2619/2234
f 3949/2620/2019 3946/2620/2019 3947/2620/2019 3948/2620/2019 3945/2620/2019 3963/2620/2019 3962/2620/2019 3961/2620/2019 3960/2620/2019 3959/2620/2019 3958/2620/2019 3957/2620/2019 3956/2620/2019 3955/2620/2019 3954/2620/2019 3953/2620/2019 3952/2620/2019 3951/2620/2019 3950/2620/2019
f 3968/2620/2029 3969/2620/2029 3970/2620/2029 3971/2620/2029 3972/2620/2029 3973/2620/2029 3974/2620/2029 3975/2620/2029 3976/2620/2029 3977/2620/2029 3978/2620/2029 3979/2620/2029 3980/2620/2029 3981/2620/2029 3982/2620/2029 3964/2620/2029 3967/2620/2029 3966/2620/2029 3965/2620/2029
f 3949/2620/2235 3950/2620/2235 3969/2620/2235 3968/2620/2235
f 3946/2620/2236 3949/2620/2236 3968/2620/2236 3965/2620/2236
f 3947/2620/2237 3946/2620/2237 3965/2620/2237 3966/2620/2237
f 3948/2620/2238 3947/2620/2238 3966/2620/2238 3967/2620/2238
f 3945/2620/2239 3948/2620/2239 3967/2620/2239 3964/2620/2239
f 3950/2620/2240 3951/2620/2240 3970/2620/2240 3969/2620/2240
f 3951/2620/2241 3952/2620/2241 3971/2620/2241 3970/2620/2241
f 3952/2620/2242 3953/2620/2242 3972/2620/2242 3971/2620/2242
f 3953/2620/2243 3954/2620/2243 3973/2620/2243 3972/2620/2243
f 3954/2620/2244 3955/2620/2244 3974/2620/2244 3973/2620/2244
f 3955/2620/2245 3956/2620/2245 3975/2620/2245 3974/2620/2245
f 3956/2620/2246 3957/2620/2246 3976/2620/2246 3975/2620/2246
f 3957/2620/2247 3958/2620/2247 3977/2620/2247 3976/2620/2247
f 3958/2620/2248 3959/2620/2248 3978/2620/2248 3977/2620/2248
f 3959/2620/2249 3960/2620/2249 3979/2620/2249 3978/2620/2249
f 3960/2620/2250 3961/2620/2250 3980/2620/2250 3979/2620/2250
f 3961/2620/2251 3962/2620/2251 3981/2620/2251 3980/2620/2251
f 3962/2620/2252 3963/2620/2252 3982/2620/2252 3981/2620/2252
f 3963/2620/2253 3945/2620/2253 3964/2620/2253 3982/2620/2253
s 1
f 4119/2407/2015 4118/2408/2016 3990/2409/2017 3991/2410/2018
f 4061/2411/2019 3988/2412/2020 3997/2413/2021
f 3986/2414/2022 3985/2415/2023 3994/2416/2024 3995/2417/2025
f 3983/2418/2026 4119/2407/2015 3991/2410/2018 3992/2419/2027
f 4117/2420/2028 4062/2421/2029 3989/2422/2030
f 3987/2423/2031 3986/2414/2022 3995/2417/2025 3996/2424/2032
f 3984/2425/2033 3983/2418/2026 3992/2419/2027 3993/2426/2034
f 4118/2408/2016 4117/2420/2028 3989/2422/2030 3990/2409/2017
f 3988/2412/2020 3987/2423/2031 3996/2424/2032 3997/2413/2021
f 3985/2415/2023 3984/2425/2033 3993/2426/2034 3994/2416/2024
f 3991/2410/2018 3990/2409/2017 3999/2427/2035 4000/2428/2036
f 4061/2429/2019 3997/2413/2021 4006/2430/2037
f 3995/2417/2025 3994/2416/2024 4003/2431/2038 4004/2432/2039
f 3992/2419/2027 3991/2410/2018 4000/2428/2036 4001/2433/2040
f 3989/2422/2030 4062/2434/2029 3998/2435/2041
f 3996/2424/2032 3995/2417/2025 4004/2432/2039 4005/2436/2042
f 3993/2426/2034 3992/2419/2027 4001/2433/2040 4002/2437/2043
f 3990/2409/2017 3989/2422/2030 3998/2435/2041 3999/2427/2035
f 3997/2413/2021 3996/2424/2032 4005/2436/2042 4006/2430/2037
f 3994/2416/2024 3993/2426/2034 4002/2437/2043 4003/2431/2038
f 4003/2431/2038 4002/2437/2043 4011/2438/2044 4012/2439/2045
f 4000/2428/2036 3999/2427/2035 4008/2440/2046 4009/2441/2047
f 4061/2442/2019 4006/2430/2037 4015/2443/2048
f 4004/2432/2039 4003/2431/2038 4012/2439/2045 4013/2444/2049
f 4001/2433/2040 4000/2428/2036 4009/2441/2047 4010/2445/2050
f 3998/2435/2041 4062/2446/2029 4007/2447/2051
f 4005/2436/2042 4004/2432/2039 4013/2444/2049 4014/2448/2052
f 4002/2437/2043 4001/2433/2040 4010/2445/2050 4011/2438/2044
f 3999/2427/2035 3998/2435/2041 4007/2447/2051 4008/2440/2046
f 4006/2430/2037 4005/2436/2042 4014/2448/2052 4015/2443/2048
f 4008/2440/2046 4007/2447/2051 4016/2449/2053 4017/2450/2054
f 4015/2443/2048 4014/2448/2052 4023/2451/2254 4024/2452/2056
f 4012/2439/2045 4011/2438/2044 4020/2453/2057 4021/2454/2058
f 4009/2441/2047 4008/2440/2046 4017/2450/2054 4018/2455/2059
f 4061/2456/2019 4015/2443/2048 4024/2452/2056
f 4013/2444/2049 4012/2439/2045 4021/2454/2058 4022/2457/2060
f 4010/2445/2050 4009/2441/2047 4018/2455/2059 4019/2458/2061
f 4007/2447/2051 4062/2459/2029 4016/2449/2053
f 4014/2448/2052 4013/2444/2049 4022/2457/2060 4023/2451/2254
f 4011/2438/2044 4010/2445/2050 4019/2458/2061 4020/2453/2057
f 4023/2451/2254 4022/2457/2060 4031/2460/2062 4032/2461/2063
f 4020/2453/2057 4019/2458/2061 4028/2462/2064 4029/2463/2065
f 4017/2450/2054 4016/2449/2053 4025/2464/2066 4026/2465/2067
f 4024/2452/2056 4023/2451/2254 4032/2461/2063 4033/2466/2068
f 4021/2454/2058 4020/2453/2057 4029/2463/2065 4030/2467/2069
f 4018/2455/2059 4017/2450/2054 4026/2465/2067 4027/2468/2070
f 4061/2469/2019 4024/2452/2056 4033/2466/2068
f 4022/2457/2060 4021/2454/2058 4030/2467/2069 4031/2460/2062
f 4019/2458/2061 4018/2455/2059 4027/2468/2070 4028/2462/2064
f 4016/2449/2053 4062/2470/2029 4025/2464/2066
f 4028/2462/2064 4027/2468/2070 4036/2471/2071 4037/2472/2072
f 4025/2464/2066 4062/2473/2029 4034/2474/2073
f 4032/2461/2063 4031/2460/2062 4040/2475/2074 4041/2476/2075
f 4029/2463/2065 4028/2462/2064 4037/2472/2072 4038/2477/2076
f 4026/2465/2067 4025/2464/2066 4034/2474/2073 4035/2478/2077
f 4033/2466/2068 4032/2461/2063 4041/2476/2075 4042/2479/2078
f 4030/2467/2069 4029/2463/2065 4038/2477/2076 4039/2480/2079
f 4027/2468/2070 4026/2465/2067 4035/2478/2077 4036/2471/2071
f 4061/2481/2019 4033/2466/2068 4042/2479/2078
f 4031/2460/2062 4030/2467/2069 4039/2480/2079 4040/2475/2074
f 4040/2475/2074 4039/2480/2079 4048/2482/2080 4049/2483/2081
f 4037/2472/2072 4036/2471/2071 4045/2484/2082 4046/2485/2083
f 4034/2474/2073 4062/2486/2029 4043/2487/2084
f 4041/2476/2075 4040/2475/2074 4049/2483/2081 4050/2488/2085
f 4038/2477/2076 4037/2472/2072 4046/2485/2083 4047/2489/2086
f 4035/2478/2077 4034/2474/2073 4043/2487/2084 4044/2490/2087
f 4042/2479/2078 4041/2476/2075 4050/2488/2085 4051/2491/2088
f 4039/2480/2079 4038/2477/2076 4047/2489/2086 4048/2482/2080
f 4036/2471/2071 4035/2478/2077 4044/2490/2087 4045/2484/2082
f 4061/2492/2019 4042/2479/2078 4051/2491/2088
f 4045/2484/2082 4044/2490/2087 4053/2493/2089 4054/2494/2090
f 4061/2495/2019 4051/2491/2088 4060/2496/2091
f 4049/2483/2081 4048/2482/2080 4057/2497/2092 4058/2498/2093
f 4046/2485/2083 4045/2484/2082 4054/2494/2090 4055/2499/2094
f 4043/2487/2084 4062/2500/2029 4052/2501/2095
f 4050/2488/2085 4049/2483/2081 4058/2498/2093 4059/2502/2096
f 4047/2489/2086 4046/2485/2083 4055/2499/2094 4056/2503/2097
f 4044/2490/2087 4043/2487/2084 4052/2501/2095 4053/2493/2089
f 4051/2491/2088 4050/2488/2085 4059/2502/2096 4060/2496/2091
f 4048/2482/2080 4047/2489/2086 4056/2503/2097 4057/2497/2092
f 4060/2496/2091 4059/2502/2096 4070/2504/2098 4071/2505/2099
f 4057/2497/2092 4056/2503/2097 4067/2506/2100 4068/2507/2101
f 4054/2494/2090 4053/2493/2089 4064/2508/2102 4065/2509/2103
f 4061/2510/2019 4060/2496/2091 4071/2505/2099
f 4058/2498/2093 4057/2497/2092 4068/2507/2101 4069/2511/2104
f 4055/2499/2094 4054/2494/2090 4065/2509/2103 4066/2512/2105
f 4052/2501/2095 4062/2513/2029 4063/2514/2106
f 4059/2502/2096 4058/2498/2093 4069/2511/2104 4070/2504/2098
f 4056/2503/2097 4055/2499/2094 4066/2512/2105 4067/2506/2100
f 4053/2493/2089 4052/2501/2095 4063/2514/2106 4064/2508/2102
f 4067/2506/2100 4066/2512/2105 4075/2515/2107 4076/2516/2108
f 4064/2508/2102 4063/2514/2106 4072/2517/2109 4073/2518/2110
f 4071/2505/2099 4070/2504/2098 4079/2519/2111 4080/2520/2112
f 4068/2507/2101 4067/2506/2100 4076/2516/2108 4077/2521/2113
f 4065/2509/2103 4064/2508/2102 4073/2518/2110 4074/2522/2114
f 4061/2523/2019 4071/2505/2099 4080/2520/2112
f 4069/2511/2104 4068/2507/2101 4077/2521/2113 4078/2524/2115
f 4066/2512/2105 4065/2509/2103 4074/2522/2114 4075/2515/2107
f 4063/2514/2106 4062/2525/2029 4072/2517/2109
f 4070/2504/2098 4069/2511/2104 4078/2524/2115 4079/2519/2111
f 4072/2517/2109 4062/2526/2029 4081/2527/2116
f 4079/2519/2111 4078/2524/2115 4087/2528/2117 4088/2529/2118
f 4076/2516/2108 4075/2515/2107 4084/2530/2119 4085/2531/2120
f 4073/2518/2110 4072/2517/2109 4081/2527/2116 4082/2532/2121
f 4080/2520/2112 4079/2519/2111 4088/2529/2118 4089/2533/2122
f 4077/2521/2113 4076/2516/2108 4085/2531/2120 4086/2534/2123
f 4074/2522/2114 4073/2518/2110 4082/2532/2121 4083/2535/2124
f 4061/2536/2019 4080/2520/2112 4089/2533/2122
f 4078/2524/2115 4077/2521/2113 4086/2534/2123 4087/2528/2117
f 4075/2515/2107 4074/2522/2114 4083/2535/2124 4084/2530/2119
f 4084/2537/2119 4083/2538/2124 4092/2539/2125 4093/2540/2126
f 4081/2541/2116 4062/2542/2029 4090/2543/2127
f 4088/2544/2118 4087/2545/2117 4096/2546/2128 4097/2547/2129
f 4085/2548/2120 4084/2537/2119 4093/2540/2126 4094/2549/2130
f 4082/2550/2121 4081/2541/2116 4090/2543/2127 4091/2551/2131
f 4089/2552/2122 4088/2544/2118 4097/2547/2129 4098/2553/2132
f 4086/2554/2123 4085/2548/2120 4094/2549/2130 4095/2555/2133
f 4083/2538/2124 4082/2550/2121 4091/2551/2131 4092/2539/2125
f 4061/2556/2019 4089/2552/2122 4098/2553/2132
f 4087/2545/2117 4086/2554/2123 4095/2555/2133 4096/2546/2128
f 4061/2557/2019 4098/2553/2132 4107/2558/2134
f 4096/2546/2128 4095/2555/2133 4104/2559/2135 4105/2560/2136
f 4093/2540/2126 4092/2539/2125 4101/2561/2137 4102/2562/2138
f 4090/2543/2127 4062/2563/2029 4099/2564/2139
f 4097/2547/2129 4096/2546/2128 4105/2560/2136 4106/2565/2140
f 4094/2549/2130 4093/2540/2126 4102/2562/2138 4103/2566/2141
f 4091/2551/2131 4090/2543/2127 4099/2564/2139 4100/2567/2142
f 4098/2553/2132 4097/2547/2129 4106/2565/2140 4107/2558/2134
f 4095/2555/2133 4094/2549/2130 4103/2566/2141 4104/2559/2135
f 4092/2539/2125 4091/2551/2131 4100/2567/2142 4101/2561/2137
f 4104/2559/2135 4103/2566/2141 4112/2568/2143 4113/2569/2144
f 4101/2561/2137 4100/2567/2142 4109/2570/2145 4110/2571/2146
f 4061/2572/2019 4107/2558/2134 4116/2573/2147
f 4105/2560/2136 4104/2559/2135 4113/2569/2144 4114/2574/2148
f 4102/2562/2138 4101/2561/2137 4110/2571/2146 4111/2575/2149
f 4099/2564/2139 4062/2576/2029 4108/2577/2150
f 4106/2565/2140 4105/2560/2136 4114/2574/2148 4115/2578/2151
f 4103/2566/2141 4102/2562/2138 4111/2575/2149 4112/2568/2143
f 4100/2567/2142 4099/2564/2139 4108/2577/2150 4109/2570/2145
f 4107/2558/2134 4106/2565/2140 4115/2578/2151 4116/2573/2147
f 4109/2570/2145 4108/2577/2150 4117/2420/2028 4118/2408/2016
f 4116/2573/2147 4115/2578/2151 3987/2423/2031 3988/2412/2020
f 4113/2569/2144 4112/2568/2143 3984/2425/2033 3985/2415/2023
f 4110/2571/2146 4109/2570/2145 4118/2408/2016 4119/2407/2015
f 4061/2579/2019 4116/2573/2147 3988/2412/2020
f 4114/2574/2148 4113/2569/2144 3985/2415/2023 3986/2414/2022
f 4111/2575/2149 4110/2571/2146 4119/2407/2015 3983/2418/2026
f 4108/2577/2150 4062/2580/2029 4117/2420/2028
f 4115/2578/2151 4114/2574/2148 3986/2414/2022 3987/2423/2031
f 4112/2568/2143 4111/2575/2149 3983/2418/2026 3984/2425/2033
o Herring.002
v 2.238686 0.051714 0.126210
v 2.216988 0.025357 0.165413
v 2.242216 0.031131 0.148588
v 2.215775 0.047865 0.139876
v 2.172008 0.044997 0.160800
v 2.008156 0.056372 0.213564
v 2.005997 0.043548 0.229259
v 1.967023 0.042790 0.245815
v 1.799008 0.081714 0.268401
v 1.906698 0.186795 0.103580
v 1.956147 0.182341 0.088838
v 2.012576 0.153719 0.099230
v 2.080304 0.145576 0.081400
v 2.174196 0.165470 0.020626
v 2.228879 0.156075 0.009490
v 2.214017 0.108961 0.069943
v 2.237403 0.048025 0.123020
v 2.215705 0.021669 0.162223
v 2.240933 0.027443 0.145397
v 2.214492 0.044177 0.136686
v 2.170725 0.041308 0.157610
v 2.006873 0.052684 0.210373
v 2.004714 0.039860 0.226069
v 1.965739 0.039102 0.242625
v 1.797725 0.078025 0.265211
v 1.905414 0.183107 0.100390
v 1.954864 0.178652 0.085648
v 2.011292 0.150031 0.096040
v 2.079021 0.141887 0.078209
v 2.172912 0.161781 0.017436
v 2.227595 0.152386 0.006300
v 2.212733 0.105272 0.066753
v 1.533575 0.178018 0.277264
v 1.531784 0.168000 0.276265
v 1.527928 0.156917 0.266679
v 1.526623 0.155172 0.262012
v 1.525436 0.154623 0.257030
v 1.533170 0.187760 0.273675
v 1.531990 0.183454 0.276242
v 1.530616 0.178699 0.277667
v 1.529127 0.173772 0.277868
v 1.527611 0.168960 0.276833
v 1.526155 0.164542 0.274623
v 1.524845 0.160774 0.271364
v 1.523755 0.157877 0.267248
v 1.522950 0.156017 0.262512
v 1.522476 0.155304 0.257434
v 1.522361 0.155779 0.252306
v 1.522611 0.157413 0.247428
v 1.532138 0.188154 0.273636
v 1.529985 0.184218 0.276166
v 1.527755 0.179789 0.277559
v 1.525576 0.175125 0.277733
v 1.523577 0.170496 0.276680
v 1.521872 0.166173 0.274460
v 1.520561 0.162406 0.271201
v 1.519721 0.159413 0.267094
v 1.519399 0.157370 0.262377
v 1.519615 0.156394 0.257325
v 1.520356 0.156542 0.252230
v 1.521579 0.157807 0.247389
v 1.531189 0.188676 0.273413
v 1.528142 0.185232 0.275734
v 1.525126 0.181236 0.276943
v 1.522314 0.176921 0.276969
v 1.519870 0.172537 0.275812
v 1.517936 0.168340 0.273538
v 1.516626 0.164572 0.270279
v 1.516014 0.161454 0.266226
v 1.516136 0.159166 0.261613
v 1.516986 0.157841 0.256709
v 1.518513 0.157557 0.251798
v 1.520630 0.158329 0.247167
v 1.523213 0.160113 0.243083
v 1.530368 0.189303 0.273019
v 1.526549 0.186449 0.274967
v 1.522852 0.182973 0.275849
v 1.519491 0.179077 0.275612
v 1.516664 0.174987 0.274269
v 1.514532 0.170940 0.271900
v 1.513222 0.167173 0.268642
v 1.512807 0.163904 0.264684
v 1.513314 0.161322 0.260256
v 1.514712 0.159578 0.255615
v 1.516920 0.158774 0.251032
v 1.519809 0.158956 0.246772
v 1.529714 0.190005 0.272470
v 1.525279 0.187813 0.273902
v 1.521039 0.184919 0.274328
v 1.517242 0.181492 0.273724
v 1.514108 0.177731 0.272125
v 1.511819 0.173854 0.269623
v 1.510508 0.170086 0.266365
v 1.510252 0.166648 0.262539
v 1.511065 0.163737 0.258368
v 1.512899 0.161525 0.254094
v 1.515650 0.160138 0.249966
v 1.519155 0.159658 0.246223
v 1.529257 0.190750 0.271792
v 1.524391 0.189260 0.272586
v 1.519773 0.186983 0.272451
v 1.515670 0.184054 0.271395
v 1.512322 0.180641 0.269478
v 1.509923 0.176943 0.266814
v 1.508612 0.173176 0.263555
v 1.508466 0.169558 0.259893
v 1.509493 0.166299 0.256039
v 1.511633 0.163588 0.252217
v 1.514762 0.161584 0.248650
v 1.518698 0.160403 0.245546
v 1.529019 0.191503 0.271018
v 1.523928 0.190721 0.271083
v 1.519112 0.189068 0.270306
v 1.514850 0.186641 0.268732
v 1.511391 0.183581 0.266454
v 1.508934 0.180065 0.263602
v 1.507623 0.176298 0.260344
v 1.507534 0.172498 0.256868
v 1.508673 0.168886 0.253376
v 1.510972 0.165674 0.250072
v 1.514299 0.163046 0.247147
v 1.518460 0.161156 0.244772
v 1.529010 0.192228 0.270184
v 1.523911 0.192129 0.269462
v 1.519087 0.191077 0.267993
v 1.514820 0.189135 0.265862
v 1.511356 0.186414 0.263193
v 1.508897 0.183072 0.260140
v 1.507586 0.179305 0.256882
v 1.507500 0.175330 0.253607
v 1.508642 0.171380 0.250506
v 1.510947 0.167682 0.247759
v 1.514282 0.164454 0.245526
v 1.518451 0.161881 0.243937
v 1.529231 0.192891 0.269327
v 1.524340 0.193417 0.267799
v 1.519700 0.192916 0.265621
v 1.515580 0.191417 0.262917
v 1.512220 0.189006 0.259847
v 1.509815 0.185825 0.256588
v 1.508504 0.182058 0.253330
v 1.508364 0.177923 0.250261
v 1.509403 0.173662 0.247561
v 1.511560 0.169521 0.245387
v 1.514711 0.165742 0.243864
v 1.518672 0.162544 0.243081
v 1.529672 0.193462 0.268490
v 1.525197 0.194526 0.266173
v 1.520922 0.194499 0.263299
v 1.517097 0.193381 0.260037
v 1.513943 0.191238 0.256574
v 1.511643 0.188194 0.253113
v 1.510333 0.184427 0.249855
v 1.510086 0.180155 0.246988
v 1.510919 0.175626 0.244681
v 1.512782 0.171104 0.243065
v 1.515567 0.166851 0.242237
v 1.519113 0.163115 0.242243
v 1.530312 0.193914 0.267709
v 1.526439 0.195404 0.264658
v 1.522695 0.195751 0.261138
v 1.519297 0.194935 0.257354
v 1.516443 0.193004 0.253526
v 1.514298 0.190069 0.249877
v 1.512987 0.186302 0.246619
v 1.512587 0.181921 0.243941
v 1.513120 0.177180 0.241998
v 1.514555 0.172356 0.240904
v 1.516810 0.167729 0.240722
v 1.519753 0.163567 0.241463
v 1.531121 0.194226 0.267024
v 1.528011 0.196010 0.263326
v 1.524937 0.196615 0.259237
v 1.522080 0.196007 0.254995
v 1.519604 0.194222 0.250846
v 1.517655 0.191362 0.247032
v 1.516344 0.187595 0.243773
v 1.515748 0.183139 0.241261
v 1.515902 0.178252 0.239639
v 1.516798 0.173220 0.239003
v 1.518381 0.168334 0.239390
v 1.520562 0.163879 0.240777
v 1.532061 0.194383 0.266464
v 1.529837 0.196314 0.262239
v 1.527543 0.197050 0.257686
v 1.525314 0.196547 0.253070
v 1.523279 0.194835 0.248659
v 1.521556 0.192013 0.244710
v 1.520245 0.188246 0.241452
v 1.519423 0.183751 0.239074
v 1.519137 0.178792 0.237714
v 1.519403 0.173655 0.237452
v 1.520208 0.168639 0.238303
v 1.521503 0.164036 0.240217
v 1.533089 0.194378 0.266056
v 1.531833 0.196304 0.261448
v 1.530391 0.197035 0.256557
v 1.528849 0.196528 0.251669
v 1.527295 0.194814 0.247068
v 1.525820 0.191991 0.243020
v 1.524509 0.188223 0.239762
v 1.523439 0.183731 0.237482
v 1.522671 0.178773 0.236313
v 1.522252 0.173640 0.236324
v 1.522204 0.168629 0.237512
v 1.522530 0.164031 0.239810
v 1.534156 0.194210 0.265821
v 1.533905 0.195979 0.260990
v 1.533348 0.196571 0.255904
v 1.532519 0.195953 0.250858
v 1.531464 0.194160 0.246146
v 1.530246 0.191297 0.242042
v 1.528935 0.187530 0.238783
v 1.527608 0.183077 0.236560
v 1.526341 0.178198 0.235502
v 1.525208 0.173177 0.235670
v 1.524276 0.168304 0.237054
v 1.523598 0.163863 0.239574
v 1.535213 0.193889 0.265767
v 1.535957 0.195355 0.260886
v 1.536276 0.195681 0.255756
v 1.536152 0.194848 0.250674
v 1.535592 0.192905 0.245937
v 1.534629 0.189964 0.241820
v 1.533318 0.186197 0.238562
v 1.531736 0.181821 0.236352
v 1.529974 0.177093 0.235318
v 1.528136 0.172286 0.235522
v 1.526328 0.167680 0.236950
v 1.524654 0.163542 0.239520
v 1.536209 0.193429 0.265899
v 1.537892 0.194461 0.261141
v 1.539037 0.194405 0.256120
v 1.539579 0.193265 0.251127
v 1.539486 0.191106 0.246451
v 1.538763 0.188054 0.242366
v 1.537452 0.184286 0.239107
v 1.535629 0.180022 0.236865
v 1.533401 0.175510 0.235771
v 1.530897 0.171010 0.235886
v 1.528263 0.166786 0.237206
v 1.525651 0.163082 0.239652
v 1.537099 0.192851 0.266209
v 1.539620 0.193338 0.261744
v 1.541503 0.192803 0.256980
v 1.542639 0.191277 0.252194
v 1.542963 0.188847 0.247664
v 1.542454 0.185656 0.243653
v 1.541143 0.181889 0.240395
v 1.539106 0.177764 0.238078
v 1.536462 0.173522 0.236838
v 1.533363 0.169408 0.236746
v 1.529991 0.165663 0.237808
v 1.526541 0.162503 0.239962
v 1.537841 0.192182 0.266684
v 1.541060 0.192040 0.262666
v 1.543558 0.190951 0.258295
v 1.545190 0.188978 0.253826
v 1.545861 0.186235 0.249518
v 1.545531 0.182883 0.245622
v 1.544220 0.179115 0.242363
v 1.542004 0.175152 0.239932
v 1.539013 0.171223 0.238470
v 1.535419 0.167556 0.238061
v 1.531431 0.164365 0.238730
v 1.527282 0.161835 0.240437
v 1.538400 0.191454 0.267300
v 1.542145 0.190627 0.263863
v 1.545107 0.188934 0.260004
v 1.547112 0.186475 0.255947
v 1.548044 0.183391 0.251928
v 1.547849 0.179864 0.248180
v 1.546538 0.176096 0.244922
v 1.544188 0.172308 0.242342
v 1.540934 0.168720 0.240591
v 1.536967 0.165539 0.239770
v 1.532516 0.162951 0.239928
v 1.527841 0.161107 0.241054
v 1.534088 0.191368 0.270116
v 1.538750 0.190701 0.268030
v 1.542825 0.189164 0.265281
v 1.546076 0.186847 0.262027
v 1.548315 0.183885 0.258457
v 1.549411 0.180449 0.254780
v 1.549300 0.176740 0.251208
v 1.547989 0.172972 0.247950
v 1.545554 0.169366 0.245194
v 1.542137 0.166130 0.243101
v 1.537936 0.163452 0.241793
v 1.533196 0.161489 0.241345
v 1.528191 0.160354 0.241784
v 1.538874 0.189958 0.268840
v 1.543067 0.187721 0.266852
v 1.546421 0.184788 0.264269
v 1.548743 0.181329 0.261240
v 1.549897 0.177546 0.257941
v 1.549816 0.173657 0.254565
v 1.548505 0.169890 0.251306
v 1.546041 0.166462 0.248356
v 1.542565 0.163574 0.245884
v 1.538281 0.161393 0.244035
v 1.533437 0.160046 0.242916
v 1.528315 0.159611 0.242593
v 1.538767 0.189260 0.269690
v 1.542859 0.186365 0.268504
v 1.546125 0.182853 0.266625
v 1.548375 0.178928 0.264165
v 1.549479 0.174817 0.261264
v 1.549373 0.170760 0.258092
v 1.548062 0.166993 0.254834
v 1.545623 0.163734 0.251678
v 1.542198 0.161173 0.248809
v 1.537985 0.159458 0.246392
v 1.533230 0.158690 0.244568
v 1.528209 0.158912 0.243443
v 1.538434 0.188639 0.270542
v 1.542212 0.185159 0.270158
v 1.545202 0.181132 0.268986
v 1.547230 0.176792 0.267094
v 1.548179 0.172391 0.264593
v 1.547992 0.168184 0.261627
v 1.546681 0.164417 0.258368
v 1.544322 0.161307 0.255007
v 1.541053 0.159037 0.251738
v 1.537063 0.157737 0.248752
v 1.532583 0.157484 0.246222
v 1.527876 0.158291 0.244295
v 1.537891 0.188124 0.271356
v 1.541157 0.184160 0.271738
v 1.543696 0.179706 0.271241
v 1.545361 0.175022 0.269893
v 1.546055 0.170380 0.267772
v 1.545737 0.166050 0.265002
v 1.544426 0.162282 0.261744
v 1.542198 0.159297 0.258186
v 1.539183 0.157267 0.254537
v 1.535556 0.156311 0.251007
v 1.531528 0.156485 0.247802
v 1.527332 0.157777 0.245109
v 1.537162 0.187740 0.272093
v 1.539742 0.183414 0.273170
v 1.541677 0.178642 0.273284
v 1.542855 0.173701 0.272428
v 1.543207 0.168879 0.270653
v 1.542713 0.164456 0.268060
v 1.541403 0.160689 0.264802
v 1.539351 0.157796 0.261067
v 1.536677 0.155946 0.257072
v 1.533537 0.155247 0.253050
v 1.530112 0.155739 0.249234
v 1.526603 0.157393 0.245846
v 1.536282 0.187504 0.272720
v 1.538033 0.182956 0.274387
v 1.539238 0.177989 0.275020
v 1.539828 0.172891 0.274583
v 1.539769 0.167959 0.273101
v 1.539063 0.163479 0.270659
v 1.537752 0.159711 0.267401
v 1.535913 0.156875 0.263515
v 1.533651 0.155136 0.259227
v 1.531098 0.154594 0.254786
v 1.528404 0.155281 0.250451
v 1.525723 0.157157 0.246473
v 1.535292 0.187428 0.273206
v 1.536110 0.182808 0.275331
v 1.536495 0.177778 0.276368
v 1.536424 0.172629 0.276255
v 1.535901 0.167661 0.275001
v 1.534957 0.163162 0.272677
v 1.533646 0.159395 0.269418
v 1.532045 0.156578 0.265415
v 1.530246 0.154874 0.260899
v 1.528355 0.154383 0.256134
v 1.526481 0.155133 0.251395
v 1.524733 0.157081 0.246959
v 1.534238 0.187515 0.273529
v 1.534064 0.182977 0.275959
v 1.532800 0.172927 0.277368
v 1.530586 0.163522 0.274019
v 1.529275 0.159755 0.270760
v 1.524435 0.155302 0.252024
v 1.523679 0.157168 0.247283
v 2.284299 0.042128 0.118943
v 2.243757 0.048483 0.127905
v 2.280921 0.043097 0.102975
v 2.240379 0.049452 0.111937
v 2.277586 0.060549 0.075515
v 2.237043 0.066904 0.084477
v 2.275854 0.086318 0.049411
v 2.235312 0.092673 0.058374
v 2.276537 0.108347 0.036879
v 2.235994 0.114701 0.045841
v 2.279313 0.116328 0.043781
v 2.238771 0.122682 0.052744
v 2.282886 0.106526 0.066889
v 2.242343 0.112881 0.075851
v 2.285581 0.083529 0.095389
v 2.245039 0.089883 0.104352
v 2.286140 0.058096 0.115947
v 2.245597 0.064451 0.124910
v 2.506387 -0.025088 0.107317
v 2.500675 -0.018732 0.076971
v 2.432718 0.054017 0.030268
v 2.490387 0.074940 -0.035980
v 2.490625 0.118425 -0.065734
v 2.494958 0.130880 -0.054962
v 2.499617 0.107353 -0.017211
v 2.437619 0.068104 0.042452
v 2.508819 0.004677 0.097217
v 1.949135 0.058082 0.196649
v 1.956609 0.062250 0.227504
v 1.942665 0.083326 0.149482
v 1.940226 0.126171 0.108073
v 1.942960 0.166569 0.091797
v 1.949587 0.185616 0.108272
v 1.957007 0.174402 0.149787
v 1.961747 0.138173 0.196917
v 1.961590 0.093880 0.227610
v 1.800346 0.071086 0.236194
v 1.808840 0.075823 0.271257
v 1.792993 0.099773 0.182594
v 1.790222 0.148461 0.135538
v 1.793329 0.194368 0.117043
v 1.800860 0.216014 0.135764
v 1.809292 0.203270 0.182941
v 1.814679 0.162099 0.236499
v 1.814500 0.111767 0.271378
v 1.618428 0.122595 0.260618
v 1.624835 0.126168 0.287069
v 1.612881 0.144236 0.220184
v 1.610790 0.180965 0.184686
v 1.613134 0.215596 0.170734
v 1.618815 0.231925 0.184856
v 1.625176 0.222311 0.220445
v 1.629240 0.191254 0.260848
v 1.629105 0.153284 0.287160
v 1.472072 0.183564 0.267343
v 1.474936 0.185161 0.279164
v 1.469594 0.193235 0.249274
v 1.468659 0.209649 0.233410
v 1.469707 0.225125 0.227175
v 1.472245 0.232422 0.233486
v 1.475088 0.228126 0.249391
v 1.476904 0.214247 0.267446
v 1.476844 0.197278 0.279204
v 1.537390 0.188982 0.286747
v 1.535599 0.178964 0.285748
v 1.531743 0.167881 0.276162
v 1.530438 0.166136 0.271495
v 1.529250 0.165587 0.266513
v 1.536985 0.198725 0.283158
v 1.535805 0.194418 0.285725
v 1.534431 0.189663 0.287150
v 1.532942 0.184737 0.287351
v 1.531426 0.179924 0.286316
v 1.529970 0.175506 0.284105
v 1.528659 0.171739 0.280847
v 1.527570 0.168841 0.276731
v 1.526765 0.166982 0.271995
v 1.526291 0.166268 0.266916
v 1.526176 0.166743 0.261789
v 1.526426 0.168378 0.256911
v 1.535952 0.199118 0.283118
v 1.533800 0.195182 0.285648
v 1.531569 0.190753 0.287041
v 1.529391 0.186089 0.287216
v 1.527392 0.181461 0.286163
v 1.525687 0.177137 0.283942
v 1.524376 0.173370 0.280684
v 1.523535 0.170377 0.276577
v 1.523214 0.168334 0.271860
v 1.523430 0.167358 0.266807
v 1.524171 0.167507 0.261713
v 1.525394 0.168771 0.256872
v 1.535004 0.199640 0.282896
v 1.531957 0.196196 0.285217
v 1.528940 0.192200 0.286426
v 1.526128 0.187885 0.286452
v 1.523685 0.183501 0.285295
v 1.521751 0.179304 0.283021
v 1.520440 0.175536 0.279762
v 1.519828 0.172418 0.275709
v 1.519951 0.170130 0.271096
v 1.520800 0.168805 0.266192
v 1.522328 0.168521 0.261281
v 1.524445 0.169293 0.256650
v 1.527028 0.171077 0.252566
v 1.534183 0.200267 0.282501
v 1.530364 0.197414 0.284450
v 1.526666 0.193938 0.285332
v 1.523306 0.190041 0.285094
v 1.520478 0.185951 0.283752
v 1.518347 0.181905 0.281383
v 1.517036 0.178137 0.278125
v 1.516622 0.174868 0.274166
v 1.517129 0.172286 0.269738
v 1.518527 0.170543 0.265098
v 1.520735 0.169738 0.260514
v 1.523624 0.169920 0.256255
v 1.533529 0.200970 0.281952
v 1.529094 0.198777 0.283384
v 1.524854 0.195884 0.283811
v 1.521057 0.192457 0.283207
v 1.517923 0.188695 0.281607
v 1.515634 0.184818 0.279106
v 1.514323 0.181051 0.275848
v 1.514066 0.177612 0.272022
v 1.514879 0.174701 0.267851
v 1.516714 0.172489 0.263577
v 1.519464 0.171102 0.259449
v 1.522970 0.170623 0.255706
v 1.533072 0.201714 0.281275
v 1.528206 0.200224 0.282069
v 1.523588 0.197948 0.281934
v 1.519485 0.195018 0.280877
v 1.516137 0.191605 0.278961
v 1.513738 0.187908 0.276296
v 1.512427 0.184140 0.273038
v 1.512281 0.180522 0.269375
v 1.513308 0.177263 0.265521
v 1.515448 0.174553 0.261700
v 1.518577 0.172549 0.258133
v 1.522513 0.171367 0.255029
v 1.532833 0.202467 0.280501
v 1.527743 0.201685 0.280566
v 1.522927 0.200033 0.279789
v 1.518665 0.197606 0.278215
v 1.515205 0.194545 0.275936
v 1.512749 0.191029 0.273085
v 1.511438 0.187262 0.269827
v 1.511349 0.183462 0.266351
v 1.512488 0.179851 0.262859
v 1.514787 0.176638 0.259555
v 1.518114 0.174010 0.256630
v 1.522275 0.172120 0.254254
v 1.532825 0.203192 0.279666
v 1.527726 0.203093 0.278945
v 1.522902 0.202042 0.277476
v 1.518635 0.200099 0.275345
v 1.515171 0.197378 0.272675
v 1.512712 0.194037 0.269623
v 1.511401 0.190269 0.266364
v 1.511315 0.186295 0.263090
v 1.512457 0.182344 0.259989
v 1.514762 0.178647 0.257242
v 1.518096 0.175418 0.255009
v 1.522266 0.172845 0.253420
v 1.533046 0.203855 0.278810
v 1.528155 0.204382 0.277282
v 1.523515 0.203880 0.275103
v 1.519395 0.202381 0.272400
v 1.516035 0.199971 0.269330
v 1.513629 0.196789 0.266071
v 1.512319 0.193022 0.262813
v 1.512179 0.188887 0.259744
v 1.513218 0.184626 0.257044
v 1.515375 0.180485 0.254869
v 1.518526 0.176706 0.253346
v 1.522487 0.173508 0.252563
v 1.533487 0.204427 0.277972
v 1.529011 0.205491 0.275655
v 1.524737 0.205463 0.272782
v 1.520911 0.204345 0.269519
v 1.517757 0.202202 0.266057
v 1.515458 0.199158 0.262596
v 1.514148 0.195391 0.259337
v 1.513901 0.191119 0.256471
v 1.514734 0.186590 0.254163
v 1.516597 0.182068 0.252548
v 1.519382 0.177815 0.251720
v 1.522928 0.174080 0.251726
v 1.534127 0.204879 0.277192
v 1.530254 0.206368 0.274140
v 1.526510 0.206715 0.270620
v 1.523112 0.205900 0.266837
v 1.520258 0.203968 0.263009
v 1.518113 0.201033 0.259360
v 1.516802 0.197266 0.256102
v 1.516402 0.192885 0.253423
v 1.516935 0.188144 0.251481
v 1.518370 0.183321 0.250387
v 1.520625 0.178693 0.250205
v 1.523568 0.174532 0.250946
v 1.534936 0.205190 0.276506
v 1.531825 0.206974 0.272808
v 1.528752 0.207579 0.268720
v 1.525895 0.206971 0.264478
v 1.523419 0.205186 0.260329
v 1.521469 0.202326 0.256515
v 1.520159 0.198559 0.253256
v 1.519563 0.194103 0.250743
v 1.519717 0.189216 0.249122
v 1.520612 0.184184 0.248486
v 1.522196 0.179299 0.248873
v 1.524377 0.174843 0.250260
v 1.535876 0.205347 0.275947
v 1.533652 0.207278 0.271722
v 1.531358 0.208014 0.267169
v 1.529129 0.207511 0.262553
v 1.527094 0.205799 0.258142
v 1.525371 0.202977 0.254193
v 1.524060 0.199210 0.250934
v 1.523238 0.194716 0.248556
v 1.522951 0.189756 0.247197
v 1.523218 0.184619 0.246935
v 1.524023 0.179603 0.247786
v 1.525317 0.175000 0.249700
v 1.536904 0.205342 0.275539
v 1.535648 0.207268 0.270931
v 1.534206 0.207999 0.266040
v 1.532664 0.207493 0.261152
v 1.531110 0.205778 0.256551
v 1.529634 0.202955 0.252503
v 1.528323 0.199188 0.249245
v 1.527253 0.194695 0.246965
v 1.526486 0.189738 0.245796
v 1.526066 0.184604 0.245806
v 1.526019 0.179593 0.246995
v 1.526345 0.174995 0.249293
v 1.537971 0.205175 0.275303
v 1.537720 0.206943 0.270472
v 1.537163 0.207536 0.265386
v 1.536334 0.206917 0.260341
v 1.535279 0.205125 0.255629
v 1.534061 0.202261 0.251525
v 1.532750 0.198494 0.248266
v 1.531423 0.194041 0.246043
v 1.530156 0.189162 0.244985
v 1.529023 0.184141 0.245153
v 1.528091 0.179268 0.246537
v 1.527412 0.174828 0.249057
v 1.539028 0.204853 0.275250
v 1.539772 0.206319 0.270369
v 1.540091 0.206645 0.265238
v 1.539967 0.205812 0.260157
v 1.539407 0.203869 0.255420
v 1.538444 0.200928 0.251303
v 1.537133 0.197161 0.248044
v 1.535551 0.192786 0.245834
v 1.533789 0.188057 0.244801
v 1.531951 0.183250 0.245004
v 1.530142 0.178644 0.246433
v 1.528469 0.174506 0.249003
v 1.540024 0.204393 0.275381
v 1.541707 0.205425 0.270624
v 1.542852 0.205369 0.265603
v 1.543394 0.204229 0.260609
v 1.543300 0.202070 0.255934
v 1.542577 0.199018 0.251848
v 1.541266 0.195251 0.248590
v 1.539444 0.190987 0.246348
v 1.537216 0.186474 0.245253
v 1.534712 0.181974 0.245369
v 1.532078 0.177750 0.246688
v 1.529465 0.174046 0.249135
v 1.540914 0.203815 0.275692
v 1.543435 0.204302 0.271227
v 1.545318 0.203768 0.266463
v 1.546454 0.202241 0.261677
v 1.546777 0.199811 0.257146
v 1.546269 0.196620 0.253136
v 1.544958 0.192853 0.249877
v 1.542921 0.188728 0.247561
v 1.540277 0.184486 0.246321
v 1.537178 0.180373 0.246229
v 1.533806 0.176627 0.247291
v 1.530355 0.173468 0.249445
v 1.541656 0.203146 0.276166
v 1.544875 0.203004 0.272148
v 1.547373 0.201915 0.267778
v 1.549005 0.199942 0.263309
v 1.549675 0.197199 0.259001
v 1.549346 0.193847 0.255104
v 1.548035 0.190080 0.251846
v 1.545819 0.186116 0.249415
v 1.542827 0.182187 0.247953
v 1.539233 0.178520 0.247544
v 1.535246 0.175329 0.248213
v 1.531097 0.172799 0.249920
v 1.542215 0.202418 0.276783
v 1.545960 0.201591 0.273346
v 1.548922 0.199898 0.269487
v 1.550927 0.197439 0.265430
v 1.551859 0.194356 0.261410
v 1.551664 0.190828 0.257663
v 1.550353 0.187060 0.254404
v 1.548002 0.183272 0.251825
v 1.544749 0.179684 0.250074
v 1.540782 0.176503 0.249253
v 1.536331 0.173916 0.249410
v 1.531656 0.172071 0.250536
v 1.537902 0.202333 0.279598
v 1.542565 0.201665 0.277513
v 1.546640 0.200128 0.274764
v 1.549891 0.197811 0.271510
v 1.552130 0.194849 0.267940
v 1.553226 0.191413 0.264263
v 1.553115 0.187704 0.260691
v 1.551804 0.183937 0.257433
v 1.549369 0.180330 0.254677
v 1.545952 0.177094 0.252584
v 1.541751 0.174417 0.251276
v 1.537011 0.172453 0.250828
v 1.532006 0.171318 0.251267
v 1.542689 0.200922 0.278322
v 1.546881 0.198685 0.276335
v 1.550236 0.195752 0.273752
v 1.552557 0.192294 0.270723
v 1.553712 0.188510 0.267424
v 1.553631 0.184621 0.264047
v 1.552320 0.180854 0.260789
v 1.549855 0.177427 0.257838
v 1.546380 0.174538 0.255367
v 1.542096 0.172357 0.253518
v 1.537252 0.171010 0.252399
v 1.532130 0.170575 0.252076
v 1.542582 0.200224 0.279173
v 1.546674 0.197329 0.277986
v 1.549940 0.193817 0.276108
v 1.552190 0.189892 0.273647
v 1.553294 0.185781 0.270747
v 1.553188 0.181724 0.267575
v 1.551877 0.177957 0.264317
v 1.549438 0.174698 0.261161
v 1.546013 0.172137 0.258291
v 1.541800 0.170422 0.255874
v 1.537045 0.169654 0.254051
v 1.532023 0.169877 0.252926
v 1.542249 0.199603 0.280025
v 1.546027 0.196123 0.279641
v 1.549017 0.192096 0.278469
v 1.551045 0.187756 0.276577
v 1.551993 0.183355 0.274076
v 1.551807 0.179148 0.271109
v 1.550496 0.175381 0.267851
v 1.548137 0.172272 0.264490
v 1.544868 0.170001 0.261221
v 1.540877 0.168701 0.258235
v 1.536398 0.168448 0.255705
v 1.531690 0.169256 0.253778
v 1.541706 0.199088 0.280838
v 1.544972 0.195124 0.281221
v 1.547511 0.190670 0.280724
v 1.549176 0.185987 0.279375
v 1.549869 0.181344 0.277255
v 1.549552 0.177014 0.274485
v 1.548241 0.173246 0.271226
v 1.546013 0.170261 0.267669
v 1.542998 0.168232 0.264019
v 1.539371 0.167276 0.260490
v 1.535342 0.167449 0.257285
v 1.531147 0.168741 0.254592
v 1.540977 0.198704 0.281576
v 1.543556 0.194378 0.282653
v 1.545491 0.189606 0.282767
v 1.546669 0.184666 0.281911
v 1.547022 0.179844 0.280135
v 1.546528 0.175420 0.277543
v 1.545218 0.171653 0.274285
v 1.543166 0.168760 0.270550
v 1.540492 0.166911 0.266555
v 1.537351 0.166211 0.262533
v 1.533927 0.166703 0.258717
v 1.530418 0.168357 0.255329
v 1.540097 0.198468 0.282202
v 1.541847 0.193920 0.283869
v 1.543053 0.188953 0.284503
v 1.543643 0.183855 0.284066
v 1.543584 0.178923 0.282583
v 1.542878 0.174443 0.280142
v 1.541567 0.170675 0.276884
v 1.539727 0.167840 0.272998
v 1.537466 0.166100 0.268710
v 1.534913 0.165558 0.264269
v 1.532218 0.166245 0.259934
v 1.529538 0.168121 0.255956
v 1.539107 0.198392 0.282689
v 1.539925 0.193772 0.284814
v 1.540310 0.188742 0.285850
v 1.540239 0.183593 0.285738
v 1.539716 0.178625 0.284484
v 1.538772 0.174127 0.282160
v 1.537461 0.170359 0.278901
v 1.535860 0.167542 0.274898
v 1.534061 0.165838 0.270382
v 1.532170 0.165347 0.265617
v 1.530296 0.166097 0.260878
v 1.528548 0.168045 0.256442
v 1.538053 0.198479 0.283012
v 1.537879 0.193941 0.285442
v 1.536615 0.183891 0.286851
v 1.534401 0.174487 0.283502
v 1.533090 0.170719 0.280243
v 1.528250 0.166266 0.261506
v 1.527494 0.168132 0.256766
vn 0.2545 0.7315 0.6326
vn -0.2545 -0.7315 -0.6326
vn 0.1820 -0.6787 0.7115
vn -0.3205 -0.5534 0.7688
vn 0.5170 -0.6557 0.5502
vn 0.5221 0.4467 -0.7265
vn 0.4612 -0.6668 0.5854
vn 0.9613 -0.2630 -0.0827
vn 0.2973 -0.6817 0.6686
vn -0.0466 -0.6441 0.7635
vn -0.8381 0.4932 -0.2331
vn -0.1538 0.6764 -0.7203
vn 0.4009 0.5155 -0.7573
vn -0.1119 0.6720 -0.7320
vn -0.5021 0.6590 -0.5600
vn -0.0389 0.6614 -0.7490
vn 0.9482 -0.3175 -0.0143
vn 0.9214 0.0153 -0.3884
vn 0.2615 0.5445 0.7970
vn 0.2099 0.5563 0.8040
vn -0.0938 -0.9617 0.2577
vn -0.0330 -0.8798 0.4743
vn -0.2286 -0.8348 0.5009
vn -0.2662 -0.9220 0.2812
vn 0.2529 0.3319 0.9088
vn 0.1545 0.3545 0.9222
vn -0.1491 -0.9885 0.0262
vn -0.2886 -0.9564 0.0452
vn 0.2298 0.1005 0.9680
vn 0.0903 0.1326 0.9870
vn -0.1960 -0.9585 -0.2072
vn -0.2945 -0.9358 -0.1938
vn 0.1934 -0.1363 0.9716
vn 0.0210 -0.0966 0.9951
vn -0.2317 -0.8731 -0.4290
vn -0.2833 -0.8612 -0.4220
vn 0.1461 -0.3650 0.9195
vn -0.0495 -0.3200 0.9461
vn 0.0904 -0.5727 0.8148
vn -0.1170 -0.5250 0.8430
vn 0.0295 -0.7476 0.6635
vn -0.1779 -0.6999 0.6918
vn 0.0593 0.3908 0.9186
vn -0.0446 0.1840 0.9819
vn -0.4235 -0.9050 0.0401
vn -0.3896 -0.8996 -0.1974
vn -0.1458 -0.0331 0.9888
vn -0.3332 -0.8422 -0.4239
vn -0.2385 -0.2480 0.9389
vn -0.3175 -0.4486 0.8354
vn -0.3784 -0.6235 0.6841
vn -0.4176 -0.7628 0.4937
vn 0.1600 0.5753 0.8021
vn -0.4330 -0.8585 0.2749
vn -0.3791 -0.8169 -0.4346
vn -0.4122 -0.1524 0.8983
vn -0.5018 -0.3472 0.7923
vn -0.5626 -0.5221 0.6410
vn -0.5913 -0.6672 0.4530
vn 0.1141 0.6006 0.7914
vn -0.5862 -0.7741 0.2390
vn -0.0281 0.4389 0.8981
vn -0.5474 -0.8368 0.0110
vn -0.1685 0.2522 0.9529
vn -0.4771 -0.8514 -0.2179
vn -0.2990 0.0513 0.9529
vn -0.7220 -0.4003 0.5643
vn -0.7416 -0.5524 0.3808
vn 0.0745 0.6309 0.7723
vn -0.7187 -0.6729 0.1753
vn -0.1037 0.4967 0.8617
vn -0.6546 -0.7549 -0.0405
vn -0.2757 0.3341 0.9013
vn -0.5527 -0.7937 -0.2543
vn -0.4315 0.1525 0.8891
vn -0.4187 -0.7866 -0.4537
vn -0.5624 -0.0376 0.8260
vn -0.6611 -0.2254 0.7156
vn -0.7400 -0.6632 -0.1122
vn -0.6130 -0.7289 -0.3049
vn -0.3611 0.4258 0.8297
vn -0.5371 0.2659 0.8005
vn -0.4503 -0.7527 -0.4802
vn -0.6822 0.0910 0.7255
vn -0.7881 -0.0891 0.6090
vn -0.8490 -0.2640 0.4578
vn -0.8613 -0.4238 0.2803
vn 0.0429 0.6648 0.7458
vn -0.8243 -0.5595 0.0866
vn -0.1640 0.5614 0.8111
vn -0.7659 0.2273 0.6015
vn -0.8769 0.0556 0.4775
vn -0.9377 -0.1193 0.3262
vn -0.9450 -0.2874 0.1563
vn 0.0208 0.7008 0.7130
vn -0.8981 -0.4392 -0.0228
vn -0.2061 0.6300 0.7487
vn -0.7997 -0.5659 -0.2007
vn -0.4208 0.5231 0.7412
vn -0.6551 -0.6603 -0.3673
vn -0.6109 0.3862 0.6911
vn -0.4724 -0.7167 -0.5130
vn 0.0092 0.7372 0.6756
vn -0.9886 -0.1497 0.0146
vn -0.9366 -0.3177 -0.1478
vn -0.2281 0.6994 0.6774
vn -0.8308 -0.4677 -0.3018
vn -0.4519 0.6213 0.6401
vn -0.6771 -0.5910 -0.4386
vn -0.6494 0.5077 0.5661
vn -0.4840 -0.6803 -0.5504
vn -0.8095 0.3651 0.4598
vn -0.9232 0.2017 0.3272
vn -0.9840 0.0268 0.1759
vn -0.8320 -0.3730 -0.4108
vn -0.6779 -0.5241 -0.5155
vn -0.4531 0.7160 0.5311
vn -0.6509 0.6248 0.4313
vn -0.4844 -0.6453 -0.5907
vn -0.8111 0.4978 0.3070
vn -0.9249 0.3425 0.1651
vn -0.9858 0.1676 0.0138
vn -0.9903 -0.0170 -0.1383
vn 0.0088 0.7722 0.6353
vn -0.9380 -0.2006 -0.2825
vn -0.2289 0.7662 0.6005
vn -0.8820 0.4713 -0.0012
vn -0.9428 0.2964 -0.1524
vn -0.9498 0.1045 -0.2950
vn 0.0195 0.8043 0.5939
vn -0.9023 -0.0935 -0.4208
vn -0.2085 0.8273 0.5216
vn -0.8031 -0.2863 -0.5226
vn -0.4242 0.8027 0.4193
vn -0.6575 -0.4630 -0.5944
vn -0.6151 0.7319 0.2931
vn -0.4737 -0.6132 -0.6321
vn -0.7707 0.6193 0.1502
vn -0.8690 0.2091 -0.4484
vn -0.8311 -0.0013 -0.5561
vn 0.0408 0.8319 0.5534
vn -0.1679 0.8800 0.4443
vn -0.7455 -0.2117 -0.6320
vn -0.3666 0.8773 0.3099
vn -0.6169 -0.4104 -0.6716
vn -0.5440 0.8241 0.1578
vn -0.4524 -0.5856 -0.6726
vn -0.6899 0.7239 -0.0032
vn -0.7964 0.5822 -0.1638
vn -0.8572 0.4073 -0.3151
vn -0.2830 0.9363 0.2080
vn -0.4406 0.8971 0.0318
vn -0.5579 -0.3687 -0.7435
vn -0.4215 -0.5638 -0.7103
vn -0.5728 0.8066 -0.1460
vn -0.6721 0.6700 -0.3153
vn -0.7329 0.4951 -0.4666
vn -0.7519 0.2918 -0.5912
vn 0.0717 0.8538 0.5157
vn -0.7278 0.0717 -0.6820
vn -0.1089 0.9216 0.3725
vn -0.6619 -0.1527 -0.7339
vn -0.5150 0.7305 -0.4485
vn -0.5758 0.5556 -0.5998
vn -0.6038 0.3489 -0.7168
vn 0.1109 0.8688 0.4825
vn -0.5971 0.1221 -0.7928
vn -0.0344 0.9504 0.3092
vn -0.5563 -0.1120 -0.8234
vn -0.1774 0.9770 0.1184
vn -0.4833 -0.3400 -0.8067
vn -0.3100 0.9475 -0.0789
vn -0.3824 -0.5487 -0.7435
vn -0.4246 0.8637 -0.2715
vn 0.1563 0.8764 0.4555
vn 0.0523 0.9648 0.2577
vn -0.4453 0.1474 -0.8832
vn -0.4334 -0.0915 -0.8965
vn -0.0545 0.9975 0.0453
vn -0.3966 -0.3255 -0.8583
vn -0.1581 0.9728 -0.1693
vn -0.3369 -0.5411 -0.7705
vn -0.2525 0.8924 -0.3740
vn -0.3323 0.7610 -0.5572
vn -0.3932 0.5861 -0.7085
vn -0.4316 0.3776 -0.8192
vn -0.3019 -0.3260 -0.8959
vn -0.2872 -0.5414 -0.7902
vn 0.0079 0.9719 -0.2351
vn -0.0643 0.8914 -0.4486
vn -0.1328 0.7599 -0.6363
vn -0.1936 0.5850 -0.7875
vn -0.2434 0.3766 -0.8938
vn 0.2060 0.8762 0.4358
vn -0.2793 0.1465 -0.9490
vn 0.1470 0.9643 0.2201
vn -0.2992 -0.0922 -0.9497
vn 0.0797 0.9968 -0.0079
vn 0.0745 0.7275 -0.6821
vn 0.0136 0.5526 -0.8334
vn -0.0480 0.3460 -0.9370
vn 0.2576 0.8681 0.4244
vn -0.1070 0.1195 -0.9870
vn 0.2454 0.9489 0.1984
vn -0.1598 -0.1141 -0.9805
vn 0.2191 0.9749 -0.0387
vn -0.2036 -0.3414 -0.9176
vn 0.1802 0.9449 -0.2732
vn -0.2356 -0.5495 -0.8016
vn 0.1311 0.8608 -0.4918
vn 0.0636 0.0676 -0.9957
vn -0.0219 -0.1560 -0.9875
vn 0.3427 0.9193 0.1935
vn 0.3570 0.9330 -0.0457
vn -0.1062 -0.3710 -0.9225
vn 0.3508 0.8930 -0.2818
vn -0.1846 -0.5650 -0.8042
vn 0.3245 0.8020 -0.5016
vn 0.2796 0.6651 -0.6925
vn 0.2188 0.4902 -0.8437
vn 0.1454 0.2872 -0.9468
vn 0.3086 0.8525 0.4218
vn 0.5117 0.8187 -0.2606
vn 0.5069 0.7177 -0.4775
vn -0.1364 -0.5873 -0.7978
vn 0.4731 0.5757 -0.6669
vn 0.4123 0.4008 -0.8182
vn 0.3278 0.2029 -0.9227
vn 0.3568 0.8303 0.4282
vn 0.2245 -0.0067 -0.9744
vn 0.4346 0.8769 0.2056
vn 0.1083 -0.2162 -0.9703
vn 0.4872 0.8728 -0.0285
vn -0.0144 -0.4135 -0.9104
vn 0.5851 0.2885 -0.7579
vn 0.4907 0.0971 -0.8659
vn 0.3998 0.8023 0.4432
vn 0.3682 -0.1001 -0.9243
vn 0.5166 0.8236 0.2342
vn 0.2245 -0.2916 -0.9298
vn 0.6034 0.7974 0.0120
vn 0.0676 -0.4667 -0.8818
vn 0.6554 0.7253 -0.2105
vn -0.0934 -0.6152 -0.7828
vn 0.6698 0.6118 -0.4207
vn 0.6459 0.4634 -0.6067
vn 0.4880 -0.2080 -0.8477
vn 0.3214 -0.3790 -0.8678
vn 0.5849 0.7620 0.2779
vn 0.7003 0.7100 0.0740
vn 0.1360 -0.5283 -0.8381
vn 0.7752 0.6174 -0.1338
vn -0.0576 -0.6475 -0.7599
vn 0.8056 0.4895 -0.3338
vn 0.7899 0.3336 -0.5145
vn 0.7291 0.1587 -0.6658
vn 0.6265 -0.0253 -0.7790
vn 0.4356 0.7700 0.4661
vn -0.0305 -0.6827 -0.7301
vn 0.9079 0.3562 -0.2209
vn 0.8984 0.1923 -0.3947
vn 0.8376 0.0174 -0.5460
vn 0.7288 -0.1586 -0.6661
vn 0.4627 0.7349 0.4959
vn 0.5782 -0.3255 -0.7481
vn 0.6364 0.6949 0.3348
vn 0.3943 -0.4740 -0.7873
vn 0.7732 0.6150 0.1546
vn 0.1875 -0.5954 -0.7812
vn 0.8654 0.4999 -0.0342
vn 0.9055 -0.1289 -0.4043
vn 0.7929 -0.2964 -0.5324
vn 0.4796 0.6985 0.5312
vn 0.6347 -0.4471 -0.6302
vn 0.6687 0.6255 0.4020
vn 0.4400 -0.5724 -0.6919
vn 0.8189 0.5166 0.2499
vn 0.2197 -0.6648 -0.7140
vn 0.9219 0.3783 0.0837
vn -0.0136 -0.7191 -0.6948
vn 0.9720 0.2183 -0.0872
vn 0.9664 0.0460 -0.2530
vn 0.6801 0.5570 0.4766
vn 0.8352 0.4196 0.3556
vn 0.4563 -0.6694 -0.5863
vn 0.2312 -0.7333 -0.6394
vn 0.9420 0.2583 0.2143
vn -0.0076 -0.7550 -0.6557
vn 0.9947 0.0823 0.0609
vn 0.9905 -0.0983 -0.0959
vn 0.9297 -0.2732 -0.2471
vn 0.8156 -0.4325 -0.3843
vn 0.4856 0.6625 0.5703
vn 0.6548 -0.5671 -0.4996
vn -0.0128 -0.7887 -0.6146
vn 0.9752 -0.0456 0.2166
vn 0.9698 -0.2339 0.0693
vn 0.9089 -0.4088 -0.0820
vn 0.7961 -0.5603 -0.2286
vn 0.4804 0.6288 0.6114
vn 0.6376 -0.6799 -0.3622
vn 0.6703 0.4927 0.5550
vn 0.4423 -0.7606 -0.4752
vn 0.8212 0.3284 0.4666
vn 0.2213 -0.7977 -0.5610
vn 0.9248 0.1455 0.3516
vn 0.4643 0.5988 0.6526
vn 0.7351 -0.6740 -0.0726
vn 0.5838 -0.7802 -0.2247
vn 0.6396 0.4354 0.6335
vn 0.3988 -0.8417 -0.3640
vn 0.7777 0.2473 0.5779
vn 0.1907 -0.8549 -0.4825
vn 0.8710 0.0452 0.4892
vn -0.0289 -0.8188 -0.5734
vn 0.9142 -0.1592 0.3726
vn 0.9051 -0.3545 0.2347
vn 0.8443 -0.5294 0.0834
vn 0.3278 -0.9089 -0.2577
vn 0.1406 -0.9023 -0.4075
vn 0.7067 0.1801 0.6842
vn 0.7832 -0.0379 0.6206
vn -0.0552 -0.8436 -0.5341
vn 0.8147 -0.2535 0.5215
vn 0.7996 -0.4544 0.3927
vn 0.7387 -0.6293 0.2414
vn 0.6356 -0.7682 0.0763
vn 0.4380 0.5739 0.6919
vn 0.4960 -0.8633 -0.0933
vn 0.5895 0.3880 0.7085
vn 0.6813 -0.3238 0.6565
vn 0.6581 -0.5290 0.5359
vn 0.5972 -0.7039 0.3846
vn 0.5022 -0.8386 0.2113
vn 0.4028 0.5553 0.7276
vn 0.3783 -0.9253 0.0258
vn 0.5223 0.3526 0.7764
vn 0.2327 -0.9591 -0.1614
vn 0.6116 0.1299 0.7805
vn 0.0734 -0.9377 -0.3396
vn 0.6655 -0.0999 0.7397
vn -0.0904 -0.8622 -0.4984
vn 0.3411 -0.8817 0.3260
vn 0.2362 -0.9634 0.1270
vn 0.3603 0.5439 0.7578
vn 0.4412 0.3309 0.8341
vn 0.1177 -0.9899 -0.0796
vn 0.4966 0.0991 0.8623
vn -0.0077 -0.9594 -0.2818
vn 0.5234 -0.1380 0.8408
vn -0.1329 -0.8736 -0.4682
vn 0.5202 -0.3669 0.7712
vn 0.4872 -0.5747 0.6575
vn 0.4263 -0.7496 0.5063
vn 0.3674 0.0892 0.9258
vn 0.3636 -0.1503 0.9194
vn -0.0989 -0.9665 -0.2370
vn -0.1808 -0.8773 -0.4447
vn 0.3390 -0.3809 0.8603
vn 0.2950 -0.5895 0.7520
vn 0.2341 -0.7644 0.6007
vn 0.1598 -0.8957 0.4150
vn 0.3124 0.5403 0.7813
vn 0.0764 -0.9757 0.2055
vn 0.3500 0.3239 0.8790
vn -0.0115 -0.9998 -0.0161
vn -0.1604 -0.9867 -0.0259
vn -0.2409 -0.8321 -0.4996
vn -0.2573 -0.6962 -0.6702
vn -0.2602 -0.4714 -0.8427
vn -0.0604 0.6649 -0.7445
vn 0.2204 0.9098 0.3518
vn 0.2510 0.7648 0.5934
vn -0.1584 -0.8659 -0.4746
vn 0.2610 0.6103 0.7479
vn 0.2361 0.1528 0.9596
vn 0.2551 0.7368 0.6261
vn 0.9762 -0.1442 -0.1622
vn 0.2767 0.6874 0.6715
vn 0.1622 0.8746 0.4570
vn -0.3427 0.6799 -0.6483
vn -0.3480 -0.5050 -0.7899
vn -0.2865 -0.9534 -0.0946
vn -0.2324 -0.8041 -0.5473
vn -0.2539 -0.7261 -0.6390
vn 0.1360 0.2610 0.9557
vn -0.1940 -0.8757 -0.4421
vn 0.3345 0.0093 0.9424
vn 0.3373 0.5588 0.7576
vn 0.3131 0.7624 0.5663
vn 0.2598 0.9305 0.2584
vn -0.0027 0.6547 -0.7559
vn -0.2035 -0.4010 -0.8932
vn -0.0157 -0.9973 0.0718
vn -0.1937 -0.6940 -0.6934
vn -0.2442 -0.9514 0.1877
vn 0.2796 -0.0472 0.9590
vn 0.2335 0.9484 0.2145
vn -0.2285 -0.6833 -0.6935
vn 0.2788 0.7747 0.5675
vn -0.2189 -0.3518 -0.9101
vn -0.0478 -0.9883 0.1451
vn 0.2995 0.5427 0.7847
vn -0.0057 0.6553 -0.7554
vn 0.1452 0.7914 0.5938
vn 0.1937 0.5583 0.8067
vn -0.1366 0.6748 -0.7253
vn -0.2990 -0.8578 -0.4181
vn 0.0812 -0.0161 0.9966
vn 0.1470 0.9612 0.2334
vn -0.3065 -0.6705 -0.6757
vn 0.2004 0.7864 0.5843
vn -0.3051 -0.3380 -0.8903
vn -0.9652 0.1513 0.2134
vn -0.3648 -0.3266 -0.8719
vn -0.3676 -0.9057 0.2114
vn 0.1206 0.5651 0.8161
vn -0.2285 0.6811 -0.6956
vn -0.3682 -0.8398 -0.3990
vn -0.0508 0.0047 0.9987
vn 0.0848 0.9656 0.2457
vn -0.3595 -0.6590 -0.6607
vn 0.4263 -0.7496 0.5062
vt 0.698666 0.094351
vt 0.684203 0.068639
vt 0.691217 0.051550
vt 0.704394 0.065840
vt 0.709506 0.050542
vt 0.759308 0.057258
vt 0.802821 0.040244
vt 0.807357 0.073804
vt 0.782691 0.137153
vt 0.785163 0.179274
vt 0.806896 0.210898
vt 0.807357 0.241889
vt 0.704955 0.327620
vt 0.681955 0.226104
vt 0.685438 0.200999
vt 0.697146 0.197578
vt 0.916048 0.094351
vt 0.917568 0.197578
vt 0.929276 0.200999
vt 0.932758 0.226104
vt 0.909759 0.327620
vt 0.807818 0.210898
vt 0.829551 0.179274
vt 0.832023 0.137153
vt 0.811893 0.040244
vt 0.855406 0.057258
vt 0.905208 0.050542
vt 0.910320 0.065840
vt 0.923497 0.051550
vt 0.930511 0.068639
vt 0.935776 0.140151
vt 0.935776 0.040244
vt 0.938794 0.040244
vt 0.938794 0.140151
vt 0.935776 0.168564
vt 0.938794 0.168564
vt 0.935776 0.183497
vt 0.938794 0.183497
vt 0.938794 0.147680
vt 0.938794 0.133923
vt 0.941812 0.133923
vt 0.941812 0.147680
vt 0.938794 0.161324
vt 0.938794 0.147680
vt 0.941812 0.147680
vt 0.941812 0.161324
vt 0.938794 0.173450
vt 0.941812 0.173450
vt 0.935776 0.311128
vt 0.935776 0.287571
vt 0.938794 0.287571
vt 0.938794 0.311128
vt 0.932758 0.331270
vt 0.932758 0.241551
vt 0.935776 0.241551
vt 0.935776 0.331270
vt 0.932758 0.210603
vt 0.935776 0.210603
vt 0.932758 0.179864
vt 0.935776 0.179864
vt 0.932758 0.137874
vt 0.935776 0.137874
vt 0.932758 0.073598
vt 0.935776 0.073598
vt 0.932759 0.040244
vt 0.935776 0.040244
vt 0.938794 0.088108
vt 0.941812 0.088108
vt 0.941812 0.040244
vt 0.544438 0.841403
vt 0.538748 0.866788
vt 0.533058 0.841403
vt 0.544438 0.638321
vt 0.544438 0.663706
vt 0.533058 0.663706
vt 0.533058 0.638321
vt 0.544438 0.816018
vt 0.533058 0.816018
vt 0.544438 0.612936
vt 0.533058 0.612936
vt 0.544438 0.790633
vt 0.533058 0.790633
vt 0.544438 0.587551
vt 0.533058 0.587551
vt 0.544438 0.765247
vt 0.533058 0.765247
vt 0.544438 0.562165
vt 0.533058 0.562165
vt 0.544438 0.739862
vt 0.533058 0.739862
vt 0.538748 0.536780
vt 0.544438 0.714477
vt 0.533058 0.714477
vt 0.544438 0.689092
vt 0.533058 0.689092
vt 0.521679 0.816018
vt 0.521679 0.790633
vt 0.521679 0.612936
vt 0.521679 0.587551
vt 0.521679 0.765247
vt 0.521679 0.562165
vt 0.521679 0.739862
vt 0.527369 0.536780
vt 0.521679 0.714477
vt 0.521679 0.689092
vt 0.521679 0.663706
vt 0.527369 0.866788
vt 0.521679 0.841403
vt 0.521679 0.638321
vt 0.515989 0.536780
vt 0.510299 0.562165
vt 0.510299 0.739862
vt 0.510299 0.714477
vt 0.510299 0.689092
vt 0.510299 0.663706
vt 0.515989 0.866788
vt 0.510299 0.841403
vt 0.510299 0.638321
vt 0.510299 0.816018
vt 0.510299 0.612936
vt 0.510299 0.790633
vt 0.510299 0.587551
vt 0.510299 0.765247
vt 0.498920 0.689092
vt 0.498920 0.663706
vt 0.504609 0.866788
vt 0.498920 0.841403
vt 0.498920 0.638321
vt 0.498920 0.816018
vt 0.498920 0.612936
vt 0.498920 0.790633
vt 0.498920 0.587551
vt 0.498920 0.765247
vt 0.498920 0.562165
vt 0.498920 0.739862
vt 0.504609 0.536780
vt 0.498920 0.714477
vt 0.487540 0.612936
vt 0.487540 0.587551
vt 0.487540 0.790633
vt 0.487540 0.765247
vt 0.487540 0.562165
vt 0.487540 0.739862
vt 0.493230 0.536780
vt 0.487540 0.714477
vt 0.487540 0.689092
vt 0.487540 0.663706
vt 0.493230 0.866788
vt 0.487540 0.841403
vt 0.487540 0.638321
vt 0.487540 0.816018
vt 0.476160 0.739862
vt 0.476160 0.714477
vt 0.476160 0.689092
vt 0.476160 0.663706
vt 0.481850 0.866788
vt 0.476160 0.841403
vt 0.476160 0.638321
vt 0.476160 0.816018
vt 0.476160 0.612936
vt 0.476160 0.790633
vt 0.476160 0.587551
vt 0.476160 0.765247
vt 0.476160 0.562165
vt 0.481850 0.536780
vt 0.470471 0.866788
vt 0.464781 0.841403
vt 0.464781 0.663706
vt 0.464781 0.638321
vt 0.464781 0.816018
vt 0.464781 0.612936
vt 0.464781 0.790633
vt 0.464781 0.587551
vt 0.464781 0.765247
vt 0.464781 0.562165
vt 0.464781 0.739862
vt 0.470471 0.536780
vt 0.464781 0.714477
vt 0.464781 0.689092
vt 0.453401 0.612936
vt 0.453401 0.587551
vt 0.453401 0.790633
vt 0.453401 0.765247
vt 0.453401 0.562165
vt 0.453401 0.739862
vt 0.459091 0.536780
vt 0.453401 0.714477
vt 0.453401 0.689092
vt 0.453401 0.663706
vt 0.459091 0.866788
vt 0.453401 0.841403
vt 0.453401 0.638321
vt 0.453401 0.816018
vt 0.442022 0.714477
vt 0.442022 0.689092
vt 0.442022 0.663706
vt 0.447711 0.866788
vt 0.442022 0.841403
vt 0.442022 0.638321
vt 0.442022 0.816018
vt 0.442022 0.612936
vt 0.442022 0.790633
vt 0.442022 0.587551
vt 0.442022 0.765247
vt 0.442022 0.562165
vt 0.442022 0.739862
vt 0.447711 0.536780
vt 0.430642 0.663706
vt 0.430642 0.638321
vt 0.430642 0.841403
vt 0.430642 0.816018
vt 0.430642 0.612936
vt 0.430642 0.790633
vt 0.430642 0.587551
vt 0.430642 0.765247
vt 0.430642 0.562165
vt 0.430642 0.739862
vt 0.436332 0.536780
vt 0.430642 0.714477
vt 0.430642 0.689092
vt 0.436332 0.866788
vt 0.419262 0.790633
vt 0.419262 0.765247
vt 0.419262 0.587551
vt 0.419262 0.562165
vt 0.419262 0.739862
vt 0.424952 0.536780
vt 0.419262 0.714477
vt 0.419262 0.689092
vt 0.419262 0.663706
vt 0.424952 0.866788
vt 0.419262 0.841403
vt 0.419262 0.638321
vt 0.419262 0.816018
vt 0.419262 0.612936
vt 0.407883 0.714477
vt 0.407883 0.689092
vt 0.407883 0.663706
vt 0.413573 0.866788
vt 0.407883 0.841403
vt 0.407883 0.638321
vt 0.407883 0.816018
vt 0.407883 0.612936
vt 0.407883 0.790633
vt 0.407883 0.587551
vt 0.407883 0.765247
vt 0.407883 0.562165
vt 0.407883 0.739862
vt 0.413573 0.536780
vt 0.396503 0.841403
vt 0.396503 0.816018
vt 0.396503 0.638321
vt 0.396503 0.612936
vt 0.396503 0.790633
vt 0.396503 0.587551
vt 0.396503 0.765247
vt 0.396503 0.562165
vt 0.396503 0.739862
vt 0.402193 0.536780
vt 0.396503 0.714477
vt 0.396503 0.689092
vt 0.396503 0.663706
vt 0.402193 0.866788
vt 0.385124 0.587551
vt 0.385124 0.562165
vt 0.385124 0.765247
vt 0.385124 0.739862
vt 0.390813 0.536780
vt 0.385124 0.714477
vt 0.385124 0.689092
vt 0.385124 0.663706
vt 0.390813 0.866788
vt 0.385124 0.841403
vt 0.385124 0.638321
vt 0.385124 0.816018
vt 0.385124 0.612936
vt 0.385124 0.790633
vt 0.373744 0.714477
vt 0.373744 0.689092
vt 0.373744 0.663706
vt 0.379434 0.866788
vt 0.373744 0.841403
vt 0.373744 0.638321
vt 0.373744 0.816018
vt 0.373744 0.612936
vt 0.373744 0.790633
vt 0.373744 0.587551
vt 0.373744 0.765247
vt 0.373744 0.562165
vt 0.373744 0.739862
vt 0.379434 0.536780
vt 0.362364 0.638321
vt 0.362364 0.612936
vt 0.362364 0.816018
vt 0.362364 0.790633
vt 0.362364 0.587551
vt 0.362364 0.765247
vt 0.362364 0.562165
vt 0.362364 0.739862
vt 0.368054 0.536780
vt 0.362364 0.714477
vt 0.362364 0.689092
vt 0.362364 0.663706
vt 0.368054 0.866788
vt 0.362364 0.841403
vt 0.350985 0.765247
vt 0.350985 0.739862
vt 0.356675 0.536780
vt 0.350985 0.562165
vt 0.350985 0.714477
vt 0.350985 0.689092
vt 0.350985 0.663706
vt 0.356675 0.866788
vt 0.350985 0.841403
vt 0.350985 0.638321
vt 0.350985 0.816018
vt 0.350985 0.612936
vt 0.350985 0.790633
vt 0.350985 0.587551
vt 0.339605 0.689092
vt 0.339605 0.663706
vt 0.345295 0.866788
vt 0.339605 0.841403
vt 0.339605 0.638321
vt 0.339605 0.816018
vt 0.339605 0.612936
vt 0.339605 0.790633
vt 0.339605 0.587551
vt 0.339605 0.765247
vt 0.339605 0.562165
vt 0.339605 0.739862
vt 0.345295 0.536780
vt 0.339605 0.714477
vt 0.328226 0.638321
vt 0.328226 0.612936
vt 0.328226 0.816018
vt 0.328226 0.790633
vt 0.328226 0.587551
vt 0.328226 0.765247
vt 0.328226 0.562165
vt 0.328226 0.739862
vt 0.333915 0.536780
vt 0.328226 0.714477
vt 0.328226 0.689092
vt 0.328226 0.663706
vt 0.333915 0.866788
vt 0.328226 0.841403
vt 0.322536 0.536780
vt 0.316846 0.562165
vt 0.316846 0.739862
vt 0.316846 0.714477
vt 0.316846 0.689092
vt 0.316846 0.663706
vt 0.322536 0.866788
vt 0.316846 0.841403
vt 0.316846 0.638321
vt 0.316846 0.816018
vt 0.316846 0.612936
vt 0.316846 0.790633
vt 0.316846 0.587551
vt 0.316846 0.765247
vt 0.305466 0.689092
vt 0.305466 0.663706
vt 0.311156 0.866788
vt 0.305466 0.841403
vt 0.305466 0.638321
vt 0.305466 0.816018
vt 0.305466 0.612936
vt 0.305466 0.790633
vt 0.305466 0.587551
vt 0.305466 0.765247
vt 0.305466 0.562165
vt 0.305466 0.739862
vt 0.311156 0.536780
vt 0.305466 0.714477
vt 0.635475 0.790633
vt 0.635475 0.816018
vt 0.624095 0.816018
vt 0.624095 0.790633
vt 0.635475 0.587551
vt 0.635475 0.612936
vt 0.624095 0.612936
vt 0.624095 0.587551
vt 0.635475 0.765247
vt 0.624095 0.765247
vt 0.635475 0.562165
vt 0.624095 0.562165
vt 0.635475 0.739862
vt 0.624095 0.739862
vt 0.629785 0.536780
vt 0.635475 0.714477
vt 0.624095 0.714477
vt 0.635475 0.689092
vt 0.624095 0.689092
vt 0.635475 0.663706
vt 0.624095 0.663706
vt 0.635475 0.841403
vt 0.629785 0.866788
vt 0.624095 0.841403
vt 0.635475 0.638321
vt 0.624095 0.638321
vt 0.618405 0.536780
vt 0.612716 0.562165
vt 0.612716 0.739862
vt 0.612716 0.714477
vt 0.612716 0.689092
vt 0.612716 0.663706
vt 0.618405 0.866788
vt 0.612716 0.841403
vt 0.612716 0.638321
vt 0.612716 0.816018
vt 0.612716 0.612936
vt 0.612716 0.790633
vt 0.612716 0.587551
vt 0.612716 0.765247
vt 0.607026 0.866788
vt 0.601336 0.841403
vt 0.601336 0.663706
vt 0.601336 0.638321
vt 0.601336 0.816018
vt 0.601336 0.612936
vt 0.601336 0.790633
vt 0.601336 0.587551
vt 0.601336 0.765247
vt 0.601336 0.562165
vt 0.601336 0.739862
vt 0.607026 0.536780
vt 0.601336 0.714477
vt 0.601336 0.689092
vt 0.589956 0.612936
vt 0.589956 0.587551
vt 0.589956 0.790633
vt 0.589956 0.765247
vt 0.589956 0.562165
vt 0.589956 0.739862
vt 0.595646 0.536780
vt 0.589956 0.714477
vt 0.589956 0.689092
vt 0.589956 0.663706
vt 0.595646 0.866788
vt 0.589956 0.841403
vt 0.589956 0.638321
vt 0.589956 0.816018
vt 0.578577 0.739862
vt 0.578577 0.714477
vt 0.578577 0.689092
vt 0.578577 0.663706
vt 0.584267 0.866788
vt 0.578577 0.841403
vt 0.578577 0.638321
vt 0.578577 0.816018
vt 0.578577 0.612936
vt 0.578577 0.790633
vt 0.578577 0.587551
vt 0.578577 0.765247
vt 0.578577 0.562165
vt 0.584267 0.536780
vt 0.567197 0.663706
vt 0.567197 0.638321
vt 0.567197 0.841403
vt 0.567197 0.816018
vt 0.567197 0.612936
vt 0.567197 0.790633
vt 0.567197 0.587551
vt 0.567197 0.765247
vt 0.567197 0.562165
vt 0.567197 0.739862
vt 0.572887 0.536780
vt 0.567197 0.714477
vt 0.567197 0.689092
vt 0.572887 0.866788
vt 0.555818 0.790633
vt 0.555818 0.765247
vt 0.555818 0.587551
vt 0.555818 0.562165
vt 0.555818 0.739862
vt 0.561507 0.536780
vt 0.555818 0.714477
vt 0.555818 0.689092
vt 0.555818 0.663706
vt 0.561507 0.866788
vt 0.555818 0.841403
vt 0.555818 0.638321
vt 0.555818 0.816018
vt 0.555818 0.612936
vt 0.550128 0.866788
vt 0.550128 0.536780
vt 0.373365 0.370008
vt 0.371802 0.353292
vt 0.379953 0.353129
vt 0.381515 0.369845
vt 0.043646 0.370071
vt 0.043681 0.353343
vt 0.060364 0.353358
vt 0.060328 0.370086
vt 0.077913 0.353346
vt 0.077877 0.370075
vt 0.088116 0.353314
vt 0.088080 0.370042
vt 0.820932 0.212622
vt 0.820454 0.206925
vt 0.824707 0.206890
vt 0.825185 0.212587
vt 0.780415 0.212607
vt 0.780321 0.206906
vt 0.784784 0.206906
vt 0.784878 0.212608
vt 0.167972 0.370089
vt 0.167696 0.353361
vt 0.185913 0.353330
vt 0.186189 0.370058
vt 0.027052 0.233731
vt 0.054835 0.233770
vt 0.200727 0.353281
vt 0.201003 0.370009
vt 0.360097 0.370120
vt 0.358535 0.353404
vt 0.220556 0.460395
vt 0.176464 0.433927
vt 0.867641 0.098993
vt 0.873856 0.100410
vt 0.870015 0.104163
vt 0.875923 0.108077
vt 0.870808 0.110740
vt 0.864174 0.110740
vt 0.861143 0.108444
vt 0.862513 0.104163
vt 0.861390 0.100410
vt 0.145459 0.460551
vt 0.154876 0.370087
vt 0.122641 0.460570
vt 0.828970 0.243473
vt 0.822332 0.243527
vt 0.122641 0.460447
vt 0.100040 0.460500
vt 0.035635 0.370037
vt 0.027390 0.460500
vt 0.011334 0.460447
vt 0.068866 0.433930
vt 0.391741 0.460444
vt 0.369571 0.460604
vt 0.022008 0.172409
vt 0.053581 0.172453
vt 0.340492 0.234098
vt 0.370200 0.233811
vt 0.197243 0.233713
vt 0.220556 0.233620
vt 0.167458 0.233759
vt 0.154600 0.353359
vt 0.145140 0.233735
vt 0.814086 0.166220
vt 0.824237 0.166138
vt 0.272354 0.353415
vt 0.262786 0.353387
vt 0.230842 0.233997
vt 0.253672 0.233983
vt 0.391611 0.233440
vt 0.083035 0.233746
vt 0.391741 0.172130
vt 0.367411 0.172550
vt 0.353804 0.097435
vt 0.372159 0.097118
vt 0.333651 0.172876
vt 0.306258 0.233383
vt 0.283457 0.233740
vt 0.280347 0.172470
vt 0.306258 0.172064
vt 0.085627 0.172426
vt 0.165534 0.172441
vt 0.199381 0.172390
vt 0.220556 0.172761
vt 0.246500 0.172746
vt 0.316387 0.234167
vt 0.306258 0.172955
vt 0.811642 0.145350
vt 0.823178 0.145256
vt 0.190293 0.097265
vt 0.164761 0.097304
vt 0.165323 0.036746
vt 0.176733 0.036729
vt 0.307673 0.097741
vt 0.328337 0.097681
vt 0.810910 0.119737
vt 0.819612 0.119666
vt 0.034156 0.097276
vt 0.057974 0.097310
vt 0.269886 0.097386
vt 0.289433 0.097080
vt 0.082149 0.097289
vt 0.224781 0.097606
vt 0.244353 0.097594
vt 0.869673 0.114018
vt 0.865842 0.114228
vt 0.862473 0.113623
vt 0.861143 0.112484
vt 0.862473 0.111346
vt 0.865842 0.110740
vt 0.869673 0.110951
vt 0.872174 0.111879
vt 0.872174 0.113090
vt 0.237584 0.036964
vt 0.246330 0.036958
vt 0.337273 0.036870
vt 0.345476 0.036728
vt 0.316658 0.037007
vt 0.325892 0.036980
vt 0.811584 0.099071
vt 0.815473 0.099039
vt 0.053880 0.036728
vt 0.064524 0.036743
vt 0.257740 0.036865
vt 0.266476 0.036728
vt 0.075327 0.036734
s 0
f 4124/2621/2255 4121/2622/2255 4122/2623/2255 4123/2624/2255 4120/2625/2255 4135/2626/2255 4134/2627/2255 4133/2628/2255 4132/2629/2255 4131/2630/2255 4130/2631/2255 4129/2632/2255 4128/2633/2255 4127/2634/2255 4126/2635/2255 4125/2636/2255
f 4140/2637/2256 4141/2638/2256 4142/2639/2256 4143/2640/2256 4144/2641/2256 4145/2632/2256 4146/2642/2256 4147/2643/2256 4148/2644/2256 4149/2628/2256 4150/2645/2256 4151/2646/2256 4136/2647/2256 4139/2648/2256 4138/2649/2256 4137/2650/2256
f 4124/2651/2257 4125/2652/2257 4141/2653/2257 4140/2654/2257
f 4121/2655/2258 4124/2651/2258 4140/2654/2258 4137/2656/2258
f 4122/2657/2259 4121/2655/2259 4137/2656/2259 4138/2658/2259
f 4123/2659/2260 4122/2660/2260 4138/2661/2260 4139/2662/2260
f 4120/2663/2261 4123/2664/2261 4139/2665/2261 4136/2666/2261
f 4125/2667/2262 4126/2663/2262 4142/2666/2262 4141/2668/2262
f 4126/2669/2263 4127/2670/2263 4143/2671/2263 4142/2672/2263
f 4127/2670/2264 4128/2657/2264 4144/2658/2264 4143/2671/2264
f 4128/2673/2265 4129/2674/2265 4145/2675/2265 4144/2676/2265
f 4129/2674/2266 4130/2677/2266 4146/2678/2266 4145/2675/2266
f 4130/2677/2267 4131/2679/2267 4147/2680/2267 4146/2678/2267
f 4131/2679/2268 4132/2681/2268 4148/2682/2268 4147/2680/2268
f 4132/2681/2269 4133/2683/2269 4149/2684/2269 4148/2682/2269
f 4133/2683/2270 4134/2685/2270 4150/2686/2270 4149/2684/2270
f 4134/2660/2271 4135/2687/2271 4151/2688/2271 4150/2661/2271
f 4135/2687/2272 4120/2653/2272 4136/2689/2272 4151/2688/2272
s 1
f 4495/2690/2273 4398/2691/2255 4157/2692/2274
f 4155/2693/2275 4154/2694/2276 4164/2695/2277 4165/2696/2278
f 4496/2697/2279 4495/2690/2273 4157/2692/2274 4158/2698/2280
f 4156/2699/2281 4155/2693/2275 4165/2696/2278 4166/2700/2282
f 4152/2701/2283 4496/2697/2279 4158/2698/2280 4159/2702/2284
f 4500/2703/2285 4156/2699/2281 4166/2700/2282 4167/2704/2286
f 4497/2705/2287 4152/2701/2283 4159/2702/2284 4160/2706/2288
f 4501/2707/2289 4500/2703/2285 4167/2704/2286 4168/2708/2290
f 4153/2709/2291 4497/2705/2287 4160/2706/2288 4161/2710/2292
f 4193/2711/2256 4501/2707/2289 4168/2708/2290
f 4498/2712/2293 4153/2709/2291 4161/2710/2292 4162/2713/2294
f 4499/2714/2295 4498/2712/2293 4162/2713/2294 4163/2715/2296
f 4154/2694/2276 4499/2714/2295 4163/2715/2296 4164/2695/2277
f 4159/2702/2284 4158/2698/2280 4170/2716/2297 4171/2717/2298
f 4167/2704/2286 4166/2700/2282 4178/2718/2299 4179/2719/2300
f 4160/2706/2288 4159/2702/2284 4171/2717/2298 4172/2720/2301
f 4168/2708/2290 4167/2704/2286 4179/2719/2300 4180/2721/2302
f 4161/2710/2292 4160/2706/2288 4172/2720/2301 4173/2722/2303
f 4193/2723/2256 4168/2708/2290 4180/2721/2302
f 4162/2713/2294 4161/2710/2292 4173/2722/2303 4174/2724/2304
f 4163/2715/2296 4162/2713/2294 4174/2724/2304 4175/2725/2305
f 4164/2695/2277 4163/2715/2296 4175/2725/2305 4176/2726/2306
f 4157/2692/2274 4398/2727/2255 4169/2728/2307
f 4165/2696/2278 4164/2695/2277 4176/2726/2306 4177/2729/2308
f 4158/2698/2280 4157/2692/2274 4169/2728/2307 4170/2716/2297
f 4166/2700/2282 4165/2696/2278 4177/2729/2308 4178/2718/2299
f 4193/2730/2256 4180/2721/2302 4192/2731/2309
f 4174/2724/2304 4173/2722/2303 4185/2732/2310 4186/2733/2311
f 4175/2725/2305 4174/2724/2304 4186/2733/2311 4187/2734/2312
f 4176/2726/2306 4175/2725/2305 4187/2734/2312 4188/2735/2313
f 4169/2728/2307 4398/2736/2255 4181/2737/2314
f 4177/2729/2308 4176/2726/2306 4188/2735/2313 4189/2738/2315
f 4170/2716/2297 4169/2728/2307 4181/2737/2314 4182/2739/2316
f 4178/2718/2299 4177/2729/2308 4189/2738/2315 4190/2740/2317
f 4171/2717/2298 4170/2716/2297 4182/2739/2316 4183/2741/2318
f 4179/2719/2300 4178/2718/2299 4190/2740/2317 4191/2742/2319
f 4172/2720/2301 4171/2717/2298 4183/2741/2318 4184/2743/2320
f 4180/2721/2302 4179/2719/2300 4191/2742/2319 4192/2731/2309
f 4173/2722/2303 4172/2720/2301 4184/2743/2320 4185/2732/2310
f 4188/2735/2313 4187/2734/2312 4200/2744/2321 4201/2745/2322
f 4181/2737/2314 4398/2746/2255 4194/2747/2323
f 4189/2738/2315 4188/2735/2313 4201/2745/2322 4202/2748/2324
f 4182/2739/2316 4181/2737/2314 4194/2747/2323 4195/2749/2325
f 4190/2740/2317 4189/2738/2315 4202/2748/2324 4203/2750/2326
f 4183/2741/2318 4182/2739/2316 4195/2749/2325 4196/2751/2327
f 4191/2742/2319 4190/2740/2317 4203/2750/2326 4204/2752/2328
f 4184/2743/2320 4183/2741/2318 4196/2751/2327 4197/2753/2329
f 4192/2731/2309 4191/2742/2319 4204/2752/2328 4205/2754/2330
f 4185/2732/2310 4184/2743/2320 4197/2753/2329 4198/2755/2331
f 4193/2756/2256 4192/2731/2309 4205/2754/2330
f 4186/2733/2311 4185/2732/2310 4198/2755/2331 4199/2757/2332
f 4187/2734/2312 4186/2733/2311 4199/2757/2332 4200/2744/2321
f 4204/2752/2328 4203/2750/2326 4215/2758/2333 4216/2759/2334
f 4197/2753/2329 4196/2751/2327 4208/2760/2335 4209/2761/2336
f 4205/2754/2330 4204/2752/2328 4216/2759/2334 4217/2762/2337
f 4198/2755/2331 4197/2753/2329 4209/2761/2336 4210/2763/2338
f 4193/2764/2256 4205/2754/2330 4217/2762/2337
f 4199/2757/2332 4198/2755/2331 4210/2763/2338 4211/2765/2339
f 4200/2744/2321 4199/2757/2332 4211/2765/2339 4212/2766/2340
f 4201/2745/2322 4200/2744/2321 4212/2766/2340 4213/2767/2341
f 4194/2747/2323 4398/2768/2255 4206/2769/2342
f 4202/2748/2324 4201/2745/2322 4213/2767/2341 4214/2770/2343
f 4195/2749/2325 4194/2747/2323 4206/2769/2342 4207/2771/2344
f 4203/2750/2326 4202/2748/2324 4214/2770/2343 4215/2758/2333
f 4196/2751/2327 4195/2749/2325 4207/2771/2344 4208/2760/2335
f 4211/2765/2339 4210/2763/2338 4222/2772/2345 4223/2773/2346
f 4212/2766/2340 4211/2765/2339 4223/2773/2346 4224/2774/2347
f 4213/2767/2341 4212/2766/2340 4224/2774/2347 4225/2775/2348
f 4206/2769/2342 4398/2776/2255 4218/2777/2349
f 4214/2770/2343 4213/2767/2341 4225/2775/2348 4226/2778/2350
f 4207/2771/2344 4206/2769/2342 4218/2777/2349 4219/2779/2351
f 4215/2758/2333 4214/2770/2343 4226/2778/2350 4227/2780/2352
f 4208/2760/2335 4207/2771/2344 4219/2779/2351 4220/2781/2353
f 4216/2759/2334 4215/2758/2333 4227/2780/2352 4228/2782/2354
f 4209/2761/2336 4208/2760/2335 4220/2781/2353 4221/2783/2355
f 4217/2762/2337 4216/2759/2334 4228/2782/2354 4229/2784/2356
f 4210/2763/2338 4209/2761/2336 4221/2783/2355 4222/2772/2345
f 4193/2785/2256 4217/2762/2337 4229/2784/2356
f 4218/2777/2349 4398/2786/2255 4230/2787/2357
f 4226/2778/2350 4225/2775/2348 4237/2788/2358 4238/2789/2359
f 4219/2779/2351 4218/2777/2349 4230/2787/2357 4231/2790/2360
f 4227/2780/2352 4226/2778/2350 4238/2789/2359 4239/2791/2361
f 4220/2781/2353 4219/2779/2351 4231/2790/2360 4232/2792/2362
f 4228/2782/2354 4227/2780/2352 4239/2791/2361 4240/2793/2363
f 4221/2783/2355 4220/2781/2353 4232/2792/2362 4233/2794/2364
f 4229/2784/2356 4228/2782/2354 4240/2793/2363 4241/2795/2365
f 4222/2772/2345 4221/2783/2355 4233/2794/2364 4234/2796/2366
f 4193/2797/2256 4229/2784/2356 4241/2795/2365
f 4223/2773/2346 4222/2772/2345 4234/2796/2366 4235/2798/2367
f 4224/2774/2347 4223/2773/2346 4235/2798/2367 4236/2799/2368
f 4225/2775/2348 4224/2774/2347 4236/2799/2368 4237/2788/2358
f 4240/2793/2363 4239/2791/2361 4251/2800/2369 4252/2801/2370
f 4233/2794/2364 4232/2792/2362 4244/2802/2371 4245/2803/2372
f 4241/2795/2365 4240/2793/2363 4252/2801/2370 4253/2804/2373
f 4234/2796/2366 4233/2794/2364 4245/2803/2372 4246/2805/2374
f 4193/2806/2256 4241/2795/2365 4253/2804/2373
f 4235/2798/2367 4234/2796/2366 4246/2805/2374 4247/2807/2375
f 4236/2799/2368 4235/2798/2367 4247/2807/2375 4248/2808/2376
f 4237/2788/2358 4236/2799/2368 4248/2808/2376 4249/2809/2377
f 4230/2787/2357 4398/2810/2255 4242/2811/2378
f 4238/2789/2359 4237/2788/2358 4249/2809/2377 4250/2812/2379
f 4231/2790/2360 4230/2787/2357 4242/2811/2378 4243/2813/2380
f 4239/2791/2361 4238/2789/2359 4250/2812/2379 4251/2800/2369
f 4232/2792/2362 4231/2790/2360 4243/2813/2380 4244/2802/2371
f 4248/2808/2376 4247/2807/2375 4259/2814/2381 4260/2815/2382
f 4249/2809/2377 4248/2808/2376 4260/2815/2382 4261/2816/2383
f 4242/2811/2378 4398/2817/2255 4254/2818/2384
f 4250/2812/2379 4249/2809/2377 4261/2816/2383 4262/2819/2385
f 4243/2813/2380 4242/2811/2378 4254/2818/2384 4255/2820/2386
f 4251/2800/2369 4250/2812/2379 4262/2819/2385 4263/2821/2387
f 4244/2802/2371 4243/2813/2380 4255/2820/2386 4256/2822/2388
f 4252/2801/2370 4251/2800/2369 4263/2821/2387 4264/2823/2389
f 4245/2803/2372 4244/2802/2371 4256/2822/2388 4257/2824/2390
f 4253/2804/2373 4252/2801/2370 4264/2823/2389 4265/2825/2391
f 4246/2805/2374 4245/2803/2372 4257/2824/2390 4258/2826/2392
f 4193/2827/2256 4253/2804/2373 4265/2825/2391
f 4247/2807/2375 4246/2805/2374 4258/2826/2392 4259/2814/2381
f 4262/2819/2385 4261/2816/2383 4273/2828/2393 4274/2829/2394
f 4255/2820/2386 4254/2818/2384 4266/2830/2395 4267/2831/2396
f 4263/2821/2387 4262/2819/2385 4274/2829/2394 4275/2832/2397
f 4256/2822/2388 4255/2820/2386 4267/2831/2396 4268/2833/2398
f 4264/2823/2389 4263/2821/2387 4275/2832/2397 4276/2834/2399
f 4257/2824/2390 4256/2822/2388 4268/2833/2398 4269/2835/2400
f 4265/2825/2391 4264/2823/2389 4276/2834/2399 4277/2836/2401
f 4258/2826/2392 4257/2824/2390 4269/2835/2400 4270/2837/2402
f 4193/2838/2256 4265/2825/2391 4277/2836/2401
f 4259/2814/2381 4258/2826/2392 4270/2837/2402 4271/2839/2403
f 4260/2815/2382 4259/2814/2381 4271/2839/2403 4272/2840/2404
f 4261/2816/2383 4260/2815/2382 4272/2840/2404 4273/2828/2393
f 4254/2818/2384 4398/2841/2255 4266/2830/2395
f 4269/2835/2400 4268/2833/2398 4280/2842/2405 4281/2843/2406
f 4277/2836/2401 4276/2834/2399 4288/2844/2407 4289/2845/2408
f 4270/2837/2402 4269/2835/2400 4281/2843/2406 4282/2846/2409
f 4193/2847/2256 4277/2836/2401 4289/2845/2408
f 4271/2839/2403 4270/2837/2402 4282/2846/2409 4283/2848/2410
f 4272/2840/2404 4271/2839/2403 4283/2848/2410 4284/2849/2411
f 4273/2828/2393 4272/2840/2404 4284/2849/2411 4285/2850/2412
f 4266/2830/2395 4398/2851/2255 4278/2852/2413
f 4274/2829/2394 4273/2828/2393 4285/2850/2412 4286/2853/2414
f 4267/2831/2396 4266/2830/2395 4278/2852/2413 4279/2854/2415
f 4275/2832/2397 4274/2829/2394 4286/2853/2414 4287/2855/2416
f 4268/2833/2398 4267/2831/2396 4279/2854/2415 4280/2842/2405
f 4276/2834/2399 4275/2832/2397 4287/2855/2416 4288/2844/2407
f 4284/2849/2411 4283/2848/2410 4295/2856/2417 4296/2857/2418
f 4285/2850/2412 4284/2849/2411 4296/2857/2418 4297/2858/2419
f 4278/2852/2413 4398/2859/2255 4290/2860/2420
f 4286/2853/2414 4285/2850/2412 4297/2858/2419 4298/2861/2421
f 4279/2854/2415 4278/2852/2413 4290/2860/2420 4291/2862/2422
f 4287/2855/2416 4286/2853/2414 4298/2861/2421 4299/2863/2423
f 4280/2842/2405 4279/2854/2415 4291/2862/2422 4292/2864/2424
f 4288/2844/2407 4287/2855/2416 4299/2863/2423 4300/2865/2425
f 4281/2843/2406 4280/2842/2405 4292/2864/2424 4293/2866/2426
f 4289/2845/2408 4288/2844/2407 4300/2865/2425 4301/2867/2427
f 4282/2846/2409 4281/2843/2406 4293/2866/2426 4294/2868/2428
f 4193/2869/2256 4289/2845/2408 4301/2867/2427
f 4283/2848/2410 4282/2846/2409 4294/2868/2428 4295/2856/2417
f 4291/2862/2422 4290/2860/2420 4302/2870/2429 4303/2871/2430
f 4299/2863/2423 4298/2861/2421 4310/2872/2431 4311/2873/2432
f 4292/2864/2424 4291/2862/2422 4303/2871/2430 4304/2874/2433
f 4300/2865/2425 4299/2863/2423 4311/2873/2432 4312/2875/2434
f 4293/2866/2426 4292/2864/2424 4304/2874/2433 4305/2876/2435
f 4301/2867/2427 4300/2865/2425 4312/2875/2434 4313/2877/2436
f 4294/2868/2428 4293/2866/2426 4305/2876/2435 4306/2878/2437
f 4193/2879/2256 4301/2867/2427 4313/2877/2436
f 4295/2856/2417 4294/2868/2428 4306/2878/2437 4307/2880/2438
f 4296/2857/2418 4295/2856/2417 4307/2880/2438 4308/2881/2439
f 4297/2858/2419 4296/2857/2418 4308/2881/2439 4309/2882/2440
f 4290/2860/2420 4398/2883/2255 4302/2870/2429
f 4298/2861/2421 4297/2858/2419 4309/2882/2440 4310/2872/2431
f 4313/2877/2436 4312/2875/2434 4324/2884/2441 4325/2885/2442
f 4306/2878/2437 4305/2876/2435 4317/2886/2443 4318/2887/2444
f 4193/2888/2256 4313/2877/2436 4325/2885/2442
f 4307/2880/2438 4306/2878/2437 4318/2887/2444 4319/2889/2445
f 4308/2881/2439 4307/2880/2438 4319/2889/2445 4320/2890/2446
f 4309/2882/2440 4308/2881/2439 4320/2890/2446 4321/2891/2447
f 4302/2870/2429 4398/2892/2255 4314/2893/2448
f 4310/2872/2431 4309/2882/2440 4321/2891/2447 4322/2894/2449
f 4303/2871/2430 4302/2870/2429 4314/2893/2448 4315/2895/2450
f 4311/2873/2432 4310/2872/2431 4322/2894/2449 4323/2896/2451
f 4304/2874/2433 4303/2871/2430 4315/2895/2450 4316/2897/2452
f 4312/2875/2434 4311/2873/2432 4323/2896/2451 4324/2884/2441
f 4305/2876/2435 4304/2874/2433 4316/2897/2452 4317/2886/2443
f 4320/2890/2446 4319/2889/2445 4331/2898/2453 4332/2899/2454
f 4321/2891/2447 4320/2890/2446 4332/2899/2454 4333/2900/2455
f 4314/2893/2448 4398/2901/2255 4326/2902/2456
f 4322/2894/2449 4321/2891/2447 4333/2900/2455 4334/2903/2457
f 4315/2895/2450 4314/2893/2448 4326/2902/2456 4327/2904/2458
f 4323/2896/2451 4322/2894/2449 4334/2903/2457 4335/2905/2459
f 4316/2897/2452 4315/2895/2450 4327/2904/2458 4328/2906/2460
f 4324/2884/2441 4323/2896/2451 4335/2905/2459 4336/2907/2461
f 4317/2886/2443 4316/2897/2452 4328/2906/2460 4329/2908/2462
f 4325/2885/2442 4324/2884/2441 4336/2907/2461 4337/2909/2463
f 4318/2887/2444 4317/2886/2443 4329/2908/2462 4330/2910/2464
f 4193/2911/2256 4325/2885/2442 4337/2909/2463
f 4319/2889/2445 4318/2887/2444 4330/2910/2464 4331/2898/2453
f 4335/2905/2459 4334/2903/2457 4346/2912/2465 4347/2913/2466
f 4328/2906/2460 4327/2904/2458 4339/2914/2467 4340/2915/2468
f 4336/2907/2461 4335/2905/2459 4347/2913/2466 4348/2916/2469
f 4329/2908/2462 4328/2906/2460 4340/2915/2468 4341/2917/2470
f 4337/2909/2463 4336/2907/2461 4348/2916/2469 4349/2918/2471
f 4330/2910/2464 4329/2908/2462 4341/2917/2470 4342/2919/2472
f 4193/2920/2256 4337/2909/2463 4349/2918/2471
f 4331/2898/2453 4330/2910/2464 4342/2919/2472 4343/2921/2473
f 4332/2899/2454 4331/2898/2453 4343/2921/2473 4344/2922/2474
f 4333/2900/2455 4332/2899/2454 4344/2922/2474 4345/2923/2475
f 4326/2902/2456 4398/2924/2255 4338/2925/2476
f 4334/2903/2457 4333/2900/2455 4345/2923/2475 4346/2912/2465
f 4327/2904/2458 4326/2902/2456 4338/2925/2476 4339/2914/2467
f 4342/2919/2472 4341/2917/2470 4353/2926/2477 4354/2927/2478
f 4193/2928/2256 4349/2918/2471 4361/2929/2479
f 4343/2921/2473 4342/2919/2472 4354/2927/2478 4355/2930/2480
f 4344/2922/2474 4343/2921/2473 4355/2930/2480 4356/2931/2481
f 4345/2923/2475 4344/2922/2474 4356/2931/2481 4357/2932/2482
f 4338/2925/2476 4398/2933/2255 4350/2934/2483
f 4346/2912/2465 4345/2923/2475 4357/2932/2482 4358/2935/2484
f 4339/2914/2467 4338/2925/2476 4350/2934/2483 4351/2936/2485
f 4347/2913/2466 4346/2912/2465 4358/2935/2484 4359/2937/2486
f 4340/2915/2468 4339/2914/2467 4351/2936/2485 4352/2938/2487
f 4348/2916/2469 4347/2913/2466 4359/2937/2486 4360/2939/2488
f 4341/2917/2470 4340/2915/2468 4352/2938/2487 4353/2926/2477
f 4349/2918/2471 4348/2916/2469 4360/2939/2488 4361/2929/2479
f 4357/2932/2482 4356/2931/2481 4368/2940/2489 4369/2941/2490
f 4350/2934/2483 4398/2942/2255 4362/2943/2491
f 4358/2935/2484 4357/2932/2482 4369/2941/2490 4370/2944/2492
f 4351/2936/2485 4350/2934/2483 4362/2943/2491 4363/2945/2493
f 4359/2937/2486 4358/2935/2484 4370/2944/2492 4371/2946/2494
f 4352/2938/2487 4351/2936/2485 4363/2945/2493 4364/2947/2495
f 4360/2939/2488 4359/2937/2486 4371/2946/2494 4372/2948/2496
f 4353/2926/2477 4352/2938/2487 4364/2947/2495 4365/2949/2497
f 4361/2929/2479 4360/2939/2488 4372/2948/2496 4373/2950/2498
f 4354/2927/2478 4353/2926/2477 4365/2949/2497 4366/2951/2499
f 4193/2952/2256 4361/2929/2479 4373/2950/2498
f 4355/2930/2480 4354/2927/2478 4366/2951/2499 4367/2953/2500
f 4356/2931/2481 4355/2930/2480 4367/2953/2500 4368/2940/2489
f 4371/2946/2494 4370/2944/2492 4382/2954/2501 4383/2955/2502
f 4364/2947/2495 4363/2945/2493 4375/2956/2503 4376/2957/2504
f 4372/2948/2496 4371/2946/2494 4383/2955/2502 4384/2958/2505
f 4365/2949/2497 4364/2947/2495 4376/2957/2504 4377/2959/2506
f 4373/2950/2498 4372/2948/2496 4384/2958/2505 4385/2960/2507
f 4366/2951/2499 4365/2949/2497 4377/2959/2506 4378/2961/2508
f 4193/2962/2256 4373/2950/2498 4385/2960/2507
f 4367/2953/2500 4366/2951/2499 4378/2961/2508 4379/2963/2509
f 4368/2940/2489 4367/2953/2500 4379/2963/2509 4380/2964/2510
f 4369/2941/2490 4368/2940/2489 4380/2964/2510 4381/2965/2511
f 4362/2943/2491 4398/2966/2255 4374/2967/2512
f 4370/2944/2492 4369/2941/2490 4381/2965/2511 4382/2954/2501
f 4363/2945/2493 4362/2943/2491 4374/2967/2512 4375/2956/2503
f 4193/2968/2256 4385/2960/2507 4397/2969/2513
f 4379/2963/2509 4378/2961/2508 4390/2970/2514 4391/2971/2515
f 4380/2964/2510 4379/2963/2509 4391/2971/2515 4392/2972/2516
f 4381/2965/2511 4380/2964/2510 4392/2972/2516 4393/2973/2517
f 4374/2967/2512 4398/2974/2255 4386/2975/2518
f 4382/2954/2501 4381/2965/2511 4393/2973/2517 4394/2976/2519
f 4375/2956/2503 4374/2967/2512 4386/2975/2518 4387/2977/2520
f 4383/2955/2502 4382/2954/2501 4394/2976/2519 4395/2978/2521
f 4376/2957/2504 4375/2956/2503 4387/2977/2520 4388/2979/2522
f 4384/2958/2505 4383/2955/2502 4395/2978/2521 4396/2980/2523
f 4377/2959/2506 4376/2957/2504 4388/2979/2522 4389/2981/2524
f 4385/2960/2507 4384/2958/2505 4396/2980/2523 4397/2969/2513
f 4378/2961/2508 4377/2959/2506 4389/2981/2524 4390/2970/2514
f 4393/2973/2517 4392/2972/2516 4405/2982/2525 4406/2983/2526
f 4386/2975/2518 4398/2984/2255 4399/2985/2527
f 4394/2976/2519 4393/2973/2517 4406/2983/2526 4407/2986/2528
f 4387/2977/2520 4386/2975/2518 4399/2985/2527 4400/2987/2529
f 4395/2978/2521 4394/2976/2519 4407/2986/2528 4408/2988/2530
f 4388/2979/2522 4387/2977/2520 4400/2987/2529 4401/2989/2531
f 4396/2980/2523 4395/2978/2521 4408/2988/2530 4409/2990/2532
f 4389/2981/2524 4388/2979/2522 4401/2989/2531 4402/2991/2533
f 4397/2969/2513 4396/2980/2523 4409/2990/2532 4410/2992/2534
f 4390/2970/2514 4389/2981/2524 4402/2991/2533 4403/2993/2535
f 4193/2994/2256 4397/2969/2513 4410/2992/2534
f 4391/2971/2515 4390/2970/2514 4403/2993/2535 4404/2995/2536
f 4392/2972/2516 4391/2971/2515 4404/2995/2536 4405/2982/2525
f 4401/2996/2531 4400/2997/2529 4412/2998/2537 4413/2999/2538
f 4409/3000/2532 4408/3001/2530 4420/3002/2539 4421/3003/2540
f 4402/3004/2533 4401/2996/2531 4413/2999/2538 4414/3005/2541
f 4410/3006/2534 4409/3000/2532 4421/3003/2540 4422/3007/2542
f 4403/3008/2535 4402/3004/2533 4414/3005/2541 4415/3009/2543
f 4193/3010/2256 4410/3006/2534 4422/3007/2542
f 4404/3011/2536 4403/3008/2535 4415/3009/2543 4416/3012/2544
f 4405/3013/2525 4404/3011/2536 4416/3012/2544 4417/3014/2545
f 4406/3015/2526 4405/3013/2525 4417/3014/2545 4418/3016/2546
f 4399/3017/2527 4398/3018/2255 4411/3019/2547
f 4407/3020/2528 4406/3015/2526 4418/3016/2546 4419/3021/2548
f 4400/2997/2529 4399/3017/2527 4411/3019/2547 4412/2998/2537
f 4408/3001/2530 4407/3020/2528 4419/3021/2548 4420/3002/2539
f 4193/3022/2256 4422/3007/2542 4434/3023/2549
f 4416/3012/2544 4415/3009/2543 4427/3024/2550 4428/3025/2551
f 4417/3014/2545 4416/3012/2544 4428/3025/2551 4429/3026/2552
f 4418/3016/2546 4417/3014/2545 4429/3026/2552 4430/3027/2553
f 4411/3019/2547 4398/3028/2255 4423/3029/2554
f 4419/3021/2548 4418/3016/2546 4430/3027/2553 4431/3030/2555
f 4412/2998/2537 4411/3019/2547 4423/3029/2554 4424/3031/2556
f 4420/3002/2539 4419/3021/2548 4431/3030/2555 4432/3032/2557
f 4413/2999/2538 4412/2998/2537 4424/3031/2556 4425/3033/2558
f 4421/3003/2540 4420/3002/2539 4432/3032/2557 4433/3034/2559
f 4414/3005/2541 4413/2999/2538 4425/3033/2558 4426/3035/2560
f 4422/3007/2542 4421/3003/2540 4433/3034/2559 4434/3023/2549
f 4415/3009/2543 4414/3005/2541 4426/3035/2560 4427/3024/2550
f 4423/3029/2554 4398/3036/2255 4435/3037/2561
f 4431/3030/2555 4430/3027/2553 4442/3038/2562 4443/3039/2563
f 4424/3031/2556 4423/3029/2554 4435/3037/2561 4436/3040/2564
f 4432/3032/2557 4431/3030/2555 4443/3039/2563 4444/3041/2565
f 4425/3033/2558 4424/3031/2556 4436/3040/2564 4437/3042/2566
f 4433/3034/2559 4432/3032/2557 4444/3041/2565 4445/3043/2567
f 4426/3035/2560 4425/3033/2558 4437/3042/2566 4438/3044/2568
f 4434/3023/2549 4433/3034/2559 4445/3043/2567 4446/3045/2569
f 4427/3024/2550 4426/3035/2560 4438/3044/2568 4439/3046/2570
f 4193/3047/2256 4434/3023/2549 4446/3045/2569
f 4428/3025/2551 4427/3024/2550 4439/3046/2570 4440/3048/2571
f 4429/3026/2552 4428/3025/2551 4440/3048/2571 4441/3049/2572
f 4430/3027/2553 4429/3026/2552 4441/3049/2572 4442/3038/2562
f 4445/3043/2567 4444/3041/2565 4456/3050/2573 4457/3051/2574
f 4438/3044/2568 4437/3042/2566 4449/3052/2575 4450/3053/2576
f 4446/3045/2569 4445/3043/2567 4457/3051/2574 4458/3054/2577
f 4439/3046/2570 4438/3044/2568 4450/3053/2576 4451/3055/2578
f 4193/3056/2256 4446/3045/2569 4458/3054/2577
f 4440/3048/2571 4439/3046/2570 4451/3055/2578 4452/3057/2579
f 4441/3049/2572 4440/3048/2571 4452/3057/2579 4453/3058/2580
f 4442/3038/2562 4441/3049/2572 4453/3058/2580 4454/3059/2581
f 4435/3037/2561 4398/3060/2255 4447/3061/2582
f 4443/3039/2563 4442/3038/2562 4454/3059/2581 4455/3062/2583
f 4436/3040/2564 4435/3037/2561 4447/3061/2582 4448/3063/2584
f 4444/3041/2565 4443/3039/2563 4455/3062/2583 4456/3050/2573
f 4437/3042/2566 4436/3040/2564 4448/3063/2584 4449/3052/2575
f 4452/3057/2579 4451/3055/2578 4463/3064/2585 4464/3065/2586
f 4453/3058/2580 4452/3057/2579 4464/3065/2586 4465/3066/2587
f 4454/3059/2581 4453/3058/2580 4465/3066/2587 4466/3067/2588
f 4447/3061/2582 4398/3068/2255 4459/3069/2589
f 4455/3062/2583 4454/3059/2581 4466/3067/2588 4467/3070/2590
f 4448/3063/2584 4447/3061/2582 4459/3069/2589 4460/3071/2591
f 4456/3050/2573 4455/3062/2583 4467/3070/2590 4468/3072/2592
f 4449/3052/2575 4448/3063/2584 4460/3071/2591 4461/3073/2593
f 4457/3051/2574 4456/3050/2573 4468/3072/2592 4469/3074/2594
f 4450/3053/2576 4449/3052/2575 4461/3073/2593 4462/3075/2595
f 4458/3054/2577 4457/3051/2574 4469/3074/2594 4470/3076/2596
f 4451/3055/2578 4450/3053/2576 4462/3075/2595 4463/3064/2585
f 4193/3077/2256 4458/3054/2577 4470/3076/2596
f 4467/3070/2590 4466/3067/2588 4478/3078/2597 4479/3079/2598
f 4460/3071/2591 4459/3069/2589 4471/3080/2599 4472/3081/2600
f 4468/3072/2592 4467/3070/2590 4479/3079/2598 4480/3082/2601
f 4461/3073/2593 4460/3071/2591 4472/3081/2600 4473/3083/2602
f 4469/3074/2594 4468/3072/2592 4480/3082/2601 4481/3084/2603
f 4462/3075/2595 4461/3073/2593 4473/3083/2602 4474/3085/2604
f 4470/3076/2596 4469/3074/2594 4481/3084/2603 4482/3086/2605
f 4463/3064/2585 4462/3075/2595 4474/3085/2604 4475/3087/2606
f 4193/3088/2256 4470/3076/2596 4482/3086/2605
f 4464/3065/2586 4463/3064/2585 4475/3087/2606 4476/3089/2607
f 4465/3066/2587 4464/3065/2586 4476/3089/2607 4477/3090/2608
f 4466/3067/2588 4465/3066/2587 4477/3090/2608 4478/3078/2597
f 4459/3069/2589 4398/3091/2255 4471/3080/2599
f 4474/3085/2604 4473/3083/2602 4485/3092/2609 4486/3093/2610
f 4482/3086/2605 4481/3084/2603 4493/3094/2611 4494/3095/2612
f 4475/3087/2606 4474/3085/2604 4486/3093/2610 4487/3096/2613
f 4193/3097/2256 4482/3086/2605 4494/3095/2612
f 4476/3089/2607 4475/3087/2606 4487/3096/2613 4488/3098/2614
f 4477/3090/2608 4476/3089/2607 4488/3098/2614 4489/3099/2615
f 4478/3078/2597 4477/3090/2608 4489/3099/2615 4490/3100/2616
f 4471/3080/2599 4398/3101/2255 4483/3102/2617
f 4479/3079/2598 4478/3078/2597 4490/3100/2616 4491/3103/2618
f 4472/3081/2600 4471/3080/2599 4483/3102/2617 4484/3104/2619
f 4480/3082/2601 4479/3079/2598 4491/3103/2618 4492/3105/2620
f 4473/3083/2602 4472/3081/2600 4484/3104/2619 4485/3092/2609
f 4481/3084/2603 4480/3082/2601 4492/3105/2620 4493/3094/2611
f 4489/3099/2615 4488/3098/2614 4498/2712/2293 4499/2714/2295
f 4490/3100/2616 4489/3099/2615 4499/2714/2295 4154/2694/2276
f 4483/3102/2617 4398/3106/2255 4495/2690/2273
f 4491/3103/2618 4490/3100/2616 4154/2694/2276 4155/2693/2275
f 4484/3104/2619 4483/3102/2617 4495/2690/2273 4496/2697/2279
f 4492/3105/2620 4491/3103/2618 4155/2693/2275 4156/2699/2281
f 4485/3092/2609 4484/3104/2619 4496/2697/2279 4152/2701/2283
f 4493/3094/2611 4492/3105/2620 4156/2699/2281 4500/2703/2285
f 4486/3093/2610 4485/3092/2609 4152/2701/2283 4497/2705/2287
f 4494/3095/2612 4493/3094/2611 4500/2703/2285 4501/2707/2289
f 4487/3096/2613 4486/3093/2610 4497/2705/2287 4153/2709/2291
f 4193/3107/2256 4494/3095/2612 4501/2707/2289
f 4488/3098/2614 4487/3096/2613 4153/2709/2291 4498/2712/2293
s 0
f 4502/3108/2621 4503/3109/2621 4505/3110/2621 4504/3111/2621
f 4504/3112/2622 4505/3113/2622 4507/3114/2622 4506/3115/2622
f 4506/3115/2623 4507/3114/2623 4509/3116/2623 4508/3117/2623
f 4508/3117/2624 4509/3116/2624 4511/3118/2624 4510/3119/2624
f 4510/3120/2625 4511/3121/2625 4513/3122/2625 4512/3123/2625
f 4512/3124/2626 4513/3125/2626 4515/3126/2626 4514/3127/2626
f 4514/3128/2627 4515/3129/2627 4517/3130/2627 4516/3131/2627
f 4507/3114/2628 4505/3113/2628 4529/3132/2628 4531/3133/2628
f 4516/3131/2629 4517/3130/2629 4519/3134/2629 4518/3135/2629
f 4518/3136/2630 4519/3137/2630 4503/3109/2630 4502/3108/2630
f 4516/3131/2631 4518/3135/2631 4528/3138/2631 4527/3139/2631
f 4520/3140/2632 4521/3141/2632 4522/3142/2632 4523/3143/2632 4524/3144/2632 4525/3145/2632 4526/3146/2632 4527/3147/2632 4528/3148/2632
f 4514/3128/2633 4516/3131/2633 4527/3139/2633 4526/3149/2633
f 4512/3150/2634 4514/3128/2634 4526/3149/2634 4525/3151/2634
f 4510/3120/2635 4512/3123/2635 4525/3152/2635 4524/3153/2635
f 4508/3117/2636 4510/3119/2636 4524/3154/2636 4523/3155/2636
f 4502/3156/2637 4504/3112/2637 4521/3157/2637 4520/3158/2637
f 4506/3115/2638 4508/3117/2638 4523/3155/2638 4522/3159/2638
f 4504/3112/2639 4506/3115/2639 4522/3159/2639 4521/3157/2639
f 4518/3136/2640 4502/3108/2640 4520/3160/2640 4528/3161/2640
f 4531/3133/2641 4529/3132/2641 4538/3162/2641 4540/3163/2641
f 4503/3109/2642 4519/3137/2642 4537/3164/2642 4530/3165/2642
f 4519/3134/2643 4517/3130/2643 4536/3166/2643 4537/3167/2643
f 4517/3130/2644 4515/3129/2644 4535/3168/2644 4536/3166/2644
f 4515/3129/2645 4513/3169/2645 4534/3170/2645 4535/3168/2645
f 4513/3122/2646 4511/3121/2646 4533/3171/2646 4534/3172/2646
f 4511/3173/2647 4509/3174/2647 4532/3175/2647 4533/3176/2647
f 4505/3110/2648 4503/3109/2648 4530/3165/2648 4529/3177/2648
f 4509/3116/2649 4507/3114/2649 4531/3133/2649 4532/3178/2649
f 4538/3179/2650 4539/3180/2650 4548/3181/2650 4547/3182/2650
f 4530/3165/2651 4537/3164/2651 4546/3183/2651 4539/3180/2651
f 4535/3184/2652 4534/3185/2652 4543/3186/2652 4544/3187/2652
f 4532/3178/2653 4531/3133/2653 4540/3163/2653 4541/3188/2653
f 4536/3166/2654 4535/3168/2654 4544/3189/2654 4545/3190/2654
f 4533/3176/2655 4532/3175/2655 4541/3191/2655 4542/3192/2655
f 4529/3177/2656 4530/3165/2656 4539/3180/2656 4538/3179/2656
f 4537/3164/2657 4536/3193/2657 4545/3194/2657 4546/3183/2657
f 4534/3172/2658 4533/3171/2658 4542/3195/2658 4543/3196/2658
f 4554/3197/2659 4553/3198/2659 4562/3199/2659 4563/3200/2659
f 4546/3183/2660 4545/3194/2660 4554/3201/2660 4555/3202/2660
f 4543/3196/2661 4542/3195/2661 4551/3203/2661 4552/3204/2661
f 4540/3163/2662 4538/3162/2662 4547/3205/2662 4549/3206/2662
f 4539/3180/2663 4546/3183/2663 4555/3202/2663 4548/3181/2663
f 4544/3187/2664 4543/3186/2664 4552/3207/2664 4553/3208/2664
f 4541/3188/2665 4540/3163/2665 4549/3206/2665 4550/3209/2665
f 4545/3190/2666 4544/3189/2666 4553/3198/2666 4554/3197/2666
f 4542/3192/2667 4541/3191/2667 4550/3210/2667 4551/3211/2667
f 4556/3212/2668 4557/3213/2668 4564/3214/2668 4563/3215/2668 4562/3216/2668 4561/3217/2668 4560/3218/2668 4559/3219/2668 4558/3220/2668
f 4551/3211/2669 4550/3210/2669 4559/3221/2669 4560/3222/2669
f 4547/3182/2670 4548/3181/2670 4557/3223/2670 4556/3224/2670
f 4555/3202/2671 4554/3201/2671 4563/3225/2671 4564/3226/2671
f 4552/3204/2672 4551/3203/2672 4560/3227/2672 4561/3228/2672
f 4549/3206/2673 4547/3205/2673 4556/3229/2673 4558/3230/2673
f 4548/3181/2674 4555/3202/2674 4564/3226/2674 4557/3223/2674
f 4553/3208/2675 4552/3207/2675 4561/3231/2675 4562/3232/2675
f 4550/3209/2676 4549/3206/2676 4558/3230/2676 4559/3233/2676
s 1
f 4908/2690/2273 4811/2691/2255 4570/2692/2274
f 4568/2693/2275 4567/2694/2276 4577/2695/2277 4578/2696/2278
f 4909/2697/2279 4908/2690/2273 4570/2692/2274 4571/2698/2280
f 4569/2699/2281 4568/2693/2275 4578/2696/2278 4579/2700/2282
f 4565/2701/2283 4909/2697/2279 4571/2698/2280 4572/2702/2284
f 4913/2703/2285 4569/2699/2281 4579/2700/2282 4580/2704/2286
f 4910/2705/2287 4565/2701/2283 4572/2702/2284 4573/2706/2288
f 4914/2707/2289 4913/2703/2285 4580/2704/2286 4581/2708/2290
f 4566/2709/2291 4910/2705/2287 4573/2706/2288 4574/2710/2292
f 4606/2711/2256 4914/2707/2289 4581/2708/2290
f 4911/2712/2293 4566/2709/2291 4574/2710/2292 4575/2713/2294
f 4912/2714/2295 4911/2712/2293 4575/2713/2294 4576/2715/2296
f 4567/2694/2276 4912/2714/2295 4576/2715/2296 4577/2695/2277
f 4572/2702/2284 4571/2698/2280 4583/2716/2297 4584/2717/2298
f 4580/2704/2286 4579/2700/2282 4591/2718/2299 4592/2719/2300
f 4573/2706/2288 4572/2702/2284 4584/2717/2298 4585/2720/2301
f 4581/2708/2290 4580/2704/2286 4592/2719/2300 4593/2721/2302
f 4574/2710/2292 4573/2706/2288 4585/2720/2301 4586/2722/2303
f 4606/2723/2256 4581/2708/2290 4593/2721/2302
f 4575/2713/2294 4574/2710/2292 4586/2722/2303 4587/2724/2304
f 4576/2715/2296 4575/2713/2294 4587/2724/2304 4588/2725/2305
f 4577/2695/2277 4576/2715/2296 4588/2725/2305 4589/2726/2306
f 4570/2692/2274 4811/2727/2255 4582/2728/2307
f 4578/2696/2278 4577/2695/2277 4589/2726/2306 4590/2729/2308
f 4571/2698/2280 4570/2692/2274 4582/2728/2307 4583/2716/2297
f 4579/2700/2282 4578/2696/2278 4590/2729/2308 4591/2718/2299
f 4606/2730/2256 4593/2721/2302 4605/2731/2309
f 4587/2724/2304 4586/2722/2303 4598/2732/2310 4599/2733/2311
f 4588/2725/2305 4587/2724/2304 4599/2733/2311 4600/2734/2312
f 4589/2726/2306 4588/2725/2305 4600/2734/2312 4601/2735/2313
f 4582/2728/2307 4811/2736/2255 4594/2737/2314
f 4590/2729/2308 4589/2726/2306 4601/2735/2313 4602/2738/2315
f 4583/2716/2297 4582/2728/2307 4594/2737/2314 4595/2739/2316
f 4591/2718/2299 4590/2729/2308 4602/2738/2315 4603/2740/2317
f 4584/2717/2298 4583/2716/2297 4595/2739/2316 4596/2741/2318
f 4592/2719/2300 4591/2718/2299 4603/2740/2317 4604/2742/2319
f 4585/2720/2301 4584/2717/2298 4596/2741/2318 4597/2743/2320
f 4593/2721/2302 4592/2719/2300 4604/2742/2319 4605/2731/2309
f 4586/2722/2303 4585/2720/2301 4597/2743/2320 4598/2732/2310
f 4601/2735/2313 4600/2734/2312 4613/2744/2321 4614/2745/2322
f 4594/2737/2314 4811/2746/2255 4607/2747/2323
f 4602/2738/2315 4601/2735/2313 4614/2745/2322 4615/2748/2324
f 4595/2739/2316 4594/2737/2314 4607/2747/2323 4608/2749/2325
f 4603/2740/2317 4602/2738/2315 4615/2748/2324 4616/2750/2326
f 4596/2741/2318 4595/2739/2316 4608/2749/2325 4609/2751/2327
f 4604/2742/2319 4603/2740/2317 4616/2750/2326 4617/2752/2328
f 4597/2743/2320 4596/2741/2318 4609/2751/2327 4610/2753/2329
f 4605/2731/2309 4604/2742/2319 4617/2752/2328 4618/2754/2330
f 4598/2732/2310 4597/2743/2320 4610/2753/2329 4611/2755/2331
f 4606/2756/2256 4605/2731/2309 4618/2754/2330
f 4599/2733/2311 4598/2732/2310 4611/2755/2331 4612/2757/2332
f 4600/2734/2312 4599/2733/2311 4612/2757/2332 4613/2744/2321
f 4617/2752/2328 4616/2750/2326 4628/2758/2333 4629/2759/2334
f 4610/2753/2329 4609/2751/2327 4621/2760/2335 4622/2761/2336
f 4618/2754/2330 4617/2752/2328 4629/2759/2334 4630/2762/2337
f 4611/2755/2331 4610/2753/2329 4622/2761/2336 4623/2763/2338
f 4606/2764/2256 4618/2754/2330 4630/2762/2337
f 4612/2757/2332 4611/2755/2331 4623/2763/2338 4624/2765/2339
f 4613/2744/2321 4612/2757/2332 4624/2765/2339 4625/2766/2340
f 4614/2745/2322 4613/2744/2321 4625/2766/2340 4626/2767/2341
f 4607/2747/2323 4811/2768/2255 4619/2769/2342
f 4615/2748/2324 4614/2745/2322 4626/2767/2341 4627/2770/2343
f 4608/2749/2325 4607/2747/2323 4619/2769/2342 4620/2771/2344
f 4616/2750/2326 4615/2748/2324 4627/2770/2343 4628/2758/2333
f 4609/2751/2327 4608/2749/2325 4620/2771/2344 4621/2760/2335
f 4624/2765/2339 4623/2763/2338 4635/2772/2345 4636/2773/2346
f 4625/2766/2340 4624/2765/2339 4636/2773/2346 4637/2774/2347
f 4626/2767/2341 4625/2766/2340 4637/2774/2347 4638/2775/2348
f 4619/2769/2342 4811/2776/2255 4631/2777/2349
f 4627/2770/2343 4626/2767/2341 4638/2775/2348 4639/2778/2350
f 4620/2771/2344 4619/2769/2342 4631/2777/2349 4632/2779/2351
f 4628/2758/2333 4627/2770/2343 4639/2778/2350 4640/2780/2352
f 4621/2760/2335 4620/2771/2344 4632/2779/2351 4633/2781/2353
f 4629/2759/2334 4628/2758/2333 4640/2780/2352 4641/2782/2354
f 4622/2761/2336 4621/2760/2335 4633/2781/2353 4634/2783/2355
f 4630/2762/2337 4629/2759/2334 4641/2782/2354 4642/2784/2356
f 4623/2763/2338 4622/2761/2336 4634/2783/2355 4635/2772/2345
f 4606/2785/2256 4630/2762/2337 4642/2784/2356
f 4631/2777/2349 4811/2786/2255 4643/2787/2357
f 4639/2778/2350 4638/2775/2348 4650/2788/2358 4651/2789/2359
f 4632/2779/2351 4631/2777/2349 4643/2787/2357 4644/2790/2360
f 4640/2780/2352 4639/2778/2350 4651/2789/2359 4652/2791/2361
f 4633/2781/2353 4632/2779/2351 4644/2790/2360 4645/2792/2362
f 4641/2782/2354 4640/2780/2352 4652/2791/2361 4653/2793/2363
f 4634/2783/2355 4633/2781/2353 4645/2792/2362 4646/2794/2364
f 4642/2784/2356 4641/2782/2354 4653/2793/2363 4654/2795/2365
f 4635/2772/2345 4634/2783/2355 4646/2794/2364 4647/2796/2366
f 4606/2797/2256 4642/2784/2356 4654/2795/2365
f 4636/2773/2346 4635/2772/2345 4647/2796/2366 4648/2798/2367
f 4637/2774/2347 4636/2773/2346 4648/2798/2367 4649/2799/2368
f 4638/2775/2348 4637/2774/2347 4649/2799/2368 4650/2788/2358
f 4653/2793/2363 4652/2791/2361 4664/2800/2369 4665/2801/2370
f 4646/2794/2364 4645/2792/2362 4657/2802/2371 4658/2803/2372
f 4654/2795/2365 4653/2793/2363 4665/2801/2370 4666/2804/2373
f 4647/2796/2366 4646/2794/2364 4658/2803/2372 4659/2805/2374
f 4606/2806/2256 4654/2795/2365 4666/2804/2373
f 4648/2798/2367 4647/2796/2366 4659/2805/2374 4660/2807/2375
f 4649/2799/2368 4648/2798/2367 4660/2807/2375 4661/2808/2376
f 4650/2788/2358 4649/2799/2368 4661/2808/2376 4662/2809/2377
f 4643/2787/2357 4811/2810/2255 4655/2811/2378
f 4651/2789/2359 4650/2788/2358 4662/2809/2377 4663/2812/2379
f 4644/2790/2360 4643/2787/2357 4655/2811/2378 4656/2813/2380
f 4652/2791/2361 4651/2789/2359 4663/2812/2379 4664/2800/2369
f 4645/2792/2362 4644/2790/2360 4656/2813/2380 4657/2802/2371
f 4661/2808/2376 4660/2807/2375 4672/2814/2381 4673/2815/2382
f 4662/2809/2377 4661/2808/2376 4673/2815/2382 4674/2816/2383
f 4655/2811/2378 4811/2817/2255 4667/2818/2384
f 4663/2812/2379 4662/2809/2377 4674/2816/2383 4675/2819/2385
f 4656/2813/2380 4655/2811/2378 4667/2818/2384 4668/2820/2386
f 4664/2800/2369 4663/2812/2379 4675/2819/2385 4676/2821/2387
f 4657/2802/2371 4656/2813/2380 4668/2820/2386 4669/2822/2388
f 4665/2801/2370 4664/2800/2369 4676/2821/2387 4677/2823/2389
f 4658/2803/2372 4657/2802/2371 4669/2822/2388 4670/2824/2390
f 4666/2804/2373 4665/2801/2370 4677/2823/2389 4678/2825/2391
f 4659/2805/2374 4658/2803/2372 4670/2824/2390 4671/2826/2392
f 4606/2827/2256 4666/2804/2373 4678/2825/2391
f 4660/2807/2375 4659/2805/2374 4671/2826/2392 4672/2814/2381
f 4675/2819/2385 4674/2816/2383 4686/2828/2393 4687/2829/2394
f 4668/2820/2386 4667/2818/2384 4679/2830/2395 4680/2831/2396
f 4676/2821/2387 4675/2819/2385 4687/2829/2394 4688/2832/2397
f 4669/2822/2388 4668/2820/2386 4680/2831/2396 4681/2833/2398
f 4677/2823/2389 4676/2821/2387 4688/2832/2397 4689/2834/2399
f 4670/2824/2390 4669/2822/2388 4681/2833/2398 4682/2835/2400
f 4678/2825/2391 4677/2823/2389 4689/2834/2399 4690/2836/2401
f 4671/2826/2392 4670/2824/2390 4682/2835/2400 4683/2837/2402
f 4606/2838/2256 4678/2825/2391 4690/2836/2401
f 4672/2814/2381 4671/2826/2392 4683/2837/2402 4684/2839/2403
f 4673/2815/2382 4672/2814/2381 4684/2839/2403 4685/2840/2404
f 4674/2816/2383 4673/2815/2382 4685/2840/2404 4686/2828/2393
f 4667/2818/2384 4811/2841/2255 4679/2830/2395
f 4682/2835/2400 4681/2833/2398 4693/2842/2405 4694/2843/2406
f 4690/2836/2401 4689/2834/2399 4701/2844/2407 4702/2845/2408
f 4683/2837/2402 4682/2835/2400 4694/2843/2406 4695/2846/2409
f 4606/2847/2256 4690/2836/2401 4702/2845/2408
f 4684/2839/2403 4683/2837/2402 4695/2846/2409 4696/2848/2410
f 4685/2840/2404 4684/2839/2403 4696/2848/2410 4697/2849/2411
f 4686/2828/2393 4685/2840/2404 4697/2849/2411 4698/2850/2412
f 4679/2830/2395 4811/2851/2255 4691/2852/2413
f 4687/2829/2394 4686/2828/2393 4698/2850/2412 4699/2853/2414
f 4680/2831/2396 4679/2830/2395 4691/2852/2413 4692/2854/2415
f 4688/2832/2397 4687/2829/2394 4699/2853/2414 4700/2855/2416
f 4681/2833/2398 4680/2831/2396 4692/2854/2415 4693/2842/2405
f 4689/2834/2399 4688/2832/2397 4700/2855/2416 4701/2844/2407
f 4697/2849/2411 4696/2848/2410 4708/2856/2417 4709/2857/2418
f 4698/2850/2412 4697/2849/2411 4709/2857/2418 4710/2858/2419
f 4691/2852/2413 4811/2859/2255 4703/2860/2420
f 4699/2853/2414 4698/2850/2412 4710/2858/2419 4711/2861/2421
f 4692/2854/2415 4691/2852/2413 4703/2860/2420 4704/2862/2422
f 4700/2855/2416 4699/2853/2414 4711/2861/2421 4712/2863/2423
f 4693/2842/2405 4692/2854/2415 4704/2862/2422 4705/2864/2424
f 4701/2844/2407 4700/2855/2416 4712/2863/2423 4713/2865/2425
f 4694/2843/2406 4693/2842/2405 4705/2864/2424 4706/2866/2426
f 4702/2845/2408 4701/2844/2407 4713/2865/2425 4714/2867/2427
f 4695/2846/2409 4694/2843/2406 4706/2866/2426 4707/2868/2428
f 4606/2869/2256 4702/2845/2408 4714/2867/2427
f 4696/2848/2410 4695/2846/2409 4707/2868/2428 4708/2856/2417
f 4704/2862/2422 4703/2860/2420 4715/2870/2429 4716/2871/2430
f 4712/2863/2423 4711/2861/2421 4723/2872/2431 4724/2873/2432
f 4705/2864/2424 4704/2862/2422 4716/2871/2430 4717/2874/2433
f 4713/2865/2425 4712/2863/2423 4724/2873/2432 4725/2875/2434
f 4706/2866/2426 4705/2864/2424 4717/2874/2433 4718/2876/2435
f 4714/2867/2427 4713/2865/2425 4725/2875/2434 4726/2877/2436
f 4707/2868/2428 4706/2866/2426 4718/2876/2435 4719/2878/2437
f 4606/2879/2256 4714/2867/2427 4726/2877/2436
f 4708/2856/2417 4707/2868/2428 4719/2878/2437 4720/2880/2438
f 4709/2857/2418 4708/2856/2417 4720/2880/2438 4721/2881/2439
f 4710/2858/2419 4709/2857/2418 4721/2881/2439 4722/2882/2440
f 4703/2860/2420 4811/2883/2255 4715/2870/2429
f 4711/2861/2421 4710/2858/2419 4722/2882/2440 4723/2872/2431
f 4726/2877/2436 4725/2875/2434 4737/2884/2441 4738/2885/2442
f 4719/2878/2437 4718/2876/2435 4730/2886/2443 4731/2887/2444
f 4606/2888/2256 4726/2877/2436 4738/2885/2442
f 4720/2880/2438 4719/2878/2437 4731/2887/2444 4732/2889/2445
f 4721/2881/2439 4720/2880/2438 4732/2889/2445 4733/2890/2446
f 4722/2882/2440 4721/2881/2439 4733/2890/2446 4734/2891/2447
f 4715/2870/2429 4811/2892/2255 4727/2893/2448
f 4723/2872/2431 4722/2882/2440 4734/2891/2447 4735/2894/2449
f 4716/2871/2430 4715/2870/2429 4727/2893/2448 4728/2895/2450
f 4724/2873/2432 4723/2872/2431 4735/2894/2449 4736/2896/2451
f 4717/2874/2433 4716/2871/2430 4728/2895/2450 4729/2897/2452
f 4725/2875/2434 4724/2873/2432 4736/2896/2451 4737/2884/2441
f 4718/2876/2435 4717/2874/2433 4729/2897/2452 4730/2886/2443
f 4733/2890/2446 4732/2889/2445 4744/2898/2453 4745/2899/2454
f 4734/2891/2447 4733/2890/2446 4745/2899/2454 4746/2900/2455
f 4727/2893/2448 4811/2901/2255 4739/2902/2456
f 4735/2894/2449 4734/2891/2447 4746/2900/2455 4747/2903/2457
f 4728/2895/2450 4727/2893/2448 4739/2902/2456 4740/2904/2458
f 4736/2896/2451 4735/2894/2449 4747/2903/2457 4748/2905/2459
f 4729/2897/2452 4728/2895/2450 4740/2904/2458 4741/2906/2460
f 4737/2884/2441 4736/2896/2451 4748/2905/2459 4749/2907/2461
f 4730/2886/2443 4729/2897/2452 4741/2906/2460 4742/2908/2462
f 4738/2885/2442 4737/2884/2441 4749/2907/2461 4750/2909/2463
f 4731/2887/2444 4730/2886/2443 4742/2908/2462 4743/2910/2464
f 4606/2911/2256 4738/2885/2442 4750/2909/2463
f 4732/2889/2445 4731/2887/2444 4743/2910/2464 4744/2898/2453
f 4748/2905/2459 4747/2903/2457 4759/2912/2465 4760/2913/2466
f 4741/2906/2460 4740/2904/2458 4752/2914/2467 4753/2915/2468
f 4749/2907/2461 4748/2905/2459 4760/2913/2466 4761/2916/2469
f 4742/2908/2462 4741/2906/2460 4753/2915/2468 4754/2917/2470
f 4750/2909/2463 4749/2907/2461 4761/2916/2469 4762/2918/2471
f 4743/2910/2464 4742/2908/2462 4754/2917/2470 4755/2919/2472
f 4606/2920/2256 4750/2909/2463 4762/2918/2471
f 4744/2898/2453 4743/2910/2464 4755/2919/2472 4756/2921/2473
f 4745/2899/2454 4744/2898/2453 4756/2921/2473 4757/2922/2474
f 4746/2900/2455 4745/2899/2454 4757/2922/2474 4758/2923/2475
f 4739/2902/2456 4811/2924/2255 4751/2925/2476
f 4747/2903/2457 4746/2900/2455 4758/2923/2475 4759/2912/2465
f 4740/2904/2458 4739/2902/2456 4751/2925/2476 4752/2914/2467
f 4755/2919/2472 4754/2917/2470 4766/2926/2477 4767/2927/2478
f 4606/2928/2256 4762/2918/2471 4774/2929/2479
f 4756/2921/2473 4755/2919/2472 4767/2927/2478 4768/2930/2480
f 4757/2922/2474 4756/2921/2473 4768/2930/2480 4769/2931/2481
f 4758/2923/2475 4757/2922/2474 4769/2931/2481 4770/2932/2482
f 4751/2925/2476 4811/2933/2255 4763/2934/2483
f 4759/2912/2465 4758/2923/2475 4770/2932/2482 4771/2935/2484
f 4752/2914/2467 4751/2925/2476 4763/2934/2483 4764/2936/2485
f 4760/2913/2466 4759/2912/2465 4771/2935/2484 4772/2937/2486
f 4753/2915/2468 4752/2914/2467 4764/2936/2485 4765/2938/2487
f 4761/2916/2469 4760/2913/2466 4772/2937/2486 4773/2939/2488
f 4754/2917/2470 4753/2915/2468 4765/2938/2487 4766/2926/2477
f 4762/2918/2471 4761/2916/2469 4773/2939/2488 4774/2929/2479
f 4770/2932/2482 4769/2931/2481 4781/2940/2489 4782/2941/2490
f 4763/2934/2483 4811/2942/2255 4775/2943/2491
f 4771/2935/2484 4770/2932/2482 4782/2941/2490 4783/2944/2492
f 4764/2936/2485 4763/2934/2483 4775/2943/2491 4776/2945/2493
f 4772/2937/2486 4771/2935/2484 4783/2944/2492 4784/2946/2494
f 4765/2938/2487 4764/2936/2485 4776/2945/2493 4777/2947/2495
f 4773/2939/2488 4772/2937/2486 4784/2946/2494 4785/2948/2496
f 4766/2926/2477 4765/2938/2487 4777/2947/2495 4778/2949/2497
f 4774/2929/2479 4773/2939/2488 4785/2948/2496 4786/2950/2498
f 4767/2927/2478 4766/2926/2477 4778/2949/2497 4779/2951/2499
f 4606/2952/2256 4774/2929/2479 4786/2950/2498
f 4768/2930/2480 4767/2927/2478 4779/2951/2499 4780/2953/2500
f 4769/2931/2481 4768/2930/2480 4780/2953/2500 4781/2940/2489
f 4784/2946/2494 4783/2944/2492 4795/2954/2501 4796/2955/2502
f 4777/2947/2495 4776/2945/2493 4788/2956/2503 4789/2957/2504
f 4785/2948/2496 4784/2946/2494 4796/2955/2502 4797/2958/2505
f 4778/2949/2497 4777/2947/2495 4789/2957/2504 4790/2959/2506
f 4786/2950/2498 4785/2948/2496 4797/2958/2505 4798/2960/2507
f 4779/2951/2499 4778/2949/2497 4790/2959/2506 4791/2961/2508
f 4606/2962/2256 4786/2950/2498 4798/2960/2507
f 4780/2953/2500 4779/2951/2499 4791/2961/2508 4792/2963/2509
f 4781/2940/2489 4780/2953/2500 4792/2963/2509 4793/2964/2510
f 4782/2941/2490 4781/2940/2489 4793/2964/2510 4794/2965/2511
f 4775/2943/2491 4811/2966/2255 4787/2967/2512
f 4783/2944/2492 4782/2941/2490 4794/2965/2511 4795/2954/2501
f 4776/2945/2493 4775/2943/2491 4787/2967/2512 4788/2956/2503
f 4606/2968/2256 4798/2960/2507 4810/2969/2513
f 4792/2963/2509 4791/2961/2508 4803/2970/2514 4804/2971/2515
f 4793/2964/2510 4792/2963/2509 4804/2971/2515 4805/2972/2516
f 4794/2965/2511 4793/2964/2510 4805/2972/2516 4806/2973/2517
f 4787/2967/2512 4811/2974/2255 4799/2975/2518
f 4795/2954/2501 4794/2965/2511 4806/2973/2517 4807/2976/2519
f 4788/2956/2503 4787/2967/2512 4799/2975/2518 4800/2977/2520
f 4796/2955/2502 4795/2954/2501 4807/2976/2519 4808/2978/2521
f 4789/2957/2504 4788/2956/2503 4800/2977/2520 4801/2979/2522
f 4797/2958/2505 4796/2955/2502 4808/2978/2521 4809/2980/2523
f 4790/2959/2506 4789/2957/2504 4801/2979/2522 4802/2981/2524
f 4798/2960/2507 4797/2958/2505 4809/2980/2523 4810/2969/2513
f 4791/2961/2508 4790/2959/2506 4802/2981/2524 4803/2970/2514
f 4806/2973/2517 4805/2972/2516 4818/2982/2525 4819/2983/2526
f 4799/2975/2518 4811/2984/2255 4812/2985/2527
f 4807/2976/2519 4806/2973/2517 4819/2983/2526 4820/2986/2528
f 4800/2977/2520 4799/2975/2518 4812/2985/2527 4813/2987/2529
f 4808/2978/2521 4807/2976/2519 4820/2986/2528 4821/2988/2530
f 4801/2979/2522 4800/2977/2520 4813/2987/2529 4814/2989/2531
f 4809/2980/2523 4808/2978/2521 4821/2988/2530 4822/2990/2532
f 4802/2981/2524 4801/2979/2522 4814/2989/2531 4815/2991/2533
f 4810/2969/2513 4809/2980/2523 4822/2990/2532 4823/2992/2534
f 4803/2970/2514 4802/2981/2524 4815/2991/2533 4816/2993/2535
f 4606/2994/2256 4810/2969/2513 4823/2992/2534
f 4804/2971/2515 4803/2970/2514 4816/2993/2535 4817/2995/2536
f 4805/2972/2516 4804/2971/2515 4817/2995/2536 4818/2982/2525
f 4814/2996/2531 4813/2997/2529 4825/2998/2537 4826/2999/2538
f 4822/3000/2532 4821/3001/2530 4833/3002/2539 4834/3003/2540
f 4815/3004/2533 4814/2996/2531 4826/2999/2538 4827/3005/2541
f 4823/3006/2534 4822/3000/2532 4834/3003/2540 4835/3007/2542
f 4816/3008/2535 4815/3004/2533 4827/3005/2541 4828/3009/2543
f 4606/3010/2256 4823/3006/2534 4835/3007/2542
f 4817/3011/2536 4816/3008/2535 4828/3009/2543 4829/3012/2544
f 4818/3013/2525 4817/3011/2536 4829/3012/2544 4830/3014/2545
f 4819/3015/2526 4818/3013/2525 4830/3014/2545 4831/3016/2546
f 4812/3017/2527 4811/3018/2255 4824/3019/2547
f 4820/3020/2528 4819/3015/2526 4831/3016/2546 4832/3021/2548
f 4813/2997/2529 4812/3017/2527 4824/3019/2547 4825/2998/2537
f 4821/3001/2530 4820/3020/2528 4832/3021/2548 4833/3002/2539
f 4606/3022/2256 4835/3007/2542 4847/3023/2549
f 4829/3012/2544 4828/3009/2543 4840/3024/2550 4841/3025/2551
f 4830/3014/2545 4829/3012/2544 4841/3025/2551 4842/3026/2552
f 4831/3016/2546 4830/3014/2545 4842/3026/2552 4843/3027/2553
f 4824/3019/2547 4811/3028/2255 4836/3029/2554
f 4832/3021/2548 4831/3016/2546 4843/3027/2553 4844/3030/2555
f 4825/2998/2537 4824/3019/2547 4836/3029/2554 4837/3031/2556
f 4833/3002/2539 4832/3021/2548 4844/3030/2555 4845/3032/2557
f 4826/2999/2538 4825/2998/2537 4837/3031/2556 4838/3033/2558
f 4834/3003/2540 4833/3002/2539 4845/3032/2557 4846/3034/2559
f 4827/3005/2541 4826/2999/2538 4838/3033/2558 4839/3035/2560
f 4835/3007/2542 4834/3003/2540 4846/3034/2559 4847/3023/2549
f 4828/3009/2543 4827/3005/2541 4839/3035/2560 4840/3024/2550
f 4836/3029/2554 4811/3036/2255 4848/3037/2561
f 4844/3030/2555 4843/3027/2553 4855/3038/2562 4856/3039/2563
f 4837/3031/2556 4836/3029/2554 4848/3037/2561 4849/3040/2564
f 4845/3032/2557 4844/3030/2555 4856/3039/2563 4857/3041/2565
f 4838/3033/2558 4837/3031/2556 4849/3040/2564 4850/3042/2566
f 4846/3034/2559 4845/3032/2557 4857/3041/2565 4858/3043/2567
f 4839/3035/2560 4838/3033/2558 4850/3042/2566 4851/3044/2568
f 4847/3023/2549 4846/3034/2559 4858/3043/2567 4859/3045/2569
f 4840/3024/2550 4839/3035/2560 4851/3044/2568 4852/3046/2570
f 4606/3047/2256 4847/3023/2549 4859/3045/2569
f 4841/3025/2551 4840/3024/2550 4852/3046/2570 4853/3048/2571
f 4842/3026/2552 4841/3025/2551 4853/3048/2571 4854/3049/2572
f 4843/3027/2553 4842/3026/2552 4854/3049/2572 4855/3038/2562
f 4858/3043/2567 4857/3041/2565 4869/3050/2573 4870/3051/2574
f 4851/3044/2568 4850/3042/2566 4862/3052/2575 4863/3053/2576
f 4859/3045/2569 4858/3043/2567 4870/3051/2574 4871/3054/2577
f 4852/3046/2570 4851/3044/2568 4863/3053/2576 4864/3055/2578
f 4606/3056/2256 4859/3045/2569 4871/3054/2577
f 4853/3048/2571 4852/3046/2570 4864/3055/2578 4865/3057/2579
f 4854/3049/2572 4853/3048/2571 4865/3057/2579 4866/3058/2580
f 4855/3038/2562 4854/3049/2572 4866/3058/2580 4867/3059/2581
f 4848/3037/2561 4811/3060/2255 4860/3061/2582
f 4856/3039/2563 4855/3038/2562 4867/3059/2581 4868/3062/2583
f 4849/3040/2564 4848/3037/2561 4860/3061/2582 4861/3063/2584
f 4857/3041/2565 4856/3039/2563 4868/3062/2583 4869/3050/2573
f 4850/3042/2566 4849/3040/2564 4861/3063/2584 4862/3052/2575
f 4865/3057/2579 4864/3055/2578 4876/3064/2585 4877/3065/2586
f 4866/3058/2580 4865/3057/2579 4877/3065/2586 4878/3066/2587
f 4867/3059/2581 4866/3058/2580 4878/3066/2587 4879/3067/2588
f 4860/3061/2582 4811/3068/2255 4872/3069/2589
f 4868/3062/2583 4867/3059/2581 4879/3067/2588 4880/3070/2590
f 4861/3063/2584 4860/3061/2582 4872/3069/2589 4873/3071/2591
f 4869/3050/2573 4868/3062/2583 4880/3070/2590 4881/3072/2592
f 4862/3052/2575 4861/3063/2584 4873/3071/2591 4874/3073/2593
f 4870/3051/2574 4869/3050/2573 4881/3072/2592 4882/3074/2594
f 4863/3053/2576 4862/3052/2575 4874/3073/2593 4875/3075/2595
f 4871/3054/2577 4870/3051/2574 4882/3074/2594 4883/3076/2596
f 4864/3055/2578 4863/3053/2576 4875/3075/2595 4876/3064/2585
f 4606/3077/2256 4871/3054/2577 4883/3076/2596
f 4880/3070/2590 4879/3067/2588 4891/3078/2597 4892/3079/2598
f 4873/3071/2591 4872/3069/2589 4884/3080/2599 4885/3081/2600
f 4881/3072/2592 4880/3070/2590 4892/3079/2598 4893/3082/2601
f 4874/3073/2593 4873/3071/2591 4885/3081/2600 4886/3083/2602
f 4882/3074/2594 4881/3072/2592 4893/3082/2601 4894/3084/2603
f 4875/3075/2595 4874/3073/2593 4886/3083/2602 4887/3085/2604
f 4883/3076/2596 4882/3074/2594 4894/3084/2603 4895/3086/2605
f 4876/3064/2585 4875/3075/2595 4887/3085/2604 4888/3087/2606
f 4606/3088/2256 4883/3076/2596 4895/3086/2605
f 4877/3065/2586 4876/3064/2585 4888/3087/2606 4889/3089/2607
f 4878/3066/2587 4877/3065/2586 4889/3089/2607 4890/3090/2677
f 4879/3067/2588 4878/3066/2587 4890/3090/2677 4891/3078/2597
f 4872/3069/2589 4811/3091/2255 4884/3080/2599
f 4887/3085/2604 4886/3083/2602 4898/3092/2609 4899/3093/2610
f 4895/3086/2605 4894/3084/2603 4906/3094/2611 4907/3095/2612
f 4888/3087/2606 4887/3085/2604 4899/3093/2610 4900/3096/2613
f 4606/3097/2256 4895/3086/2605 4907/3095/2612
f 4889/3089/2607 4888/3087/2606 4900/3096/2613 4901/3098/2614
f 4890/3090/2677 4889/3089/2607 4901/3098/2614 4902/3099/2615
f 4891/3078/2597 4890/3090/2677 4902/3099/2615 4903/3100/2616
f 4884/3080/2599 4811/3101/2255 4896/3102/2617
f 4892/3079/2598 4891/3078/2597 4903/3100/2616 4904/3103/2618
f 4885/3081/2600 4884/3080/2599 4896/3102/2617 4897/3104/2619
f 4893/3082/2601 4892/3079/2598 4904/3103/2618 4905/3105/2620
f 4886/3083/2602 4885/3081/2600 4897/3104/2619 4898/3092/2609
f 4894/3084/2603 4893/3082/2601 4905/3105/2620 4906/3094/2611
f 4902/3099/2615 4901/3098/2614 4911/2712/2293 4912/2714/2295
f 4903/3100/2616 4902/3099/2615 4912/2714/2295 4567/2694/2276
f 4896/3102/2617 4811/3106/2255 4908/2690/2273
f 4904/3103/2618 4903/3100/2616 4567/2694/2276 4568/2693/2275
f 4897/3104/2619 4896/3102/2617 4908/2690/2273 4909/2697/2279
f 4905/3105/2620 4904/3103/2618 4568/2693/2275 4569/2699/2281
f 4898/3092/2609 4897/3104/2619 4909/2697/2279 4565/2701/2283
f 4906/3094/2611 4905/3105/2620 4569/2699/2281 4913/2703/2285
f 4899/3093/2610 4898/3092/2609 4565/2701/2283 4910/2705/2287
f 4907/3095/2612 4906/3094/2611 4913/2703/2285 4914/2707/2289
f 4900/3096/2613 4899/3093/2610 4910/2705/2287 4566/2709/2291
f 4606/3107/2256 4907/3095/2612 4914/2707/2289
f 4901/3098/2614 4900/3096/2613 4566/2709/2291 4911/2712/2293
o Cylinder.003
v -3.154795 -1.394082 -2.457967
v -3.154795 -0.430933 -2.457967
v -2.825084 -1.394082 -2.361155
v -2.825084 -0.430933 -2.361155
v -2.600055 -1.394082 -2.101456
v -2.600055 -0.430933 -2.101456
v -2.551151 -1.394082 -1.761324
v -2.551151 -0.430933 -1.761324
v -2.693900 -1.394082 -1.448747
v -2.693900 -0.430933 -1.448747
v -2.982980 -1.394082 -1.262966
v -2.982980 -0.430933 -1.262966
v -3.326611 -1.394082 -1.262966
v -3.326611 -0.430933 -1.262966
v -3.615691 -1.394082 -1.448747
v -3.615691 -0.430933 -1.448747
v -3.758440 -1.394082 -1.761324
v -3.758440 -0.430933 -1.761324
v -3.709536 -1.394082 -2.101456
v -3.709536 -0.430933 -2.101456
v -3.484506 -1.394082 -2.361155
v -3.484506 -0.430933 -2.361155
v -3.154795 -1.582507 -2.359730
v -2.878196 -1.582507 -2.278512
v -2.878196 -0.242508 -2.278512
v -3.154795 -0.242508 -2.359730
v -2.689414 -1.582507 -2.060647
v -2.689414 -0.242508 -2.060647
v -2.648388 -1.582507 -1.775304
v -2.648388 -0.242508 -1.775304
v -2.768143 -1.582507 -1.513078
v -2.768143 -0.242508 -1.513078
v -3.010657 -1.582507 -1.357224
v -3.010657 -0.242508 -1.357224
v -3.298934 -1.582507 -1.357224
v -3.298934 -0.242508 -1.357224
v -3.541448 -1.582507 -1.513078
v -3.541448 -0.242508 -1.513078
v -3.661203 -1.582507 -1.775304
v -3.661203 -0.242508 -1.775304
v -3.620177 -1.582507 -2.060647
v -3.620177 -0.242508 -2.060647
v -3.431395 -1.582507 -2.278512
v -3.431395 -0.242508 -2.278512
v -3.154795 -1.153295 -2.457967
v -3.154795 -0.912508 -2.457967
v -3.154795 -0.671720 -2.457967
v -2.825084 -0.671720 -2.361155
v -2.825084 -0.912508 -2.361155
v -2.825084 -1.153295 -2.361155
v -2.600055 -0.671720 -2.101456
v -2.600055 -0.912508 -2.101456
v -2.600055 -1.153295 -2.101456
v -2.551151 -0.671720 -1.761324
v -2.551151 -0.912508 -1.761324
v -2.551151 -1.153295 -1.761324
v -2.693900 -0.671720 -1.448747
v -2.693900 -0.912508 -1.448747
v -2.693900 -1.153295 -1.448747
v -2.982980 -0.671720 -1.262966
v -2.982980 -0.912508 -1.262966
v -2.982980 -1.153295 -1.262966
v -3.326611 -0.671720 -1.262966
v -3.326611 -0.912508 -1.262966
v -3.326611 -1.153295 -1.262966
v -3.615691 -0.671720 -1.448747
v -3.615691 -0.912508 -1.448747
v -3.615691 -1.153295 -1.448747
v -3.758440 -0.671720 -1.761324
v -3.758440 -0.912508 -1.761324
v -3.758440 -1.153295 -1.761324
v -3.709536 -0.671720 -2.101456
v -3.709536 -0.912508 -2.101456
v -3.709536 -1.153295 -2.101456
v -3.484506 -0.671720 -2.361155
v -3.484506 -0.912508 -2.361155
v -3.484506 -1.153295 -2.361155
v -3.154795 -1.394082 -2.488369
v -2.808648 -1.394082 -2.386731
v -2.808648 -0.430933 -2.386731
v -3.154795 -0.430933 -2.488369
v -3.154795 -0.671720 -2.488369
v -2.808648 -1.153295 -2.386731
v -2.572400 -1.394082 -2.114086
v -2.572400 -0.430933 -2.114086
v -2.572400 -1.153295 -2.114086
v -2.521058 -1.394082 -1.756997
v -2.521058 -0.430933 -1.756997
v -2.521058 -1.153295 -1.756997
v -2.670924 -1.394082 -1.428837
v -2.670924 -0.430933 -1.428837
v -2.670924 -1.153295 -1.428837
v -2.974415 -1.394082 -1.233795
v -2.974415 -0.430933 -1.233795
v -2.974415 -1.153295 -1.233795
v -3.335176 -1.394082 -1.233795
v -3.335176 -0.430933 -1.233795
v -3.335176 -1.153295 -1.233795
v -3.638667 -1.394082 -1.428837
v -3.638667 -0.430933 -1.428837
v -3.638667 -1.153295 -1.428837
v -3.788533 -1.394082 -1.756997
v -3.788533 -0.430933 -1.756997
v -3.788533 -1.153295 -1.756997
v -3.737191 -1.394082 -2.114086
v -3.737191 -0.430933 -2.114086
v -3.737191 -1.153295 -2.114086
v -3.500943 -1.394082 -2.386731
v -3.500943 -0.430933 -2.386731
v -3.500943 -1.153295 -2.386731
v -3.154795 -1.153295 -2.488369
v -2.808648 -0.671720 -2.386731
v -2.572400 -0.671720 -2.114086
v -2.521058 -0.671720 -1.756997
v -2.670924 -0.671720 -1.428837
v -2.974415 -0.671720 -1.233795
v -3.335176 -0.671720 -1.233795
v -3.638667 -0.671720 -1.428837
v -3.788533 -0.671720 -1.756997
v -3.737191 -0.671720 -2.114086
v -3.500943 -0.671720 -2.386731
vn -0.0000 -1.0000 -0.0000
vn -0.0000 1.0000 -0.0000
vn 0.2520 -0.4474 -0.8581
vn -0.8135 -0.4474 0.3715
vn 0.8852 0.4474 -0.1273
vn -0.8135 0.4474 0.3715
vn 0.2520 0.4474 -0.8581
vn -0.0000 -0.4474 0.8943
vn -0.2520 -0.4474 -0.8581
vn -0.0000 0.4474 0.8943
vn -0.2520 0.4474 -0.8581
vn 0.8135 -0.4474 0.3715
vn -0.8852 -0.4474 -0.1273
vn 0.8135 0.4474 0.3715
vn -0.8852 0.4474 -0.1273
vn 0.6759 -0.4474 -0.5857
vn -0.4835 -0.4474 0.7524
vn 0.6759 0.4474 -0.5857
vn -0.4835 0.4474 0.7524
vn 0.4835 -0.4474 0.7524
vn -0.6759 -0.4474 -0.5857
vn 0.4835 0.4474 0.7524
vn -0.6759 0.4474 -0.5857
vn 0.8852 -0.4474 -0.1273
vn -0.2817 -0.0000 -0.9595
vn -0.7557 -0.0000 -0.6549
vn -0.9898 -0.0000 -0.1423
vn -0.9096 -0.0000 0.4154
vn -0.5406 -0.0000 0.8413
vn -0.0000 -0.0000 1.0000
vn 0.5406 -0.0000 0.8413
vn 0.9096 -0.0000 0.4154
vn 0.9898 -0.0000 -0.1423
vn 0.7557 -0.0000 -0.6549
vn 0.2817 -0.0000 -0.9595
vt 0.360536 0.068898
vt 0.451445 0.068898
vt 0.955597 0.212648
vt 0.864688 0.212648
vt 0.137415 0.212648
vt 0.046506 0.212648
vt 0.501051 0.087648
vt 0.591960 0.087648
vt 0.178718 0.193898
vt 0.087809 0.193898
vt 0.724172 0.068898
vt 0.815081 0.068898
vt 0.501051 0.212648
vt 0.410142 0.212648
vt 0.137415 0.087648
vt 0.228324 0.087648
vt 0.996900 0.193898
vt 0.905990 0.193898
vt 1.000000 0.500000
vt 0.909091 0.500000
vt 0.633263 0.193898
vt 0.542354 0.193898
vt 0.269627 0.068898
vt 0.363636 0.500000
vt 0.272727 0.500000
vt 0.461790 0.900087
vt 0.410521 0.915141
vt 0.359253 0.900087
vt 0.324262 0.859705
vt 0.316658 0.806816
vt 0.338854 0.758212
vt 0.383805 0.729324
vt 0.437238 0.729324
vt 0.482188 0.758212
vt 0.504385 0.806816
vt 0.496780 0.859705
vt 0.608081 0.915141
vt 0.659349 0.900087
vt 0.694340 0.859705
vt 0.701945 0.806816
vt 0.679748 0.758212
vt 0.634797 0.729324
vt 0.581365 0.729324
vt 0.536414 0.758212
vt 0.514218 0.806816
vt 0.521822 0.859705
vt 0.556813 0.900087
vt 0.661244 0.755069
vt 0.718300 0.755069
vt 0.375961 0.755069
vt 0.433017 0.755069
vt 0.775357 0.755069
vt 0.832414 0.755069
vt 0.545454 0.500000
vt 0.454545 0.500000
vt 0.090909 0.500000
vt -0.000000 0.500000
vt 0.490074 0.755069
vt 0.547130 0.755069
vt 0.204791 0.755069
vt 0.261847 0.755069
vt 0.727273 0.500000
vt 0.636364 0.500000
vt 0.181818 0.500000
vt 0.604187 0.755069
vt 0.318904 0.755069
vt 0.818182 0.500000
vt 0.955597 0.087648
vt 1.046506 0.087648
vt 0.090909 0.625000
vt 0.090909 0.750000
vt -0.000000 0.750000
vt -0.000000 0.625000
vt 0.090909 0.875000
vt -0.000000 0.875000
vt 0.773778 0.212648
vt 0.181818 0.625000
vt 0.181818 0.750000
vt 0.181818 0.875000
vt 0.682869 0.087648
vt 0.272727 0.625000
vt 0.272727 0.750000
vt 0.272727 0.875000
vt 0.269627 0.193898
vt 0.363636 0.625000
vt 0.363636 0.750000
vt 0.363636 0.875000
vt 0.633263 0.068898
vt 0.454545 0.625000
vt 0.454545 0.750000
vt 0.454545 0.875000
vt 0.319233 0.212648
vt 0.545454 0.625000
vt 0.545454 0.750000
vt 0.545454 0.875000
vt 0.319233 0.087648
vt 0.636364 0.625000
vt 0.636364 0.750000
vt 0.636364 0.875000
vt 0.724172 0.193898
vt 0.727273 0.625000
vt 0.727273 0.750000
vt 0.727273 0.875000
vt 0.178718 0.068898
vt 0.818182 0.625000
vt 0.818182 0.750000
vt 0.818182 0.875000
vt 0.682869 0.212648
vt 0.909091 0.625000
vt 0.909091 0.750000
vt 0.909091 0.875000
vt 0.773778 0.087648
vt 1.000000 0.625000
vt 1.000000 0.750000
vt 1.000000 0.875000
vt 0.996900 0.068898
vt 0.905990 0.068898
vt 0.815081 0.193898
vt 0.542354 0.068898
vt 0.451445 0.193898
vt 0.360536 0.193898
vt 0.087809 0.068898
vt -0.003101 0.193898
vt -0.003101 0.068898
vt 0.046506 0.087648
vt 0.228324 0.212648
vt 0.410142 0.087648
vt 0.591960 0.212648
vt 0.864688 0.087648
vt 1.046506 0.212648
s 0
usemtl Barrel
f 4980/3234/2678 4977/3235/2678 5031/3235/2678 5032/3234/2678
f 4964/3236/2679 4967/3237/2679 5000/3237/2679 4997/3236/2679
f 4991/3238/2679 4959/3239/2679 5025/3239/2679 5024/3238/2679
f 4927/3240/2678 4925/3241/2678 5007/3241/2678 5010/3240/2678
f 4934/3242/2679 4936/3243/2679 5023/3243/2679 5020/3242/2679
f 4968/3244/2678 4965/3245/2678 5027/3245/2678 5028/3244/2678
f 4979/3246/2679 4982/3247/2679 5015/3247/2679 5012/3246/2679
f 4935/3248/2678 4933/3249/2678 5019/3249/2678 5022/3248/2678
f 4916/3250/2679 4918/3251/2679 4994/3251/2679 4995/3250/2679
f 4915/3252/2680 4917/3253/2680 4938/3253/2680 4937/3252/2680
f 4924/3254/2679 4926/3255/2679 5008/3255/2679 5005/3254/2679
f 4983/3256/2678 4980/3234/2678 5032/3234/2678 5033/3256/2678
f 4929/3257/2681 4931/3258/2681 4953/3258/2681 4951/3257/2681
f 4939/3259/2679 4940/3260/2679 4958/3261/2679 4956/3262/2679 4954/3263/2679 4952/3264/2679 4950/3265/2679 4948/3266/2679 4946/3267/2679 4944/3268/2679 4942/3269/2679
f 4937/3270/2678 4938/3271/2678 4941/3272/2678 4943/3273/2678 4945/3274/2678 4947/3275/2678 4949/3276/2678 4951/3277/2678 4953/3278/2678 4955/3279/2678 4957/3280/2678
f 4922/3281/2682 4920/3282/2682 4942/3282/2682 4944/3281/2682
f 4932/3283/2683 4930/3284/2683 4952/3284/2683 4954/3283/2683
f 4918/3285/2684 4916/3286/2684 4940/3286/2684 4939/3285/2684
f 4925/3287/2685 4927/3288/2685 4949/3288/2685 4947/3287/2685
f 4935/3289/2686 4915/3290/2686 4937/3290/2686 4957/3289/2686
f 4928/3291/2687 4926/3292/2687 4948/3292/2687 4950/3291/2687
f 4916/3293/2688 4936/3294/2688 4958/3294/2688 4940/3293/2688
f 4921/3295/2689 4923/3296/2689 4945/3296/2689 4943/3295/2689
f 4931/3258/2690 4933/3297/2690 4955/3297/2690 4953/3258/2690
f 4924/3298/2691 4922/3281/2691 4944/3281/2691 4946/3298/2691
f 4934/3299/2692 4932/3283/2692 4954/3283/2692 4956/3299/2692
f 4917/3253/2693 4919/3300/2693 4941/3300/2693 4938/3253/2693
f 4927/3288/2694 4929/3257/2694 4951/3257/2694 4949/3288/2694
f 4920/3282/2695 4918/3285/2695 4939/3285/2695 4942/3282/2695
f 4930/3284/2696 4928/3291/2696 4950/3291/2696 4952/3284/2696
f 4923/3296/2697 4925/3287/2697 4947/3287/2697 4945/3296/2697
f 4933/3297/2698 4935/3289/2698 4957/3289/2698 4955/3297/2698
f 4926/3292/2699 4924/3298/2699 4946/3298/2699 4948/3292/2699
f 4936/3294/2700 4934/3299/2700 4956/3299/2700 4958/3294/2700
f 4919/3300/2701 4921/3295/2701 4943/3295/2701 4941/3300/2701
f 4917/3301/2678 4915/3302/2678 4992/3302/2678 4993/3301/2678
f 4991/3303/2702 4990/3304/2702 4960/3305/2702 4959/3306/2702
f 4990/3304/2702 4989/3307/2702 4961/3308/2702 4960/3305/2702
f 4967/3237/2679 4970/3309/2679 5003/3309/2679 5000/3237/2679
f 4988/3310/2703 4987/3311/2703 4990/3304/2703 4991/3303/2703
f 4987/3311/2703 4986/3312/2703 4989/3307/2703 4990/3304/2703
f 4925/3241/2678 4923/3313/2678 5004/3313/2678 5007/3241/2678
f 4985/3314/2704 4984/3315/2704 4987/3311/2704 4988/3310/2704
f 4984/3315/2704 4983/3316/2704 4986/3312/2704 4987/3311/2704
f 4932/3317/2679 4934/3242/2679 5020/3242/2679 5017/3317/2679
f 4982/3318/2705 4981/3319/2705 4984/3315/2705 4985/3314/2705
f 4981/3319/2705 4980/3320/2705 4983/3316/2705 4984/3315/2705
f 4971/3321/2678 4968/3244/2678 5028/3244/2678 5029/3321/2678
f 4979/3322/2706 4978/3323/2706 4981/3319/2706 4982/3318/2706
f 4978/3323/2706 4977/3324/2706 4980/3320/2706 4981/3319/2706
f 4982/3247/2679 4985/3325/2679 5018/3325/2679 5015/3247/2679
f 4976/3326/2707 4975/3327/2707 4978/3323/2707 4979/3322/2707
f 4975/3327/2707 4974/3328/2707 4977/3324/2707 4978/3323/2707
f 4933/3249/2678 4931/3329/2678 5016/3329/2678 5019/3249/2678
f 4973/3330/2708 4972/3331/2708 4975/3327/2708 4976/3326/2708
f 4972/3331/2708 4971/3332/2708 4974/3328/2708 4975/3327/2708
f 4922/3333/2679 4924/3254/2679 5005/3254/2679 5002/3333/2679
f 4970/3334/2709 4969/3335/2709 4972/3331/2709 4973/3330/2709
f 4969/3335/2709 4968/3336/2709 4971/3332/2709 4972/3331/2709
f 4986/3337/2678 4983/3256/2678 5033/3256/2678 5034/3337/2678
f 4967/3338/2710 4966/3339/2710 4969/3335/2710 4970/3334/2710
f 4966/3339/2710 4965/3340/2710 4968/3336/2710 4969/3335/2710
f 4970/3309/2679 4973/3341/2679 5006/3341/2679 5003/3309/2679
f 4964/3342/2711 4963/3343/2711 4966/3339/2711 4967/3338/2711
f 4963/3343/2711 4962/3344/2711 4965/3340/2711 4966/3339/2711
f 4923/3313/2678 4921/3345/2678 5001/3345/2678 5004/3313/2678
f 4959/3346/2712 4960/3347/2712 4963/3343/2712 4964/3342/2712
f 4960/3347/2712 4961/3348/2712 4962/3344/2712 4963/3343/2712
f 4996/3349/2712 4995/3250/2712 4994/3251/2712 5026/3350/2712
f 5026/3350/2711 4994/3251/2711 4999/3351/2711 5027/3245/2711
f 5027/3245/2710 4999/3351/2710 5002/3333/2710 5028/3244/2710
f 5028/3244/2709 5002/3333/2709 5005/3254/2709 5029/3321/2709
f 5029/3321/2708 5005/3254/2708 5008/3255/2708 5030/3352/2708
f 5030/3352/2707 5008/3255/2707 5011/3353/2707 5031/3235/2707
f 5031/3235/2706 5011/3353/2706 5014/3354/2706 5032/3234/2706
f 5032/3234/2705 5014/3354/2705 5017/3317/2705 5033/3256/2705
f 5033/3256/2704 5017/3317/2704 5020/3242/2704 5034/3337/2704
f 5034/3337/2703 5020/3242/2703 5023/3243/2703 5035/3355/2703
f 5035/3355/2702 5023/3243/2702 4995/3356/2702 4996/3357/2702
f 5022/3248/2702 5024/3238/2702 5025/3239/2702 4992/3358/2702
f 5019/3249/2703 5021/3359/2703 5024/3238/2703 5022/3248/2703
f 5016/3329/2704 5018/3325/2704 5021/3359/2704 5019/3249/2704
f 5013/3360/2705 5015/3247/2705 5018/3325/2705 5016/3329/2705
f 5010/3240/2706 5012/3246/2706 5015/3247/2706 5013/3360/2706
f 5007/3241/2707 5009/3361/2707 5012/3246/2707 5010/3240/2707
f 5004/3313/2708 5006/3341/2708 5009/3361/2708 5007/3241/2708
f 5001/3345/2709 5003/3309/2709 5006/3341/2709 5004/3313/2709
f 4998/3362/2710 5000/3237/2710 5003/3309/2710 5001/3345/2710
f 4993/3301/2711 4997/3236/2711 5000/3237/2711 4998/3362/2711
f 4992/3302/2712 5025/3363/2712 4997/3236/2712 4993/3301/2712
f 4926/3255/2679 4928/3353/2679 5011/3353/2679 5008/3255/2679
f 4919/3362/2678 4917/3301/2678 4993/3301/2678 4998/3362/2678
f 4915/3358/2678 4935/3248/2678 5022/3248/2678 4992/3358/2678
f 4976/3361/2679 4979/3246/2679 5012/3246/2679 5009/3361/2679
f 4961/3357/2678 4989/3355/2678 5035/3355/2678 4996/3357/2678
f 4965/3245/2678 4962/3350/2678 5026/3350/2678 5027/3245/2678
f 4918/3251/2679 4920/3351/2679 4999/3351/2679 4994/3251/2679
f 4936/3243/2679 4916/3356/2679 4995/3356/2679 5023/3243/2679
f 4929/3360/2678 4927/3240/2678 5010/3240/2678 5013/3360/2678
f 4988/3359/2679 4991/3238/2679 5024/3238/2679 5021/3359/2679
f 4959/3363/2679 4964/3236/2679 4997/3236/2679 5025/3363/2679
f 4977/3235/2678 4974/3352/2678 5030/3352/2678 5031/3235/2678
f 4928/3353/2679 4930/3354/2679 5014/3354/2679 5011/3353/2679
f 4921/3345/2678 4919/3362/2678 4998/3362/2678 5001/3345/2678
f 4973/3341/2679 4976/3361/2679 5009/3361/2679 5006/3341/2679
f 4989/3355/2678 4986/3337/2678 5034/3337/2678 5035/3355/2678
f 4962/3350/2678 4961/3349/2678 4996/3349/2678 5026/3350/2678
f 4920/3351/2679 4922/3333/2679 5002/3333/2679 4999/3351/2679
f 4931/3329/2678 4929/3360/2678 5013/3360/2678 5016/3329/2678
f 4985/3325/2679 4988/3359/2679 5021/3359/2679 5018/3325/2679
f 4974/3352/2678 4971/3321/2678 5029/3321/2678 5030/3352/2678
f 4930/3354/2679 4932/3317/2679 5017/3317/2679 5014/3354/2679
o Cylinder.004
v -3.154795 -1.390424 -1.354997
v -3.154795 -0.282664 -1.354997
v -2.775580 -1.390424 -1.243649
v -2.775580 -0.282664 -1.243649
v -2.516763 -1.390424 -0.944959
v -2.516763 -0.282664 -0.944959
v -2.460517 -1.390424 -0.553757
v -2.460517 -0.282664 -0.553757
v -2.624699 -1.390424 -0.194248
v -2.624699 -0.282664 -0.194248
v -2.957183 -1.390424 0.019427
v -2.957183 -0.282664 0.019427
v -3.352408 -1.390424 0.019427
v -3.352408 -0.282664 0.019427
v -3.684892 -1.390424 -0.194248
v -3.684892 -0.282664 -0.194248
v -3.849074 -1.390424 -0.553757
v -3.849074 -0.282664 -0.553757
v -3.792828 -1.390424 -0.944959
v -3.792828 -0.282664 -0.944959
v -3.534011 -1.390424 -1.243649
v -3.534011 -0.282664 -1.243649
v -3.154795 -1.607141 -1.242010
v -2.836666 -1.607141 -1.148599
v -2.836666 -0.065948 -1.148599
v -3.154795 -0.065948 -1.242010
v -2.619540 -1.607141 -0.898022
v -2.619540 -0.065948 -0.898022
v -2.572354 -1.607141 -0.569837
v -2.572354 -0.065948 -0.569837
v -2.710089 -1.607141 -0.268239
v -2.710089 -0.065948 -0.268239
v -2.989015 -1.607141 -0.088984
v -2.989015 -0.065948 -0.088984
v -3.320576 -1.607141 -0.088984
v -3.320576 -0.065948 -0.088984
v -3.599502 -1.607141 -0.268239
v -3.599502 -0.065948 -0.268239
v -3.737237 -1.607141 -0.569837
v -3.737237 -0.065948 -0.569837
v -3.690051 -1.607141 -0.898022
v -3.690051 -0.065948 -0.898022
v -3.472925 -1.607141 -1.148599
v -3.472925 -0.065948 -1.148599
v -3.154795 -1.113484 -1.354997
v -3.154795 -0.836544 -1.354997
v -3.154795 -0.559604 -1.354997
v -2.775580 -0.559604 -1.243649
v -2.775580 -0.836544 -1.243649
v -2.775580 -1.113484 -1.243649
v -2.516763 -0.559604 -0.944959
v -2.516763 -0.836544 -0.944959
v -2.516763 -1.113484 -0.944959
v -2.460517 -0.559604 -0.553757
v -2.460517 -0.836544 -0.553757
v -2.460517 -1.113484 -0.553757
v -2.624699 -0.559604 -0.194248
v -2.624699 -0.836544 -0.194248
v -2.624699 -1.113484 -0.194248
v -2.957183 -0.559604 0.019427
v -2.957183 -0.836544 0.019427
v -2.957183 -1.113484 0.019427
v -3.352408 -0.559604 0.019427
v -3.352408 -0.836544 0.019427
v -3.352408 -1.113484 0.019427
v -3.684892 -0.559604 -0.194248
v -3.684892 -0.836544 -0.194248
v -3.684892 -1.113484 -0.194248
v -3.849074 -0.559604 -0.553757
v -3.849074 -0.836544 -0.553757
v -3.849074 -1.113484 -0.553757
v -3.792828 -0.559604 -0.944959
v -3.792828 -0.836544 -0.944959
v -3.792828 -1.113484 -0.944959
v -3.534011 -0.559604 -1.243649
v -3.534011 -0.836544 -1.243649
v -3.534011 -1.113484 -1.243649
v -3.154795 -1.390424 -1.389964
v -2.756676 -1.390424 -1.273065
v -2.756676 -0.282664 -1.273065
v -3.154795 -0.282664 -1.389964
v -3.154795 -0.559604 -1.389964
v -2.756676 -1.113484 -1.273065
v -2.484956 -1.390424 -0.959484
v -2.484956 -0.282664 -0.959484
v -2.484956 -1.113484 -0.959484
v -2.425906 -1.390424 -0.548781
v -2.425906 -0.282664 -0.548781
v -2.425906 -1.113484 -0.548781
v -2.598273 -1.390424 -0.171350
v -2.598273 -0.282664 -0.171350
v -2.598273 -1.113484 -0.171350
v -2.947332 -1.390424 0.052977
v -2.947332 -0.282664 0.052977
v -2.947332 -1.113484 0.052977
v -3.362259 -1.390424 0.052977
v -3.362259 -0.282664 0.052977
v -3.362259 -1.113484 0.052977
v -3.711318 -1.390424 -0.171350
v -3.711318 -0.282664 -0.171350
v -3.711318 -1.113484 -0.171350
v -3.883685 -1.390424 -0.548781
v -3.883685 -0.282664 -0.548781
v -3.883685 -1.113484 -0.548781
v -3.824635 -1.390424 -0.959484
v -3.824635 -0.282664 -0.959484
v -3.824635 -1.113484 -0.959484
v -3.552915 -1.390424 -1.273065
v -3.552915 -0.282664 -1.273065
v -3.552915 -1.113484 -1.273065
v -3.154795 -1.113484 -1.389964
v -2.756676 -0.559604 -1.273065
v -2.484956 -0.559604 -0.959484
v -2.425906 -0.559604 -0.548781
v -2.598273 -0.559604 -0.171350
v -2.947332 -0.559604 0.052977
v -3.362259 -0.559604 0.052977
v -3.711318 -0.559604 -0.171350
v -3.883685 -0.559604 -0.548781
v -3.824635 -0.559604 -0.959484
v -3.552915 -0.559604 -1.273065
vn -0.0000 -1.0000 -0.0000
vn -0.0000 1.0000 -0.0000
vn 0.2520 -0.4474 -0.8581
vn -0.8135 -0.4474 0.3715
vn 0.8852 0.4474 -0.1273
vn -0.8135 0.4474 0.3715
vn 0.2520 0.4474 -0.8581
vn -0.0000 -0.4474 0.8943
vn -0.2520 -0.4474 -0.8581
vn -0.0000 0.4474 0.8943
vn -0.2520 0.4474 -0.8581
vn 0.8135 -0.4474 0.3715
vn -0.8852 -0.4474 -0.1273
vn 0.8135 0.4474 0.3715
vn -0.8852 0.4474 -0.1273
vn 0.6759 -0.4474 -0.5857
vn -0.4835 -0.4474 0.7524
vn 0.6759 0.4474 -0.5857
vn -0.4835 0.4474 0.7524
vn 0.4835 -0.4474 0.7524
vn -0.6759 -0.4474 -0.5857
vn 0.4835 0.4474 0.7524
vn -0.6759 0.4474 -0.5857
vn 0.8852 -0.4474 -0.1273
vn -0.2817 -0.0000 -0.9595
vn -0.7557 -0.0000 -0.6549
vn -0.9898 -0.0000 -0.1423
vn -0.9096 -0.0000 0.4154
vn -0.5406 -0.0000 0.8413
vn -0.0000 -0.0000 1.0000
vn 0.5406 -0.0000 0.8413
vn 0.9096 -0.0000 0.4154
vn 0.9898 -0.0000 -0.1423
vn 0.7557 -0.0000 -0.6549
vn 0.2817 -0.0000 -0.9595
vt 0.360536 0.068898
vt 0.451445 0.068898
vt 0.955597 0.212648
vt 0.864688 0.212648
vt 0.137415 0.212648
vt 0.046506 0.212648
vt 0.501051 0.087648
vt 0.591960 0.087648
vt 0.178718 0.193898
vt 0.087809 0.193898
vt 0.724172 0.068898
vt 0.815081 0.068898
vt 0.501051 0.212648
vt 0.410142 0.212648
vt 0.137415 0.087648
vt 0.228324 0.087648
vt 0.996900 0.193898
vt 0.905990 0.193898
vt 1.000000 0.500000
vt 0.909091 0.500000
vt 0.633263 0.193898
vt 0.542354 0.193898
vt 0.269627 0.068898
vt 0.363636 0.500000
vt 0.272727 0.500000
vt 0.461790 0.900087
vt 0.410521 0.915141
vt 0.359253 0.900087
vt 0.324262 0.859705
vt 0.316658 0.806816
vt 0.338854 0.758212
vt 0.383805 0.729324
vt 0.437238 0.729324
vt 0.482188 0.758212
vt 0.504385 0.806816
vt 0.496780 0.859705
vt 0.608081 0.915141
vt 0.659349 0.900087
vt 0.694340 0.859705
vt 0.701945 0.806816
vt 0.679748 0.758212
vt 0.634797 0.729324
vt 0.581365 0.729324
vt 0.536414 0.758212
vt 0.514218 0.806816
vt 0.521822 0.859705
vt 0.556813 0.900087
vt 0.661244 0.755069
vt 0.718300 0.755069
vt 0.375961 0.755069
vt 0.433017 0.755069
vt 0.775357 0.755069
vt 0.832414 0.755069
vt 0.545454 0.500000
vt 0.454545 0.500000
vt 0.090909 0.500000
vt -0.000000 0.500000
vt 0.490074 0.755069
vt 0.547130 0.755069
vt 0.204791 0.755069
vt 0.261847 0.755069
vt 0.727273 0.500000
vt 0.636364 0.500000
vt 0.181818 0.500000
vt 0.604187 0.755069
vt 0.318904 0.755069
vt 0.818182 0.500000
vt 0.955597 0.087648
vt 1.046506 0.087648
vt 0.090909 0.625000
vt 0.090909 0.750000
vt -0.000000 0.750000
vt -0.000000 0.625000
vt 0.090909 0.875000
vt -0.000000 0.875000
vt 0.773778 0.212648
vt 0.181818 0.625000
vt 0.181818 0.750000
vt 0.181818 0.875000
vt 0.682869 0.087648
vt 0.272727 0.625000
vt 0.272727 0.750000
vt 0.272727 0.875000
vt 0.269627 0.193898
vt 0.363636 0.625000
vt 0.363636 0.750000
vt 0.363636 0.875000
vt 0.633263 0.068898
vt 0.454545 0.625000
vt 0.454545 0.750000
vt 0.454545 0.875000
vt 0.319233 0.212648
vt 0.545454 0.625000
vt 0.545454 0.750000
vt 0.545454 0.875000
vt 0.319233 0.087648
vt 0.636364 0.625000
vt 0.636364 0.750000
vt 0.636364 0.875000
vt 0.724172 0.193898
vt 0.727273 0.625000
vt 0.727273 0.750000
vt 0.727273 0.875000
vt 0.178718 0.068898
vt 0.818182 0.625000
vt 0.818182 0.750000
vt 0.818182 0.875000
vt 0.682869 0.212648
vt 0.909091 0.625000
vt 0.909091 0.750000
vt 0.909091 0.875000
vt 0.773778 0.087648
vt 1.000000 0.625000
vt 1.000000 0.750000
vt 1.000000 0.875000
vt 0.996900 0.068898
vt 0.905990 0.068898
vt 0.815081 0.193898
vt 0.542354 0.068898
vt 0.451445 0.193898
vt 0.360536 0.193898
vt 0.087809 0.068898
vt -0.003101 0.193898
vt -0.003101 0.068898
vt 0.046506 0.087648
vt 0.228324 0.212648
vt 0.410142 0.087648
vt 0.591960 0.212648
vt 0.864688 0.087648
vt 1.046506 0.212648
s 0
usemtl Barrel
f 5101/3364/2713 5098/3365/2713 5152/3365/2713 5153/3364/2713
f 5085/3366/2714 5088/3367/2714 5121/3367/2714 5118/3366/2714
f 5112/3368/2714 5080/3369/2714 5146/3369/2714 5145/3368/2714
f 5048/3370/2713 5046/3371/2713 5128/3371/2713 5131/3370/2713
f 5055/3372/2714 5057/3373/2714 5144/3373/2714 5141/3372/2714
f 5089/3374/2713 5086/3375/2713 5148/3375/2713 5149/3374/2713
f 5100/3376/2714 5103/3377/2714 5136/3377/2714 5133/3376/2714
f 5056/3378/2713 5054/3379/2713 5140/3379/2713 5143/3378/2713
f 5037/3380/2714 5039/3381/2714 5115/3381/2714 5116/3380/2714
f 5036/3382/2715 5038/3383/2715 5059/3383/2715 5058/3382/2715
f 5045/3384/2714 5047/3385/2714 5129/3385/2714 5126/3384/2714
f 5104/3386/2713 5101/3364/2713 5153/3364/2713 5154/3386/2713
f 5050/3387/2716 5052/3388/2716 5074/3388/2716 5072/3387/2716
f 5060/3389/2714 5061/3390/2714 5079/3391/2714 5077/3392/2714 5075/3393/2714 5073/3394/2714 5071/3395/2714 5069/3396/2714 5067/3397/2714 5065/3398/2714 5063/3399/2714
f 5058/3400/2713 5059/3401/2713 5062/3402/2713 5064/3403/2713 5066/3404/2713 5068/3405/2713 5070/3406/2713 5072/3407/2713 5074/3408/2713 5076/3409/2713 5078/3410/2713
f 5043/3411/2717 5041/3412/2717 5063/3412/2717 5065/3411/2717
f 5053/3413/2718 5051/3414/2718 5073/3414/2718 5075/3413/2718
f 5039/3415/2719 5037/3416/2719 5061/3416/2719 5060/3415/2719
f 5046/3417/2720 5048/3418/2720 5070/3418/2720 5068/3417/2720
f 5056/3419/2721 5036/3420/2721 5058/3420/2721 5078/3419/2721
f 5049/3421/2722 5047/3422/2722 5069/3422/2722 5071/3421/2722
f 5037/3423/2723 5057/3424/2723 5079/3424/2723 5061/3423/2723
f 5042/3425/2724 5044/3426/2724 5066/3426/2724 5064/3425/2724
f 5052/3388/2725 5054/3427/2725 5076/3427/2725 5074/3388/2725
f 5045/3428/2726 5043/3411/2726 5065/3411/2726 5067/3428/2726
f 5055/3429/2727 5053/3413/2727 5075/3413/2727 5077/3429/2727
f 5038/3383/2728 5040/3430/2728 5062/3430/2728 5059/3383/2728
f 5048/3418/2729 5050/3387/2729 5072/3387/2729 5070/3418/2729
f 5041/3412/2730 5039/3415/2730 5060/3415/2730 5063/3412/2730
f 5051/3414/2731 5049/3421/2731 5071/3421/2731 5073/3414/2731
f 5044/3426/2732 5046/3417/2732 5068/3417/2732 5066/3426/2732
f 5054/3427/2733 5056/3419/2733 5078/3419/2733 5076/3427/2733
f 5047/3422/2734 5045/3428/2734 5067/3428/2734 5069/3422/2734
f 5057/3424/2735 5055/3429/2735 5077/3429/2735 5079/3424/2735
f 5040/3430/2736 5042/3425/2736 5064/3425/2736 5062/3430/2736
f 5038/3431/2713 5036/3432/2713 5113/3432/2713 5114/3431/2713
f 5112/3433/2737 5111/3434/2737 5081/3435/2737 5080/3436/2737
f 5111/3434/2737 5110/3437/2737 5082/3438/2737 5081/3435/2737
f 5088/3367/2714 5091/3439/2714 5124/3439/2714 5121/3367/2714
f 5109/3440/2738 5108/3441/2738 5111/3434/2738 5112/3433/2738
f 5108/3441/2738 5107/3442/2738 5110/3437/2738 5111/3434/2738
f 5046/3371/2713 5044/3443/2713 5125/3443/2713 5128/3371/2713
f 5106/3444/2739 5105/3445/2739 5108/3441/2739 5109/3440/2739
f 5105/3445/2739 5104/3446/2739 5107/3442/2739 5108/3441/2739
f 5053/3447/2714 5055/3372/2714 5141/3372/2714 5138/3447/2714
f 5103/3448/2740 5102/3449/2740 5105/3445/2740 5106/3444/2740
f 5102/3449/2740 5101/3450/2740 5104/3446/2740 5105/3445/2740
f 5092/3451/2713 5089/3374/2713 5149/3374/2713 5150/3451/2713
f 5100/3452/2741 5099/3453/2741 5102/3449/2741 5103/3448/2741
f 5099/3453/2741 5098/3454/2741 5101/3450/2741 5102/3449/2741
f 5103/3377/2714 5106/3455/2714 5139/3455/2714 5136/3377/2714
f 5097/3456/2742 5096/3457/2742 5099/3453/2742 5100/3452/2742
f 5096/3457/2742 5095/3458/2742 5098/3454/2742 5099/3453/2742
f 5054/3379/2713 5052/3459/2713 5137/3459/2713 5140/3379/2713
f 5094/3460/2743 5093/3461/2743 5096/3457/2743 5097/3456/2743
f 5093/3461/2743 5092/3462/2743 5095/3458/2743 5096/3457/2743
f 5043/3463/2714 5045/3384/2714 5126/3384/2714 5123/3463/2714
f 5091/3464/2744 5090/3465/2744 5093/3461/2744 5094/3460/2744
f 5090/3465/2744 5089/3466/2744 5092/3462/2744 5093/3461/2744
f 5107/3467/2713 5104/3386/2713 5154/3386/2713 5155/3467/2713
f 5088/3468/2745 5087/3469/2745 5090/3465/2745 5091/3464/2745
f 5087/3469/2745 5086/3470/2745 5089/3466/2745 5090/3465/2745
f 5091/3439/2714 5094/3471/2714 5127/3471/2714 5124/3439/2714
f 5085/3472/2746 5084/3473/2746 5087/3469/2746 5088/3468/2746
f 5084/3473/2746 5083/3474/2746 5086/3470/2746 5087/3469/2746
f 5044/3443/2713 5042/3475/2713 5122/3475/2713 5125/3443/2713
f 5080/3476/2747 5081/3477/2747 5084/3473/2747 5085/3472/2747
f 5081/3477/2747 5082/3478/2747 5083/3474/2747 5084/3473/2747
f 5117/3479/2747 5116/3380/2747 5115/3381/2747 5147/3480/2747
f 5147/3480/2746 5115/3381/2746 5120/3481/2746 5148/3375/2746
f 5148/3375/2745 5120/3481/2745 5123/3463/2745 5149/3374/2745
f 5149/3374/2744 5123/3463/2744 5126/3384/2744 5150/3451/2744
f 5150/3451/2743 5126/3384/2743 5129/3385/2743 5151/3482/2743
f 5151/3482/2742 5129/3385/2742 5132/3483/2742 5152/3365/2742
f 5152/3365/2741 5132/3483/2741 5135/3484/2741 5153/3364/2741
f 5153/3364/2740 5135/3484/2740 5138/3447/2740 5154/3386/2740
f 5154/3386/2739 5138/3447/2739 5141/3372/2739 5155/3467/2739
f 5155/3467/2738 5141/3372/2738 5144/3373/2738 5156/3485/2738
f 5156/3485/2737 5144/3373/2737 5116/3486/2737 5117/3487/2737
f 5143/3378/2737 5145/3368/2737 5146/3369/2737 5113/3488/2737
f 5140/3379/2738 5142/3489/2738 5145/3368/2738 5143/3378/2738
f 5137/3459/2739 5139/3455/2739 5142/3489/2739 5140/3379/2739
f 5134/3490/2740 5136/3377/2740 5139/3455/2740 5137/3459/2740
f 5131/3370/2741 5133/3376/2741 5136/3377/2741 5134/3490/2741
f 5128/3371/2742 5130/3491/2742 5133/3376/2742 5131/3370/2742
f 5125/3443/2743 5127/3471/2743 5130/3491/2743 5128/3371/2743
f 5122/3475/2744 5124/3439/2744 5127/3471/2744 5125/3443/2744
f 5119/3492/2745 5121/3367/2745 5124/3439/2745 5122/3475/2745
f 5114/3431/2746 5118/3366/2746 5121/3367/2746 5119/3492/2746
f 5113/3432/2747 5146/3493/2747 5118/3366/2747 5114/3431/2747
f 5047/3385/2714 5049/3483/2714 5132/3483/2714 5129/3385/2714
f 5040/3492/2713 5038/3431/2713 5114/3431/2713 5119/3492/2713
f 5036/3488/2713 5056/3378/2713 5143/3378/2713 5113/3488/2713
f 5097/3491/2714 5100/3376/2714 5133/3376/2714 5130/3491/2714
f 5082/3487/2713 5110/3485/2713 5156/3485/2713 5117/3487/2713
f 5086/3375/2713 5083/3480/2713 5147/3480/2713 5148/3375/2713
f 5039/3381/2714 5041/3481/2714 5120/3481/2714 5115/3381/2714
f 5057/3373/2714 5037/3486/2714 5116/3486/2714 5144/3373/2714
f 5050/3490/2713 5048/3370/2713 5131/3370/2713 5134/3490/2713
f 5109/3489/2714 5112/3368/2714 5145/3368/2714 5142/3489/2714
f 5080/3493/2714 5085/3366/2714 5118/3366/2714 5146/3493/2714
f 5098/3365/2713 5095/3482/2713 5151/3482/2713 5152/3365/2713
f 5049/3483/2714 5051/3484/2714 5135/3484/2714 5132/3483/2714
f 5042/3475/2713 5040/3492/2713 5119/3492/2713 5122/3475/2713
f 5094/3471/2714 5097/3491/2714 5130/3491/2714 5127/3471/2714
f 5110/3485/2713 5107/3467/2713 5155/3467/2713 5156/3485/2713
f 5083/3480/2713 5082/3479/2713 5117/3479/2713 5147/3480/2713
f 5041/3481/2714 5043/3463/2714 5123/3463/2714 5120/3481/2714
f 5052/3459/2713 5050/3490/2713 5134/3490/2713 5137/3459/2713
f 5106/3455/2714 5109/3489/2714 5142/3489/2714 5139/3455/2714
f 5095/3482/2713 5092/3451/2713 5150/3451/2713 5151/3482/2713
f 5051/3484/2714 5053/3447/2714 5138/3447/2714 5135/3484/2714
o Cylinder.005
v -4.386729 -1.390424 -2.029343
v -4.386729 -0.282664 -2.029343
v -4.007514 -1.390424 -1.917995
v -4.007514 -0.282664 -1.917995
v -3.748697 -1.390424 -1.619304
v -3.748697 -0.282664 -1.619304
v -3.692451 -1.390424 -1.228103
v -3.692451 -0.282664 -1.228103
v -3.856633 -1.390424 -0.868594
v -3.856633 -0.282664 -0.868594
v -4.189117 -1.390424 -0.654919
v -4.189117 -0.282664 -0.654919
v -4.584342 -1.390424 -0.654919
v -4.584342 -0.282664 -0.654919
v -4.916825 -1.390424 -0.868594
v -4.916825 -0.282664 -0.868594
v -5.081008 -1.390424 -1.228103
v -5.081008 -0.282664 -1.228103
v -5.024761 -1.390424 -1.619304
v -5.024761 -0.282664 -1.619304
v -4.765944 -1.390424 -1.917995
v -4.765944 -0.282664 -1.917995
v -4.386729 -1.607141 -1.916356
v -4.068599 -1.607141 -1.822944
v -4.068599 -0.065948 -1.822944
v -4.386729 -0.065948 -1.916356
v -3.851474 -1.607141 -1.572368
v -3.851474 -0.065948 -1.572368
v -3.804287 -1.607141 -1.244182
v -3.804287 -0.065948 -1.244182
v -3.942023 -1.607141 -0.942584
v -3.942023 -0.065948 -0.942584
v -4.220949 -1.607141 -0.763329
v -4.220949 -0.065948 -0.763329
v -4.552509 -1.607141 -0.763329
v -4.552509 -0.065948 -0.763329
v -4.831436 -1.607141 -0.942584
v -4.831436 -0.065948 -0.942584
v -4.969171 -1.607141 -1.244182
v -4.969171 -0.065948 -1.244182
v -4.921985 -1.607141 -1.572368
v -4.921985 -0.065948 -1.572368
v -4.704859 -1.607141 -1.822944
v -4.704859 -0.065948 -1.822944
v -4.386729 -1.113484 -2.029343
v -4.386729 -0.836544 -2.029343
v -4.386729 -0.559604 -2.029343
v -4.007514 -0.559604 -1.917995
v -4.007514 -0.836544 -1.917995
v -4.007514 -1.113484 -1.917995
v -3.748697 -0.559604 -1.619304
v -3.748697 -0.836544 -1.619304
v -3.748697 -1.113484 -1.619304
v -3.692451 -0.559604 -1.228103
v -3.692451 -0.836544 -1.228103
v -3.692451 -1.113484 -1.228103
v -3.856633 -0.559604 -0.868594
v -3.856633 -0.836544 -0.868594
v -3.856633 -1.113484 -0.868594
v -4.189117 -0.559604 -0.654919
v -4.189117 -0.836544 -0.654919
v -4.189117 -1.113484 -0.654919
v -4.584342 -0.559604 -0.654919
v -4.584342 -0.836544 -0.654919
v -4.584342 -1.113484 -0.654919
v -4.916825 -0.559604 -0.868594
v -4.916825 -0.836544 -0.868594
v -4.916825 -1.113484 -0.868594
v -5.081008 -0.559604 -1.228103
v -5.081008 -0.836544 -1.228103
v -5.081008 -1.113484 -1.228103
v -5.024761 -0.559604 -1.619304
v -5.024761 -0.836544 -1.619304
v -5.024761 -1.113484 -1.619304
v -4.765944 -0.559604 -1.917995
v -4.765944 -0.836544 -1.917995
v -4.765944 -1.113484 -1.917995
v -4.386729 -1.390424 -2.064310
v -3.988610 -1.390424 -1.947411
v -3.988610 -0.282664 -1.947411
v -4.386729 -0.282664 -2.064310
v -4.386729 -0.559604 -2.064310
v -3.988610 -1.113484 -1.947411
v -3.716890 -1.390424 -1.633830
v -3.716890 -0.282664 -1.633830
v -3.716890 -1.113484 -1.633830
v -3.657840 -1.390424 -1.223126
v -3.657840 -0.282664 -1.223126
v -3.657840 -1.113484 -1.223126
v -3.830207 -1.390424 -0.845695
v -3.830207 -0.282664 -0.845695
v -3.830207 -1.113484 -0.845695
v -4.179265 -1.390424 -0.621369
v -4.179265 -0.282664 -0.621369
v -4.179265 -1.113484 -0.621369
v -4.594193 -1.390424 -0.621369
v -4.594193 -0.282664 -0.621369
v -4.594193 -1.113484 -0.621369
v -4.943252 -1.390424 -0.845695
v -4.943252 -0.282664 -0.845695
v -4.943252 -1.113484 -0.845695
v -5.115619 -1.390424 -1.223126
v -5.115619 -0.282664 -1.223126
v -5.115619 -1.113484 -1.223126
v -5.056568 -1.390424 -1.633830
v -5.056568 -0.282664 -1.633830
v -5.056568 -1.113484 -1.633830
v -4.784849 -1.390424 -1.947411
v -4.784849 -0.282664 -1.947411
v -4.784849 -1.113484 -1.947411
v -4.386729 -1.113484 -2.064310
v -3.988610 -0.559604 -1.947411
v -3.716890 -0.559604 -1.633830
v -3.657840 -0.559604 -1.223126
v -3.830207 -0.559604 -0.845695
v -4.179265 -0.559604 -0.621369
v -4.594193 -0.559604 -0.621369
v -4.943252 -0.559604 -0.845695
v -5.115619 -0.559604 -1.223126
v -5.056568 -0.559604 -1.633830
v -4.784849 -0.559604 -1.947411
vn -0.0000 -1.0000 -0.0000
vn -0.0000 1.0000 -0.0000
vn 0.2520 -0.4474 -0.8581
vn -0.8135 -0.4474 0.3715
vn 0.8852 0.4474 -0.1273
vn -0.8135 0.4474 0.3715
vn 0.2520 0.4474 -0.8581
vn -0.0000 -0.4474 0.8943
vn -0.2520 -0.4474 -0.8581
vn -0.0000 0.4474 0.8943
vn -0.2520 0.4474 -0.8581
vn 0.8135 -0.4474 0.3715
vn -0.8852 -0.4474 -0.1273
vn 0.8135 0.4474 0.3715
vn -0.8852 0.4474 -0.1273
vn 0.6759 -0.4474 -0.5857
vn -0.4835 -0.4474 0.7524
vn 0.6759 0.4474 -0.5857
vn -0.4835 0.4474 0.7524
vn 0.4835 -0.4474 0.7524
vn -0.6759 -0.4474 -0.5857
vn 0.4835 0.4474 0.7524
vn -0.6759 0.4474 -0.5857
vn 0.8852 -0.4474 -0.1273
vn -0.2817 -0.0000 -0.9595
vn -0.7557 -0.0000 -0.6549
vn -0.9898 -0.0000 -0.1423
vn -0.9096 -0.0000 0.4154
vn -0.5406 -0.0000 0.8413
vn -0.0000 -0.0000 1.0000
vn 0.5406 -0.0000 0.8413
vn 0.9096 -0.0000 0.4154
vn 0.9898 -0.0000 -0.1423
vn 0.7557 -0.0000 -0.6549
vn 0.2817 -0.0000 -0.9595
vt 0.360536 0.068898
vt 0.451445 0.068898
vt 0.955597 0.212648
vt 0.864688 0.212648
vt 0.137415 0.212648
vt 0.046506 0.212648
vt 0.501051 0.087648
vt 0.591960 0.087648
vt 0.178718 0.193898
vt 0.087809 0.193898
vt 0.724172 0.068898
vt 0.815081 0.068898
vt 0.501051 0.212648
vt 0.410142 0.212648
vt 0.137415 0.087648
vt 0.228324 0.087648
vt 0.996900 0.193898
vt 0.905990 0.193898
vt 1.000000 0.500000
vt 0.909091 0.500000
vt 0.633263 0.193898
vt 0.542354 0.193898
vt 0.269627 0.068898
vt 0.363636 0.500000
vt 0.272727 0.500000
vt 0.461790 0.900087
vt 0.410521 0.915141
vt 0.359253 0.900087
vt 0.324262 0.859705
vt 0.316658 0.806816
vt 0.338854 0.758212
vt 0.383805 0.729324
vt 0.437238 0.729324
vt 0.482188 0.758212
vt 0.504385 0.806816
vt 0.496780 0.859705
vt 0.608081 0.915141
vt 0.659349 0.900087
vt 0.694340 0.859705
vt 0.701945 0.806816
vt 0.679748 0.758212
vt 0.634797 0.729324
vt 0.581365 0.729324
vt 0.536414 0.758212
vt 0.514218 0.806816
vt 0.521822 0.859705
vt 0.556813 0.900087
vt 0.661244 0.755069
vt 0.718300 0.755069
vt 0.375961 0.755069
vt 0.433017 0.755069
vt 0.775357 0.755069
vt 0.832414 0.755069
vt 0.545454 0.500000
vt 0.454545 0.500000
vt 0.090909 0.500000
vt -0.000000 0.500000
vt 0.490074 0.755069
vt 0.547130 0.755069
vt 0.204791 0.755069
vt 0.261847 0.755069
vt 0.727273 0.500000
vt 0.636364 0.500000
vt 0.181818 0.500000
vt 0.604187 0.755069
vt 0.318904 0.755069
vt 0.818182 0.500000
vt 0.955597 0.087648
vt 1.046506 0.087648
vt 0.090909 0.625000
vt 0.090909 0.750000
vt -0.000000 0.750000
vt -0.000000 0.625000
vt 0.090909 0.875000
vt -0.000000 0.875000
vt 0.773778 0.212648
vt 0.181818 0.625000
vt 0.181818 0.750000
vt 0.181818 0.875000
vt 0.682869 0.087648
vt 0.272727 0.625000
vt 0.272727 0.750000
vt 0.272727 0.875000
vt 0.269627 0.193898
vt 0.363636 0.625000
vt 0.363636 0.750000
vt 0.363636 0.875000
vt 0.633263 0.068898
vt 0.454545 0.625000
vt 0.454545 0.750000
vt 0.454545 0.875000
vt 0.319233 0.212648
vt 0.545454 0.625000
vt 0.545454 0.750000
vt 0.545454 0.875000
vt 0.319233 0.087648
vt 0.636364 0.625000
vt 0.636364 0.750000
vt 0.636364 0.875000
vt 0.724172 0.193898
vt 0.727273 0.625000
vt 0.727273 0.750000
vt 0.727273 0.875000
vt 0.178718 0.068898
vt 0.818182 0.625000
vt 0.818182 0.750000
vt 0.818182 0.875000
vt 0.682869 0.212648
vt 0.909091 0.625000
vt 0.909091 0.750000
vt 0.909091 0.875000
vt 0.773778 0.087648
vt 1.000000 0.625000
vt 1.000000 0.750000
vt 1.000000 0.875000
vt 0.996900 0.068898
vt 0.905990 0.068898
vt 0.815081 0.193898
vt 0.542354 0.068898
vt 0.451445 0.193898
vt 0.360536 0.193898
vt 0.087809 0.068898
vt -0.003101 0.193898
vt -0.003101 0.068898
vt 0.046506 0.087648
vt 0.228324 0.212648
vt 0.410142 0.087648
vt 0.591960 0.212648
vt 0.864688 0.087648
vt 1.046506 0.212648
s 0
usemtl Barrel
f 5222/3494/2748 5219/3495/2748 5273/3495/2748 5274/3494/2748
f 5206/3496/2749 5209/3497/2749 5242/3497/2749 5239/3496/2749
f 5233/3498/2749 5201/3499/2749 5267/3499/2749 5266/3498/2749
f 5169/3500/2748 5167/3501/2748 5249/3501/2748 5252/3500/2748
f 5176/3502/2749 5178/3503/2749 5265/3503/2749 5262/3502/2749
f 5210/3504/2748 5207/3505/2748 5269/3505/2748 5270/3504/2748
f 5221/3506/2749 5224/3507/2749 5257/3507/2749 5254/3506/2749
f 5177/3508/2748 5175/3509/2748 5261/3509/2748 5264/3508/2748
f 5158/3510/2749 5160/3511/2749 5236/3511/2749 5237/3510/2749
f 5157/3512/2750 5159/3513/2750 5180/3513/2750 5179/3512/2750
f 5166/3514/2749 5168/3515/2749 5250/3515/2749 5247/3514/2749
f 5225/3516/2748 5222/3494/2748 5274/3494/2748 5275/3516/2748
f 5171/3517/2751 5173/3518/2751 5195/3518/2751 5193/3517/2751
f 5181/3519/2749 5182/3520/2749 5200/3521/2749 5198/3522/2749 5196/3523/2749 5194/3524/2749 5192/3525/2749 5190/3526/2749 5188/3527/2749 5186/3528/2749 5184/3529/2749
f 5179/3530/2748 5180/3531/2748 5183/3532/2748 5185/3533/2748 5187/3534/2748 5189/3535/2748 5191/3536/2748 5193/3537/2748 5195/3538/2748 5197/3539/2748 5199/3540/2748
f 5164/3541/2752 5162/3542/2752 5184/3542/2752 5186/3541/2752
f 5174/3543/2753 5172/3544/2753 5194/3544/2753 5196/3543/2753
f 5160/3545/2754 5158/3546/2754 5182/3546/2754 5181/3545/2754
f 5167/3547/2755 5169/3548/2755 5191/3548/2755 5189/3547/2755
f 5177/3549/2756 5157/3550/2756 5179/3550/2756 5199/3549/2756
f 5170/3551/2757 5168/3552/2757 5190/3552/2757 5192/3551/2757
f 5158/3553/2758 5178/3554/2758 5200/3554/2758 5182/3553/2758
f 5163/3555/2759 5165/3556/2759 5187/3556/2759 5185/3555/2759
f 5173/3518/2760 5175/3557/2760 5197/3557/2760 5195/3518/2760
f 5166/3558/2761 5164/3541/2761 5186/3541/2761 5188/3558/2761
f 5176/3559/2762 5174/3543/2762 5196/3543/2762 5198/3559/2762
f 5159/3513/2763 5161/3560/2763 5183/3560/2763 5180/3513/2763
f 5169/3548/2764 5171/3517/2764 5193/3517/2764 5191/3548/2764
f 5162/3542/2765 5160/3545/2765 5181/3545/2765 5184/3542/2765
f 5172/3544/2766 5170/3551/2766 5192/3551/2766 5194/3544/2766
f 5165/3556/2767 5167/3547/2767 5189/3547/2767 5187/3556/2767
f 5175/3557/2768 5177/3549/2768 5199/3549/2768 5197/3557/2768
f 5168/3552/2769 5166/3558/2769 5188/3558/2769 5190/3552/2769
f 5178/3554/2770 5176/3559/2770 5198/3559/2770 5200/3554/2770
f 5161/3560/2771 5163/3555/2771 5185/3555/2771 5183/3560/2771
f 5159/3561/2748 5157/3562/2748 5234/3562/2748 5235/3561/2748
f 5233/3563/2772 5232/3564/2772 5202/3565/2772 5201/3566/2772
f 5232/3564/2772 5231/3567/2772 5203/3568/2772 5202/3565/2772
f 5209/3497/2749 5212/3569/2749 5245/3569/2749 5242/3497/2749
f 5230/3570/2773 5229/3571/2773 5232/3564/2773 5233/3563/2773
f 5229/3571/2773 5228/3572/2773 5231/3567/2773 5232/3564/2773
f 5167/3501/2748 5165/3573/2748 5246/3573/2748 5249/3501/2748
f 5227/3574/2774 5226/3575/2774 5229/3571/2774 5230/3570/2774
f 5226/3575/2774 5225/3576/2774 5228/3572/2774 5229/3571/2774
f 5174/3577/2749 5176/3502/2749 5262/3502/2749 5259/3577/2749
f 5224/3578/2775 5223/3579/2775 5226/3575/2775 5227/3574/2775
f 5223/3579/2775 5222/3580/2775 5225/3576/2775 5226/3575/2775
f 5213/3581/2748 5210/3504/2748 5270/3504/2748 5271/3581/2748
f 5221/3582/2776 5220/3583/2776 5223/3579/2776 5224/3578/2776
f 5220/3583/2776 5219/3584/2776 5222/3580/2776 5223/3579/2776
f 5224/3507/2749 5227/3585/2749 5260/3585/2749 5257/3507/2749
f 5218/3586/2777 5217/3587/2777 5220/3583/2777 5221/3582/2777
f 5217/3587/2777 5216/3588/2777 5219/3584/2777 5220/3583/2777
f 5175/3509/2748 5173/3589/2748 5258/3589/2748 5261/3509/2748
f 5215/3590/2778 5214/3591/2778 5217/3587/2778 5218/3586/2778
f 5214/3591/2778 5213/3592/2778 5216/3588/2778 5217/3587/2778
f 5164/3593/2749 5166/3514/2749 5247/3514/2749 5244/3593/2749
f 5212/3594/2779 5211/3595/2779 5214/3591/2779 5215/3590/2779
f 5211/3595/2779 5210/3596/2779 5213/3592/2779 5214/3591/2779
f 5228/3597/2748 5225/3516/2748 5275/3516/2748 5276/3597/2748
f 5209/3598/2780 5208/3599/2780 5211/3595/2780 5212/3594/2780
f 5208/3599/2780 5207/3600/2780 5210/3596/2780 5211/3595/2780
f 5212/3569/2749 5215/3601/2749 5248/3601/2749 5245/3569/2749
f 5206/3602/2781 5205/3603/2781 5208/3599/2781 5209/3598/2781
f 5205/3603/2781 5204/3604/2781 5207/3600/2781 5208/3599/2781
f 5165/3573/2748 5163/3605/2748 5243/3605/2748 5246/3573/2748
f 5201/3606/2782 5202/3607/2782 5205/3603/2782 5206/3602/2782
f 5202/3607/2782 5203/3608/2782 5204/3604/2782 5205/3603/2782
f 5238/3609/2782 5237/3510/2782 5236/3511/2782 5268/3610/2782
f 5268/3610/2781 5236/3511/2781 5241/3611/2781 5269/3505/2781
f 5269/3505/2780 5241/3611/2780 5244/3593/2780 5270/3504/2780
f 5270/3504/2779 5244/3593/2779 5247/3514/2779 5271/3581/2779
f 5271/3581/2778 5247/3514/2778 5250/3515/2778 5272/3612/2778
f 5272/3612/2777 5250/3515/2777 5253/3613/2777 5273/3495/2777
f 5273/3495/2776 5253/3613/2776 5256/3614/2776 5274/3494/2776
f 5274/3494/2775 5256/3614/2775 5259/3577/2775 5275/3516/2775
f 5275/3516/2774 5259/3577/2774 5262/3502/2774 5276/3597/2774
f 5276/3597/2773 5262/3502/2773 5265/3503/2773 5277/3615/2773
f 5277/3615/2772 5265/3503/2772 5237/3616/2772 5238/3617/2772
f 5264/3508/2772 5266/3498/2772 5267/3499/2772 5234/3618/2772
f 5261/3509/2773 5263/3619/2773 5266/3498/2773 5264/3508/2773
f 5258/3589/2774 5260/3585/2774 5263/3619/2774 5261/3509/2774
f 5255/3620/2775 5257/3507/2775 5260/3585/2775 5258/3589/2775
f 5252/3500/2776 5254/3506/2776 5257/3507/2776 5255/3620/2776
f 5249/3501/2777 5251/3621/2777 5254/3506/2777 5252/3500/2777
f 5246/3573/2778 5248/3601/2778 5251/3621/2778 5249/3501/2778
f 5243/3605/2779 5245/3569/2779 5248/3601/2779 5246/3573/2779
f 5240/3622/2780 5242/3497/2780 5245/3569/2780 5243/3605/2780
f 5235/3561/2781 5239/3496/2781 5242/3497/2781 5240/3622/2781
f 5234/3562/2782 5267/3623/2782 5239/3496/2782 5235/3561/2782
f 5168/3515/2749 5170/3613/2749 5253/3613/2749 5250/3515/2749
f 5161/3622/2748 5159/3561/2748 5235/3561/2748 5240/3622/2748
f 5157/3618/2748 5177/3508/2748 5264/3508/2748 5234/3618/2748
f 5218/3621/2749 5221/3506/2749 5254/3506/2749 5251/3621/2749
f 5203/3617/2748 5231/3615/2748 5277/3615/2748 5238/3617/2748
f 5207/3505/2748 5204/3610/2748 5268/3610/2748 5269/3505/2748
f 5160/3511/2749 5162/3611/2749 5241/3611/2749 5236/3511/2749
f 5178/3503/2749 5158/3616/2749 5237/3616/2749 5265/3503/2749
f 5171/3620/2748 5169/3500/2748 5252/3500/2748 5255/3620/2748
f 5230/3619/2749 5233/3498/2749 5266/3498/2749 5263/3619/2749
f 5201/3623/2749 5206/3496/2749 5239/3496/2749 5267/3623/2749
f 5219/3495/2748 5216/3612/2748 5272/3612/2748 5273/3495/2748
f 5170/3613/2749 5172/3614/2749 5256/3614/2749 5253/3613/2749
f 5163/3605/2748 5161/3622/2748 5240/3622/2748 5243/3605/2748
f 5215/3601/2749 5218/3621/2749 5251/3621/2749 5248/3601/2749
f 5231/3615/2748 5228/3597/2748 5276/3597/2748 5277/3615/2748
f 5204/3610/2748 5203/3609/2748 5238/3609/2748 5268/3610/2748
f 5162/3611/2749 5164/3593/2749 5244/3593/2749 5241/3611/2749
f 5173/3589/2748 5171/3620/2748 5255/3620/2748 5258/3589/2748
f 5227/3585/2749 5230/3619/2749 5263/3619/2749 5260/3585/2749
f 5216/3612/2748 5213/3581/2748 5271/3581/2748 5272/3612/2748
f 5172/3614/2749 5174/3577/2749 5259/3577/2749 5256/3614/2749
